symbol,company_name,market_cap,price,volume,dollar_volume,exchange,exchange_short_name,country,sector,industry,is_etf,is_fund,is_actively_trading,reason,core_reason
TSM,Taiwan Semiconductor Manufacturing Company Limited,2096634540000,404.25,11904676,4812465273.00,New York Stock Exchange,NYSE,TW,Technology,Semiconductors,False,False,True,,non_us_company
SKHY,SK hynix Inc.,1020274409394,143.73,45673756,6564688949.88,NASDAQ,NASDAQ,KR,Technology,Semiconductors,False,False,True,,non_us_company
ASML,ASML Holding N.V.,627845907339,1629,1595937,2599781373,NASDAQ,NASDAQ,NL,Technology,Semiconductors,False,False,True,,non_us_company
HSBC,HSBC Holdings plc,365735742400,106.42,1346639,143309322.38,New York Stock Exchange,NYSE,GB,Financial Services,Banks - Diversified,False,False,True,,non_us_company
NVS,Novartis AG,296796622266,156.15,1265334,197581904.10,New York Stock Exchange,NYSE,CH,Healthcare,Drug Manufacturers - General,False,False,True,,non_us_company
BABA,Alibaba Group Holding Limited,293017630362,122.25,16933673,2070141524.25,New York Stock Exchange,NYSE,CN,Consumer Cyclical,Specialty Retail,False,False,True,,non_us_company
RY,Royal Bank of Canada,291172807800,209.51,787622,165014685.22,New York Stock Exchange,NYSE,CA,Financial Services,Banks - Diversified,False,False,True,,non_us_company
SHEL,Shell plc,256448978100,91.98,6598909,606967649.82,New York Stock Exchange,NYSE,GB,Energy,Oil & Gas Integrated,False,False,True,,non_us_company
MUFG,"Mitsubishi UFJ Financial Group, Inc.",253406507952,22.45,4723455,106041564.75,New York Stock Exchange,NYSE,JP,Financial Services,Banks - Diversified,False,False,True,,non_us_company
TM,Toyota Motor Corporation,223784050820,188.99,302148,57102950.52,New York Stock Exchange,NYSE,JP,Consumer Cyclical,Auto - Manufacturers,False,False,True,,non_us_company
LIN,Linde plc,221298588000,478.38,5213960,2494254184.80,NASDAQ Global Select,NASDAQ,GB,Basic Materials,Chemicals - Specialty,False,False,True,,non_us_company
BHP,BHP Group Limited,214633758513,84.49,1937455,163695572.95,New York Stock Exchange,NYSE,AU,Basic Materials,Industrial Materials,False,False,True,,non_us_company
SAP,SAP SE,213960480814,183.62,2895852,531736344.24,New York Stock Exchange,NYSE,DE,Technology,Software - Application,False,False,True,,non_us_company
NVO,Novo Nordisk A/S,209191020656,47.075,25172261,1184984186.575,New York Stock Exchange,NYSE,DK,Healthcare,Drug Manufacturers - General,False,False,True,,non_us_company
SAN,"Banco Santander, S.A.",206962940197,14.1,11765399,165892125.9,New York Stock Exchange,NYSE,ES,Financial Services,Banks - Diversified,False,False,True,,non_us_company
TD,The Toronto-Dominion Bank,202604840000,119.92,1070634,128390429.28,New York Stock Exchange,NYSE,CA,Financial Services,Banks - Diversified,False,False,True,,non_us_company
TTE,TotalEnergies SE,195664479011,87.86,951787,83624005.82,New York Stock Exchange,NYSE,FR,Energy,Oil & Gas Integrated,False,False,True,,non_us_company
STX,Seagate Technology Holdings plc,191969173770,856.13,6018075,5152254549.75,NASDAQ Global Select,NASDAQ,SG,Technology,Computer Hardware,False,False,True,,non_us_company
UBS,UBS Group AG,172871444349,52.74,1922566,101396130.84,New York Stock Exchange,NYSE,CH,Financial Services,Banks - Diversified,False,False,True,,non_us_company
BUD,Anheuser-Busch InBev SA/NV,166996770735,86.48,1712004,148054105.92,New York Stock Exchange,NYSE,BE,Consumer Defensive,Beverages - Alcoholic,False,False,True,,non_us_company
ETN,Eaton Corporation plc,161222160000,415.2,4430408,1839505401.6,New York Stock Exchange,NYSE,IE,Industrials,Electrical Equipment & Parts,False,False,True,,non_us_company
RIO,Rio Tinto Group,157383163950,96.85,2574202,249311463.70,New York Stock Exchange,NYSE,GB,Basic Materials,Industrial Materials,False,False,True,,non_us_company
BBVA,"Banco Bilbao Vizcaya Argentaria, S.A.",154431733750,27.95,2024944,56597184.80,New York Stock Exchange,NYSE,ES,Financial Services,Banks - Diversified,False,False,True,,non_us_company
SHOP,Shopify Inc.,152020247636,117.15,12057784,1412569395.60,NASDAQ Global Select,NASDAQ,CA,Technology,Software - Application,False,False,True,,non_us_company
UL,Unilever PLC,136601626600,63.41,5469890,346845724.90,New York Stock Exchange,NYSE,GB,Consumer Defensive,Household & Personal Products,False,False,True,,non_us_company
SONY,Sony Group Corporation,136593467748,23.26,9664398,224793897.48,New York Stock Exchange,NYSE,JP,Technology,Consumer Electronics,False,False,True,,non_us_company
CB,Chubb Limited,135292344000,350.68,846578,296877973.04,New York Stock Exchange,NYSE,CH,Financial Services,Insurance - Property & Casualty,False,False,True,,non_us_company
AZN,AstraZeneca PLC,131470896350,169.64,1573391,266910049.24,New York Stock Exchange,NYSE,GB,Healthcare,Drug Manufacturers - General,False,False,True,,non_us_company
BTI,British American Tobacco p.l.c.,131189589000,60.65,4155087,252006026.55,New York Stock Exchange,NYSE,GB,Consumer Defensive,Tobacco,False,False,True,,non_us_company
MFG,"Mizuho Financial Group, Inc.",127182094335,10.44,3141648,32798805.12,New York Stock Exchange,NYSE,JP,Financial Services,Banks - Regional,False,False,True,,non_us_company
PDD,PDD Holdings Inc.,126055989523,88.56,4250977,376466523.12,NASDAQ,NASDAQ,IE,Consumer Cyclical,Specialty Retail,False,False,True,,non_us_company
BMO,Bank of Montreal,125689762280,179.45,492119,88310754.55,New York Stock Exchange,NYSE,CA,Financial Services,Banks - Diversified,False,False,True,,non_us_company
PBR,Petróleo Brasileiro S.A. - Petrobras,125020712428,19.4,11472478,222566073.2,New York Stock Exchange,NYSE,BR,Energy,Oil & Gas Integrated,False,False,True,,non_us_company
HDB,HDFC Bank Limited,122745069802,23.93,6187102,148057350.86,New York Stock Exchange,NYSE,IN,Financial Services,Banks - Regional,False,False,True,,non_us_company
ENB,Enbridge Inc.,118924302000,54.46,4153629,226206635.34,New York Stock Exchange,NYSE,CA,Energy,Oil & Gas Midstream,False,False,True,,non_us_company
BP,BP p.l.c.,118589676100,45.22,11863912,536486100.64,New York Stock Exchange,NYSE,GB,Energy,Oil & Gas Integrated,False,False,True,,non_us_company
PBR-A,Petróleo Brasileiro S.A. - Petrobras,110522197519,17.15,5852302,100366979.30,New York Stock Exchange,NYSE,BR,Energy,Oil & Gas Integrated,False,False,True,,non_us_company
CM,Canadian Imperial Bank of Commerce,109849734050,118.55,428350,50780892.50,New York Stock Exchange,NYSE,CA,Financial Services,Banks - Diversified,False,False,True,,non_us_company
MDT,Medtronic plc,109303469500,85.39,9602593,819965416.27,New York Stock Exchange,NYSE,IE,Healthcare,Medical - Devices,False,False,True,,non_us_company
IBN,ICICI Bank Limited,107256559712,29.99,4670955,140081940.45,New York Stock Exchange,NYSE,IN,Financial Services,Banks - Regional,False,False,True,,non_us_company
BNS,The Bank of Nova Scotia,106999835091,87.77,991762,87046950.74,New York Stock Exchange,NYSE,CA,Financial Services,Banks - Diversified,False,False,True,,non_us_company
GSK,GSK plc,103560915000,51.69,3981511,205804303.59,New York Stock Exchange,NYSE,GB,Healthcare,Drug Manufacturers - General,False,False,True,,non_us_company
SNY,Sanofi,103443696000,43.08,2943338,126799001.04,NASDAQ Global Select,NASDAQ,FR,Healthcare,Drug Manufacturers - General,False,False,True,,non_us_company
SPOT,Spotify Technology S.A.,102797693296,499.94,2295786,1147755252.84,New York Stock Exchange,NYSE,SE,Communication Services,Internet Content & Information,False,False,True,,non_us_company
ACN,Accenture plc,101533434725,165.92,4712014,781817362.88,New York Stock Exchange,NYSE,IE,Technology,Information Technology Services,False,False,True,,non_us_company
TT,Trane Technologies plc,100568972250,454.95,2203524,1002493243.80,New York Stock Exchange,NYSE,IE,Industrials,Industrial - Machinery,False,False,True,,non_us_company
SMFG,"Sumitomo Mitsui Financial Group, Inc.",100265952320,25.88,1551449,40151500.12,New York Stock Exchange,NYSE,JP,Financial Services,Banks - Diversified,False,False,True,,non_us_company
ING,ING Groep N.V.,99780304889,34.93,2536116,88586531.88,New York Stock Exchange,NYSE,NL,Financial Services,Banks - Diversified,False,False,True,,non_us_company
CNQ,Canadian Natural Resources Limited,99446652800,47.68,4541290,216528707.20,New York Stock Exchange,NYSE,CA,Energy,Oil & Gas Exploration & Production,False,False,True,,non_us_company
EQNR,Equinor ASA,98259825000,41.1,2366173,97249710.3,New York Stock Exchange,NYSE,NO,Energy,Oil & Gas Integrated,False,False,True,,non_us_company
MELI,"MercadoLibre, Inc.",95206772937,1877.95,317501,596251002.95,NASDAQ Global Select,NASDAQ,UY,Consumer Cyclical,Specialty Retail,False,False,True,,non_us_company
BN,Brookfield Corporation,94994824058,42.53,4139617,176057911.01,New York Stock Exchange,NYSE,CA,Financial Services,Asset Management,False,False,True,,non_us_company
BNH,Brookfield Finance Inc.,94815096926,15.09,25717,388069.53,New York Stock Exchange,NYSE,CA,Financial Services,Financial - Credit Services,False,False,True,,non_us_company
BNJ,Brookfield Finance Inc. 4.50% P,94593750352,15.39,19646,302351.94,New York Stock Exchange,NYSE,AU,Financial Services,Financial - Credit Services,False,False,True,,non_us_company
ITUB,Itaú Unibanco Holding S.A.,93239899658,8.46,9948540,84164648.40,New York Stock Exchange,NYSE,BR,Financial Services,Banks - Regional,False,False,True,,non_us_company
BCS,Barclays PLC,92721149043,27.5,4949211,136103302.5,New York Stock Exchange,NYSE,GB,Financial Services,Banks - Diversified,False,False,True,,non_us_company
LYG,Lloyds Banking Group plc,89553795987,6.17,15817191,97592068.47,New York Stock Exchange,NYSE,GB,Financial Services,Banks - Regional,False,False,True,,non_us_company
JCI,Johnson Controls International plc,88838043990,146.66,2627315,385322017.90,New York Stock Exchange,NYSE,IE,Basic Materials,Construction Materials,False,False,True,,non_us_company
NTES,"NetEase, Inc.",85082411182,133.27,677182,90248045.14,NASDAQ Global Select,NASDAQ,CN,Technology,Electronic Gaming & Multimedia,False,False,True,,non_us_company
E,Eni S.p.A.,80492920807,55.56,275148,15287222.88,New York Stock Exchange,NYSE,IT,Energy,Oil & Gas Integrated,False,False,True,,non_us_company
NGG,National Grid plc,80398518685,79.97,748906,59890012.82,New York Stock Exchange,NYSE,GB,Utilities,Regulated Electric,False,False,True,,non_us_company
SU,Suncor Energy Inc.,79440860000,67.28,2777485,186869190.80,New York Stock Exchange,NYSE,CA,Energy,Oil & Gas Integrated,False,False,True,,non_us_company
CP,Canadian Pacific Kansas City Ltd.,78141355510,88.89,2242884,199369958.76,New York Stock Exchange,NYSE,CA,Industrials,Railroads,False,False,True,,non_us_company
ASX,"ASE Technology Holding Co., Ltd.",77332305965,35.17,8760581,308109633.77,New York Stock Exchange,NYSE,TW,Technology,Semiconductors,False,False,True,,non_us_company
CNI,Canadian National Railway Company,76949329000,127.21,1433902,182406673.42,New York Stock Exchange,NYSE,CA,Industrials,Railroads,False,False,True,,non_us_company
AON,Aon plc,76481825950,360.55,917990,330981294.50,New York Stock Exchange,NYSE,IE,Financial Services,Insurance - Brokers,False,False,True,,non_us_company
AMX,"América Móvil, S.A.B. de C.V.",76075983497,25.35,819488,20774020.80,New York Stock Exchange,NYSE,MX,Communication Services,Telecommunications Services,False,False,True,,non_us_company
MFC,Manulife Financial Corporation,74165471600,44.44,1179209,52404047.96,New York Stock Exchange,NYSE,CA,Financial Services,Insurance - Life,False,False,True,,non_us_company
AEM,Agnico Eagle Mines Limited,73559623793,145.27,2411768,350357537.36,New York Stock Exchange,NYSE,CA,Basic Materials,Gold,False,False,True,,non_us_company
TRP,TC Energy Corporation,70194846450,67.43,937507,63216097.01,New York Stock Exchange,NYSE,CA,Energy,Oil & Gas Midstream,False,False,True,,non_us_company
NU,Nu Holdings Ltd.,69401909600,14.33,43036090,616707169.70,New York Stock Exchange,NYSE,BR,Financial Services,Banks - Regional,False,False,True,,non_us_company
RACE,Ferrari N.V.,69288047130,393.87,763758,300821363.46,New York Stock Exchange,NYSE,IT,Consumer Cyclical,Auto - Manufacturers,False,False,True,,non_us_company
DB,Deutsche Bank AG,68962236000,36.7,1602543,58813328.1,New York Stock Exchange,NYSE,DE,Financial Services,Banks - Regional,False,False,True,,non_us_company
IMO,Imperial Oil Limited,64325221373,129.57,887681,115016827.17,New York Stock Exchange American,AMEX,CA,Energy,Oil & Gas Integrated,False,False,True,,non_us_company
VALE,Vale S.A.,64223882055,15.06,28925486,435617819.16,New York Stock Exchange,NYSE,BR,Basic Materials,Steel,False,False,True,,non_us_company
SE,Sea Limited,64081282788,106.74,2551908,272390659.92,New York Stock Exchange,NYSE,SG,Consumer Cyclical,Specialty Retail,False,False,True,,non_us_company
CRH,CRH plc,63485701002,95.01,7495273,712125887.73,New York Stock Exchange,NYSE,IE,Basic Materials,Construction Materials,False,False,True,,non_us_company
RELX,RELX Plc,61869493715,35.42,3986388,141197862.96,New York Stock Exchange,NYSE,GB,Industrials,Specialty Business Services,False,False,True,,non_us_company
B,Barrick Mining Corporation,61541482300,36.73,6101264,224099426.72,New York Stock Exchange,NYSE,CA,Basic Materials,Gold,False,False,True,,non_us_company
TEL,TE Connectivity plc,59637896824,205.69,2270295,466976978.55,New York Stock Exchange,NYSE,IE,Technology,Semiconductors,False,False,True,,non_us_company
NXPI,NXP Semiconductors N.V.,57785942114,229.16,6293442,1442205168.72,NASDAQ Global Select,NASDAQ,NL,Technology,Semiconductors,False,False,True,,non_us_company
GRMN,Garmin Ltd.,56656354340,293.78,884702,259907753.56,New York Stock Exchange,NYSE,CH,Technology,"Hardware, Equipment & Parts",False,False,True,,non_us_company
CVE,Cenovus Energy Inc.,55677756550,30.19,4939902,149135641.38,New York Stock Exchange,NYSE,CA,Energy,Oil & Gas Integrated,False,False,True,,non_us_company
TAK,Takeda Pharmaceutical Company Limited,54382880164,17.09,4108357,70211821.13,New York Stock Exchange,NYSE,JP,Healthcare,Drug Manufacturers - Specialty & Generic,False,False,True,,non_us_company
MT,ArcelorMittal S.A.,53383554000,70.14,1276028,89500603.92,New York Stock Exchange,NYSE,LU,Basic Materials,Steel,False,False,True,,non_us_company
ARGX,argenx SE,53097160928,853.82,293920,250954774.40,NASDAQ Global Select,NASDAQ,NL,Healthcare,Biotechnology,False,False,True,,non_us_company
WPM,Wheaton Precious Metals Corp.,49513248750,109.03,1608348,175358182.44,New York Stock Exchange,NYSE,CA,Basic Materials,Gold,False,False,True,,non_us_company
NOK,Nokia Oyj,49148117200,9.1,86735470,789292777.0,New York Stock Exchange,NYSE,FI,Technology,Communication Equipment,False,False,True,,non_us_company
DEO,Diageo plc,48952113700,88.06,746395,65727543.70,New York Stock Exchange,NYSE,GB,Consumer Defensive,Beverages - Alcoholic,False,False,True,,non_us_company
INFY,Infosys Limited,48812687400,12.03,18088338,217602706.14,New York Stock Exchange,NYSE,IN,Technology,Information Technology Services,False,False,True,,non_us_company
CCEP,Coca-Cola Europacific Partners PLC,48514642280,109.46,2571787,281507805.02,NASDAQ Global Select,NASDAQ,GB,Consumer Defensive,Beverages - Non-Alcoholic,False,False,True,,non_us_company
ABEV,Ambev S.A.,48505827190,3.11,57167503,177790934.33,New York Stock Exchange,NYSE,BR,Consumer Defensive,Beverages - Alcoholic,False,False,True,,non_us_company
UMC,United Microelectronics Corporation,47467631027,19.03,16733939,318446859.17,New York Stock Exchange,NYSE,TW,Technology,Semiconductors,False,False,True,,non_us_company
FER,Ferrovial SE,47219099073,65.1,1628253,105999270.3,NASDAQ Global Select,NASDAQ,NL,Industrials,Engineering & Construction,False,False,True,,non_us_company
STM,STMicroelectronics N.V.,46760442347,52.39,10812521,566467975.19,New York Stock Exchange,NYSE,CH,Technology,Semiconductors,False,False,True,,non_us_company
VIK,Viking Holdings Ltd,46355293020,104.35,1535305,160209076.75,New York Stock Exchange,NYSE,BM,Consumer Cyclical,Travel Services,False,False,True,,non_us_company
JD,"JD.com, Inc.",46341083615,33.01,8189351,270330476.51,NASDAQ Global Select,NASDAQ,CN,Consumer Cyclical,Specialty Retail,False,False,True,,non_us_company
SLF,Sun Life Financial Inc.,45961267800,82.95,319691,26518368.45,New York Stock Exchange,NYSE,CA,Financial Services,Insurance - Diversified,False,False,True,,non_us_company
NBIS,Nebius Group N.V.,45698400000,190.41,25526075,4860419940.75,NASDAQ Global Select,NASDAQ,NL,Technology,Software - Infrastructure,False,False,True,,non_us_company
IX,ORIX Corporation,44752690787,40.31,170806,6885189.86,New York Stock Exchange,NYSE,JP,Financial Services,Financial - Credit Services,False,False,True,,non_us_company
WDS,Woodside Energy Group Ltd,44475856263,23.46,590464,13852285.44,New York Stock Exchange,NYSE,AU,Energy,Oil & Gas Exploration & Production,False,False,True,,non_us_company
FMX,"Fomento Económico Mexicano, S.A.B. de C.V.",43603761190,127.99,559072,71555625.28,New York Stock Exchange,NYSE,MX,Consumer Defensive,Beverages - Non-Alcoholic,False,False,True,,non_us_company
HLN,Haleon plc,43465501065,9.87,9895365,97667252.55,New York Stock Exchange,NYSE,GB,Healthcare,Drug Manufacturers - Specialty & Generic,False,False,True,,non_us_company
TRI,Thomson Reuters Corporation,42837556075,98.13,1777849,174460322.37,NASDAQ Global Select,NASDAQ,CA,Industrials,Specialty Business Services,False,False,True,,non_us_company
BSBR,Banco Santander (Brasil) S.A.,42454280267,5.67,12535652,71077146.84,New York Stock Exchange,NYSE,BR,Financial Services,Banks - Regional,False,False,True,,non_us_company
WCN,"Waste Connections, Inc.",42188129000,167.38,1359993,227635628.34,New York Stock Exchange,NYSE,CA,Industrials,Waste Management,False,False,True,,non_us_company
KB,KB Financial Group Inc.,41367324354,117.82,260617,30705894.94,New York Stock Exchange,NYSE,KR,Financial Services,Banks - Regional,False,False,True,,non_us_company
FNV,Franco-Nevada Corporation,41062899520,212.92,509801,108546828.92,New York Stock Exchange,NYSE,CA,Basic Materials,Gold,False,False,True,,non_us_company
TEVA,Teva Pharmaceutical Industries Limited,40766586854,35.01,4694711,164361832.11,New York Stock Exchange,NYSE,IL,Healthcare,Drug Manufacturers - Specialty & Generic,False,False,True,,non_us_company
HMC,"Honda Motor Co., Ltd.",40119335057,30.11,1204796,36276407.56,New York Stock Exchange,NYSE,JP,Consumer Cyclical,Auto - Manufacturers,False,False,True,,non_us_company
CRDO,Credo Technology Group Holding Ltd,38599060107,206.99,6407683,1326326304.17,NASDAQ Global Select,NASDAQ,KY,Technology,Semiconductors,False,False,True,,non_us_company
BBD,Banco Bradesco S.A.,38178560154,3.61,26732183,96503180.63,New York Stock Exchange,NYSE,BR,Financial Services,Banks - Regional,False,False,True,,non_us_company
CLS,Celestica Inc.,38109634080,331.44,3285491,1088943137.04,New York Stock Exchange,NYSE,CA,Technology,"Hardware, Equipment & Parts",False,False,True,,non_us_company
ESLT,Elbit Systems Ltd.,37886203472,808.65,63001,50945758.65,NASDAQ Global Select,NASDAQ,IL,Industrials,Aerospace & Defense,False,False,True,,non_us_company
BIDU,"Baidu, Inc.",37791263750,111.11,2865421,318376927.31,NASDAQ Global Select,NASDAQ,CN,Communication Services,Internet Content & Information,False,False,True,,non_us_company
NWG,NatWest Group plc,37659275759,18.94,5494055,104057401.70,New York Stock Exchange,NYSE,GB,Financial Services,Banks - Diversified,False,False,True,,non_us_company
PUK,Prudential plc,37649189400,30.26,1147080,34710640.80,New York Stock Exchange,NYSE,HK,Financial Services,Insurance - Life,False,False,True,,non_us_company
CCJ,Cameco Corporation,37621340540,86.38,5508520,475825957.60,New York Stock Exchange,NYSE,CA,Energy,Uranium,False,False,True,,non_us_company
BBDO,Banco Bradesco S.A.,36380677820,3.44,70563,242736.72,New York Stock Exchange,NYSE,BR,Financial Services,Banks - Diversified,False,False,True,,non_us_company
VOD,Vodafone Group Public Limited Company,36338898029,15.78,3325293,52473123.54,NASDAQ Global Select,NASDAQ,GB,Communication Services,Telecommunications Services,False,False,True,,non_us_company
ACGL,Arch Capital Group Ltd.,35124176700,100.53,1702880,171190526.40,NASDAQ,NASDAQ,BM,Financial Services,Insurance - Diversified,False,False,True,,non_us_company
EC,Ecopetrol S.A.,34476348506,16.77,2058755,34525321.35,New York Stock Exchange,NYSE,CO,Energy,Oil & Gas Integrated,False,False,True,,non_us_company
ONC,BeOne Medicines AG,33768345737,316.01,248321,78471919.21,NASDAQ,NASDAQ,CH,Healthcare,Biotechnology,False,False,True,,non_us_company
ALC,Alcon Inc.,33622038000,68.94,2171681,149715688.14,New York Stock Exchange,NYSE,CH,Healthcare,Medical - Specialties,False,False,True,,non_us_company
NTR,Nutrien Ltd.,33155226460,69.07,1927342,133121511.94,New York Stock Exchange,NYSE,CA,Basic Materials,Agricultural Inputs,False,False,True,,non_us_company
CHT,"Chunghwa Telecom Co., Ltd.",33054479750,42.61,113740,4846461.40,New York Stock Exchange,NYSE,TW,Communication Services,Telecommunications Services,False,False,True,,non_us_company
SHG,"Shinhan Financial Group Co., Ltd.",33047799050,69.93,276588,19341798.84,New York Stock Exchange,NYSE,KR,Financial Services,Banks - Regional,False,False,True,,non_us_company
ERIC,Telefonaktiebolaget LM Ericsson (publ),32212922794,9.81,12789540,125465387.40,NASDAQ Global Select,NASDAQ,SE,Technology,Communication Equipment,False,False,True,,non_us_company
BAP,Credicorp Ltd.,31825406824,400.58,270543,108374114.94,New York Stock Exchange,NYSE,PE,Financial Services,Banks - Diversified,False,False,True,,non_us_company
WTW,Willis Towers Watson Public Limited Company,31726964098,335.92,830284,278909001.28,NASDAQ Global Select,NASDAQ,GB,Financial Services,Insurance - Brokers,False,False,True,,non_us_company
JBS,Jbs N.V.,31097852990,14.02,2697158,37814155.16,New York Stock Exchange,NYSE,NL,Consumer Defensive,Packaged Foods,False,False,True,,non_us_company
TS,Tenaris S.A.,30761249779,57.33,1037794,59496730.02,New York Stock Exchange,NYSE,LU,Energy,Oil & Gas Equipment & Services,False,False,True,,non_us_company
RYAAY,Ryanair Holdings plc,30390386550,58.51,1120501,65560513.51,NASDAQ,NASDAQ,IE,Industrials,"Airlines, Airports & Air Services",False,False,True,,non_us_company
TCOM,Trip.com Group Limited,29602442486,47.01,2452708,115301803.08,NASDAQ Global Select,NASDAQ,SG,Consumer Cyclical,Travel Services,False,False,True,,non_us_company
TECK,Teck Resources Limited,29095920000,60.24,3930465,236771211.60,New York Stock Exchange,NYSE,CA,Basic Materials,Industrial Materials,False,False,True,,non_us_company
FTS,Fortis Inc.,29020580715,57,775306,44192442,New York Stock Exchange,NYSE,CA,Utilities,Regulated Electric,False,False,True,,non_us_company
GFI,Gold Fields Limited,29016678080,32.42,2980489,96627453.38,New York Stock Exchange,NYSE,ZA,Basic Materials,Gold,False,False,True,,non_us_company
FTI,TechnipFMC plc,28570985320,71.66,3417905,244927072.30,New York Stock Exchange,NYSE,GB,Energy,Oil & Gas Equipment & Services,False,False,True,,non_us_company
PBA,Pembina Pipeline Corporation,28449614550,48.93,1173548,57421703.64,New York Stock Exchange,NYSE,CA,Energy,Oil & Gas Midstream,False,False,True,,non_us_company
NMR,"Nomura Holdings, Inc.",28290693116,9.68,791886,7665456.48,New York Stock Exchange,NYSE,JP,Financial Services,Financial - Capital Markets,False,False,True,,non_us_company
KGC,Kinross Gold Corporation,27583710000,23.1,5080839,117367380.9,New York Stock Exchange,NYSE,CA,Basic Materials,Gold,False,False,True,,non_us_company
AMRZ,Amrize Ltd,27034315804,48.91,1666004,81484255.64,New York Stock Exchange,NYSE,CH,Basic Materials,Construction Materials,False,False,True,,non_us_company
PHG,Koninklijke Philips N.V.,25706340331,26.3,1220695,32104278.5,New York Stock Exchange,NYSE,NL,Healthcare,Medical - Devices,False,False,True,,non_us_company
NVT,nVent Electric plc,24877387600,153.83,4456889,685603234.87,New York Stock Exchange,NYSE,GB,Industrials,Electrical Equipment & Parts,False,False,True,,non_us_company
TSEM,Tower Semiconductor Ltd.,24549576715,219.67,1865903,409882912.01,NASDAQ Global Select,NASDAQ,IL,Technology,Semiconductors,False,False,True,,non_us_company
ROIV,Roivant Sciences Ltd.,24496787460,33.91,5174199,175457088.09,NASDAQ Global Market,NASDAQ,GB,Healthcare,Biotechnology,False,False,True,,non_us_company
SW,Smurfit Westrock plc,24109612379,45.97,4877257,224207504.29,New York Stock Exchange,NYSE,IE,Consumer Cyclical,Packaging & Containers,False,False,True,,non_us_company
IHG,InterContinental Hotels Group PLC,23975901351,162.28,392422,63682242.16,New York Stock Exchange,NYSE,GB,Consumer Cyclical,Travel Lodging,False,False,True,,non_us_company
AXIA,AXIA Energia S.A.,23860397833,10.47,1562766,16362160.02,New York Stock Exchange,NYSE,BR,Utilities,Renewable Utilities,False,False,True,,non_us_company
AER,AerCap Holdings N.V.,23794666500,150.9,1182391,178422801.9,New York Stock Exchange,NYSE,IE,Industrials,Rental & Leasing Services,False,False,True,,non_us_company
BSP,Bending Spoons S.p.A.,23570031232,35.2,1085402,38206150.4,NASDAQ,NASDAQ,IT,Technology,Software - Application,False,False,True,,non_us_company
BNTX,BioNTech SE,22906255184,90.58,695179,62969313.82,NASDAQ Global Select,NASDAQ,DE,Healthcare,Biotechnology,False,False,True,,non_us_company
KOF,"Coca-Cola FEMSA, S.A.B. de C.V.",22745712720,108.27,148881,16119345.87,New York Stock Exchange,NYSE,MX,Consumer Defensive,Beverages - Non-Alcoholic,False,False,True,,non_us_company
STE,STERIS plc,22259338680,228.4,533951,121954408.4,New York Stock Exchange,NYSE,IE,Healthcare,Medical - Specialties,False,False,True,,non_us_company
CIB,Grupo Cibest S.A.,21951779820,92.52,284272,26300845.44,New York Stock Exchange,NYSE,CO,Financial Services,Banks - Regional,False,False,True,,non_us_company
BCH,Banco de Chile,20885281538,41.35,323902,13393347.70,New York Stock Exchange,NYSE,CL,Financial Services,Banks - Regional,False,False,True,,non_us_company
AMCR,Amcor plc,20750074567,44.88,8642374,387869745.12,New York Stock Exchange,NYSE,CH,Consumer Cyclical,Packaging & Containers,False,False,True,,non_us_company
VIV,Telefônica Brasil S.A.,20642801627,12.92,1238836,16005761.12,New York Stock Exchange,NYSE,BR,Communication Services,Telecommunications Services,False,False,True,,non_us_company
YPF,YPF Sociedad Anónima,20599623442,52.54,950979,49964436.66,New York Stock Exchange,NYSE,AR,Energy,Oil & Gas Integrated,False,False,True,,non_us_company
AS,"Amer Sports, Inc.",20534431618,35.51,2816274,100005889.74,New York Stock Exchange,NYSE,FI,Consumer Cyclical,Leisure,False,False,True,,non_us_company
BCE,BCE Inc.,20217159713,21.68,4319070,93637437.60,New York Stock Exchange,NYSE,CA,Communication Services,Telecommunications Services,False,False,True,,non_us_company
LYB,LyondellBasell Industries N.V.,20038492800,62.08,6428487,399080472.96,New York Stock Exchange,NYSE,NL,Basic Materials,Chemicals - Specialty,False,False,True,,non_us_company
WIT,Wipro Limited,19586624350,1.98,5177467,10251384.66,New York Stock Exchange,NYSE,IN,Technology,Information Technology Services,False,False,True,,non_us_company
BIP,Brookfield Infrastructure Partners L.P.,19230020640,41.76,1184242,49453945.92,New York Stock Exchange,NYSE,BM,Utilities,Diversified Utilities,False,False,True,,non_us_company
SQM,Sociedad Química y Minera de Chile S.A.,19154791402,67.06,924929,62025738.74,New York Stock Exchange,NYSE,CL,Basic Materials,Chemicals - Specialty,False,False,True,,non_us_company
ZTO,ZTO Express (Cayman) Inc.,19025033722,24.02,1562119,37522098.38,New York Stock Exchange,NYSE,CN,Industrials,Integrated Freight & Logistics,False,False,True,,non_us_company
AQNB,Algonquin Power & Utilities Corp.,18872406449,25.71,14639,376368.69,New York Stock Exchange,NYSE,CA,Utilities,Diversified Utilities,False,False,True,,non_us_company
MGA,Magna International Inc.,18674635000,68.6,2480593,170168679.8,New York Stock Exchange,NYSE,CA,Consumer Cyclical,Auto - Parts,False,False,True,,non_us_company
SBS,Companhia de Saneamento Básico do Estado de São Paulo - SABESP,18625643930,5.45,5294573,28855422.85,New York Stock Exchange,NYSE,BR,Utilities,Regulated Water,False,False,True,,non_us_company
INIO,INNIO N.V. Ordinary Shares,18315000000,24.42,5398594,131833665.48,NASDAQ Global Select,NASDAQ,DE,Industrials,Industrial - Machinery,False,False,True,,non_us_company
RCI,Rogers Communications Inc.,18286627150,33.85,1362979,46136839.15,New York Stock Exchange,NYSE,CA,Communication Services,Telecommunications Services,False,False,True,,non_us_company
PAAS,Pan American Silver Corp.,18164398500,43.11,2872350,123827008.50,New York Stock Exchange,NYSE,CA,Basic Materials,Silver,False,False,True,,non_us_company
BEKE,KE Holdings Inc.,18043384243,16.95,2002331,33939510.45,New York Stock Exchange,NYSE,CN,Real Estate,Real Estate - Services,False,False,True,,non_us_company
GMAB,Genmab A/S,17724329318,28.87,2080063,60051418.81,NASDAQ Global Select,NASDAQ,DK,Healthcare,Biotechnology,False,False,True,,non_us_company
CX,"CEMEX, S.A.B. de C.V.",17148843980,11.82,3248606,38398522.92,New York Stock Exchange,NYSE,MX,Basic Materials,Construction Materials,False,False,True,,non_us_company
KSPI,Joint Stock Company Kaspi.kz,16870620675,88.78,279748,24836027.44,NASDAQ Global Select,NASDAQ,KZ,Technology,Software - Infrastructure,False,False,True,,non_us_company
YUMC,"Yum China Holdings, Inc.",16821902460,48.18,2416034,116404518.12,New York Stock Exchange,NYSE,CN,Consumer Cyclical,Restaurants,False,False,True,,non_us_company
WF,Woori Financial Group Inc.,16727841757,68.93,100941,6957863.13,New York Stock Exchange,NYSE,KR,Financial Services,Banks - Diversified,False,False,True,,non_us_company
STLA,Stellantis N.V.,16689644726,5.76,34102700,196431552.00,New York Stock Exchange,NYSE,NL,Consumer Cyclical,Auto - Manufacturers,False,False,True,,non_us_company
EMA,Emera Incorporated,16484951000,53.89,598082,32230638.98,New York Stock Exchange,NYSE,CA,Utilities,Regulated Electric,False,False,True,,non_us_company
BSAC,Banco Santander-Chile,16305301121,34.61,213235,7380063.35,New York Stock Exchange,NYSE,CL,Financial Services,Banks - Regional,False,False,True,,non_us_company
PKX,POSCO Holdings Inc.,16083027278,53.17,426313,22667062.21,New York Stock Exchange,NYSE,KR,Basic Materials,Steel,False,False,True,,non_us_company
TIGO,Millicom International Cellular S.A.,15996857073,95.48,2213197,211316049.56,NASDAQ,NASDAQ,LU,Communication Services,Telecommunications Services,False,False,True,,non_us_company
JAZZ,Jazz Pharmaceuticals plc,15884058336,252.86,561212,141908066.32,NASDAQ,NASDAQ,IE,Healthcare,Biotechnology,False,False,True,,non_us_company
GIB,CGI Inc.,15637794792,73.15,396563,29008583.45,New York Stock Exchange,NYSE,CA,Technology,Information Technology Services,False,False,True,,non_us_company
FN,Fabrinet,15600609677,435.41,881077,383629736.57,New York Stock Exchange,NYSE,KY,Technology,"Hardware, Equipment & Parts",False,False,True,,non_us_company
LTM,LATAM Airlines Group S.A.,15445169430,52.76,386523,20392953.48,New York Stock Exchange,NYSE,CL,Industrials,"Airlines, Airports & Air Services",False,False,True,,non_us_company
KEP,Korea Electric Power Corporation,15342939600,11.95,1067451,12756039.45,New York Stock Exchange,NYSE,KR,Utilities,Regulated Electric,False,False,True,,non_us_company
JHX,James Hardie Industries plc,15257053631,26.29,5702098,149908156.42,New York Stock Exchange,NYSE,IE,Basic Materials,Construction Materials,False,False,True,,non_us_company
ASND,Ascendis Pharma A/S,15149639136,243.91,504632,123084791.12,NASDAQ Global Select,NASDAQ,DK,Healthcare,Biotechnology,False,False,True,,non_us_company
TU,Telus Corp,14926495331,9.56,32516441,310857175.96,New York Stock Exchange,NYSE,CA,Communication Services,Telecommunications Services,False,False,True,,non_us_company
EG,"Everest Group, Ltd.",14805714140,374.15,312301,116847419.15,New York Stock Exchange,NYSE,BM,Financial Services,Insurance - Reinsurance,False,False,True,,non_us_company
LOGI,Logitech International S.A.,14712622262,102.48,1187547,121699816.56,NASDAQ Global Select,NASDAQ,CH,Technology,Computer Hardware,False,False,True,,non_us_company
FUTU,Futu Holdings Limited,14670368181,105.12,1126140,118379836.80,NASDAQ Global Market,NASDAQ,HK,Financial Services,Financial - Capital Markets,False,False,True,,non_us_company
TME,Tencent Music Entertainment Group,14524195446,9.45,7027832,66413012.40,New York Stock Exchange,NYSE,CN,Communication Services,Internet Content & Information,False,False,True,,non_us_company
TLK,Perusahaan Perseroan (Persero) PT Telekomunikasi Indonesia Tbk,14493926448,14.66,894754,13117093.64,New York Stock Exchange,NYSE,ID,Communication Services,Telecommunications Services,False,False,True,,non_us_company
BNT,Brookfield Wealth Solutions Ltd.,14366425273,43.19,11827,510808.13,New York Stock Exchange,NYSE,BM,Financial Services,Insurance - Diversified,False,False,True,,non_us_company
AEG,Aegon Ltd.,14200860596,9.44,3797635,35849674.40,New York Stock Exchange,NYSE,NL,Financial Services,Insurance - Diversified,False,False,True,,non_us_company
AEFC,Aegon Funding Company LLC,14137402356,18.15,39519,717269.85,New York Stock Exchange,NYSE,NL,Financial Services,Financial - Credit Services,False,False,True,,non_us_company
GRAB,Grab Holdings Limited,13874000000,3.5,42095280,147333480.0,NASDAQ Global Select,NASDAQ,SG,Technology,Software - Application,False,False,True,,non_us_company
FMS,Fresenius Medical Care AG & Co. KGaA,13782737273,25.66,473852,12159042.32,New York Stock Exchange,NYSE,DE,Healthcare,Medical - Care Facilities,False,False,True,,non_us_company
LI,Li Auto Inc.,13765759611,13.63,3002268,40920912.84,NASDAQ Global Select,NASDAQ,CN,Consumer Cyclical,Auto - Manufacturers,False,False,True,,non_us_company
LULU,Lululemon Athletica Inc.,13498153995,118.87,2373204,282102759.48,NASDAQ Global Select,NASDAQ,CA,Consumer Cyclical,Apparel - Retail,False,False,True,,non_us_company
ALLE,Allegion plc,13384792320,157.4,718282,113057586.8,New York Stock Exchange,NYSE,IE,Industrials,Security & Protection Services,False,False,True,,non_us_company
RNR,RenaissanceRe Holdings Ltd.,13295776962,319.98,242044,77449239.12,New York Stock Exchange,NYSE,BM,Financial Services,Insurance - Reinsurance,False,False,True,,non_us_company
SNN,Smith & Nephew plc,13263339924,31.56,1434113,45260606.28,New York Stock Exchange,NYSE,GB,Healthcare,Medical - Devices,False,False,True,,non_us_company
IREN,IREN Limited,13132354307,36.8,63471543,2335752782.4,NASDAQ Global Select,NASDAQ,AU,Technology,Information Technology Services,False,False,True,,non_us_company
HTHT,H World Group Limited,13112326906,42.69,1485005,63394863.45,NASDAQ Global Select,NASDAQ,CN,Consumer Cyclical,Travel Lodging,False,False,True,,non_us_company
CHKP,Check Point Software Technologies Ltd.,12980100130,127.13,1533521,194956524.73,NASDAQ Global Select,NASDAQ,IL,Technology,Software - Infrastructure,False,False,True,,non_us_company
CNH,CNH Industrial N.V.,12709493004,10.25,12190167,124949211.75,New York Stock Exchange,NYSE,GB,Industrials,Agricultural - Machinery,False,False,True,,non_us_company
EMBJ,Embraer S.A.,12539591703,68.33,1427683,97553579.39,New York Stock Exchange,NYSE,BR,Industrials,Aerospace & Defense,False,False,True,,non_us_company
ICLR,ICON Public Limited Company,12523730425,163.565,850386,139093386.090,NASDAQ,NASDAQ,IE,Healthcare,Medical - Diagnostics & Research,False,False,True,,non_us_company
NVMI,Nova Ltd.,12423021210,390.87,388265,151761140.55,NASDAQ Global Select,NASDAQ,IL,Technology,Semiconductors,False,False,True,,non_us_company
XPEV,XPeng Inc.,12350096044,13,5078618,66022034,New York Stock Exchange,NYSE,CN,Consumer Cyclical,Auto - Manufacturers,False,False,True,,non_us_company
SKM,"SK Telecom Co.,Ltd",12142381520,31.63,1145445,36230425.35,New York Stock Exchange,NYSE,KR,Communication Services,Telecommunications Services,False,False,True,,non_us_company
NIO,NIO Inc.,12107821529,4.88,18101730,88336442.40,New York Stock Exchange,NYSE,CN,Consumer Cyclical,Auto - Manufacturers,False,False,True,,non_us_company
ONON,On Holding AG,12079869017,36.24,2541495,92103778.80,New York Stock Exchange,NYSE,CH,Consumer Cyclical,Apparel - Footwear & Accessories,False,False,True,,non_us_company
WSE,Wise Group plc Class A Ordinary Shares,12003175200,12,781125,9373500,NASDAQ Global Select,NASDAQ,GB,Technology,Information Technology Services,False,False,True,,non_us_company
APTV,Aptiv PLC,11950211160,56.47,3830671,216317991.37,New York Stock Exchange,NYSE,CH,Consumer Cyclical,Auto - Parts,False,False,True,,non_us_company
ENLT,Enlight Renewable Energy Ltd,11808144322,84.46,115592,9762900.32,NASDAQ Global Select,NASDAQ,IL,Utilities,Renewable Utilities,False,False,True,,non_us_company
RTO,Rentokil Initial plc,11755872743,23.36,4209068,98323828.48,New York Stock Exchange,NYSE,GB,Industrials,Specialty Business Services,False,False,True,,non_us_company
AGI,Alamos Gold Inc.,11687625950,27.83,4907514,136576114.62,New York Stock Exchange,NYSE,CA,Basic Materials,Gold,False,False,True,,non_us_company
MICC,The Magnum Ice Cream Company N.V.,11394153743,18.61,878279,16344772.19,New York Stock Exchange,NYSE,NL,Consumer Defensive,Packaged Foods,False,False,True,,non_us_company
PAC,"Grupo Aeroportuario del Pacífico, S.A.B. de C.V.",11285389716,217.35,114205,24822456.75,New York Stock Exchange,NYSE,MX,Industrials,"Airlines, Airports & Air Services",False,False,True,,non_us_company
BPOP,"Popular, Inc.",11190084507,175.21,413789,72499970.69,NASDAQ Global Select,NASDAQ,PR,Financial Services,Banks - Regional,False,False,True,,non_us_company
TFII,TFI International Inc.,11097698860,135.02,796372,107526147.44,New York Stock Exchange,NYSE,CA,Industrials,Trucking,False,False,True,,non_us_company
PNR,Pentair plc,10575496640,65.44,2281505,149301687.20,New York Stock Exchange,NYSE,GB,Industrials,Industrial - Machinery,False,False,True,,non_us_company
SUZ,Suzano S.A.,10531565482,8.52,2318151,19750646.52,New York Stock Exchange,NYSE,BR,Basic Materials,"Paper, Lumber & Forest Products",False,False,True,,non_us_company
PAYP,PayPay Corporation,10245175633,15.13,1414674,21404017.62,NASDAQ Global Select,NASDAQ,JP,Technology,Software - Infrastructure,False,False,True,,non_us_company
PSO,Pearson plc,10171038706,16.94,1246282,21112017.08,New York Stock Exchange,NYSE,GB,Communication Services,Publishing,False,False,True,,non_us_company
HBM,Hudbay Minerals Inc.,10103730000,22.75,3741978,85129999.50,New York Stock Exchange,NYSE,CA,Basic Materials,Copper,False,False,True,,non_us_company
BEP,Brookfield Renewable Partners L.P.,10054765680,32.86,992772,32622487.92,New York Stock Exchange,NYSE,BM,Utilities,Renewable Utilities,False,False,True,,non_us_company
HMY,Harmony Gold Mining Company Limited,9944316050,15.75,1919892,30238299.00,New York Stock Exchange,NYSE,ZA,Basic Materials,Gold,False,False,True,,non_us_company
YMM,Full Truck Alliance Co. Ltd.,9925536594,9.49,5229630,49629188.70,New York Stock Exchange,NYSE,CN,Technology,Software - Application,False,False,True,,non_us_company
RDY,Dr. Reddy's Laboratories Limited,9870402279,11.85,2662654,31552449.90,New York Stock Exchange,NYSE,IN,Healthcare,Drug Manufacturers - Specialty & Generic,False,False,True,,non_us_company
GGB,Gerdau S.A.,9865093316,4.96,11756671,58313088.16,New York Stock Exchange,NYSE,BR,Basic Materials,Steel,False,False,True,,non_us_company
BEPI,Brookfield BRP Holdings (Canada,9714690042,16.1,49742,800846.2,New York Stock Exchange,NYSE,CA,Real Estate,Real Estate - Development,False,False,True,,non_us_company
BEPH,Brookfield BRP Holdings (Canada) Inc 4.625 % Notes 2021-Without Fixed Maturity Global Sub,9684520190,15.1,26217,395876.7,New York Stock Exchange,NYSE,CA,Real Estate,Real Estate - Development,False,False,True,,non_us_company
TX,Ternium S.A.,9666190015,49.24,422163,20787306.12,New York Stock Exchange,NYSE,LU,Basic Materials,Steel,False,False,True,,non_us_company
EDU,New Oriental Education & Technology Group Inc.,9295792742,58.89,1534382,90359755.98,New York Stock Exchange,NYSE,CN,Consumer Defensive,Education & Training Services,False,False,True,,non_us_company
ABVX,Abivax S.A.,9173229748,124.92,1231733,153868086.36,NASDAQ Global Market,NASDAQ,FR,Healthcare,Biotechnology,False,False,True,,non_us_company
TIMB,TIM S.A.,9158168448,19.17,398393,7637193.81,New York Stock Exchange,NYSE,BR,Communication Services,Telecommunications Services,False,False,True,,non_us_company
ALV,"Autoliv, Inc.",9020628018,123.17,535217,65922677.89,New York Stock Exchange,NYSE,SE,Consumer Cyclical,Auto - Parts,False,False,True,,non_us_company
XP,XP Inc.,8924648059,17.06,2943379,50214045.74,NASDAQ,NASDAQ,KY,Financial Services,Financial - Capital Markets,False,False,True,,non_us_company
FRO,Frontline Plc,8764663140,39.37,1425831,56134966.47,New York Stock Exchange,NYSE,CY,Industrials,Marine Shipping,False,False,True,,non_us_company
KT,KT Corporation,8722880813,18.09,1425637,25789773.33,New York Stock Exchange,NYSE,KR,Communication Services,Telecommunications Services,False,False,True,,non_us_company
QGEN,Qiagen N.V.,8538750000,41.4,1130175,46789245.0,New York Stock Exchange,NYSE,NL,Healthcare,Medical - Diagnostics & Research,False,False,True,,non_us_company
SIMO,Silicon Motion Technology Corporation,8509629913,253.6,1524895,386713372.0,NASDAQ Global Select,NASDAQ,HK,Technology,Semiconductors,False,False,True,,non_us_company
GIL,Gildan Activewear Inc.,8473547597,55.38,2978853,164968879.14,New York Stock Exchange,NYSE,CA,Consumer Cyclical,Apparel - Manufacturers,False,False,True,,non_us_company
CAE,CAE Inc.,8303187493,25.82,422386,10906006.52,NASDAQ Global Select,NASDAQ,CA,Industrials,Aerospace & Defense,False,False,True,,non_us_company
ASR,"Grupo Aeroportuario del Sureste, S. A. B. de C. V.",8268567752,275.62,39379,10853639.98,New York Stock Exchange,NYSE,MX,Industrials,"Airlines, Airports & Air Services",False,False,True,,non_us_company
ALKS,Alkermes plc,8218709370,48.99,1589375,77863481.25,NASDAQ,NASDAQ,IE,Healthcare,Biotechnology,False,False,True,,non_us_company
IAG,Iamgold Corporation,8201820000,14.19,3702949,52544846.31,New York Stock Exchange,NYSE,CA,Basic Materials,Gold,False,False,True,,non_us_company
STN,Stantec Inc.,8040582478,70.49,196627,13860237.23,New York Stock Exchange,NYSE,CA,Industrials,Engineering & Construction,False,False,True,,non_us_company
BILI,Bilibili Inc.,8011698988,19.1,1763373,33680424.3,NASDAQ Global Select,NASDAQ,CN,Technology,Electronic Gaming & Multimedia,False,False,True,,non_us_company
GGAL,Grupo Financiero Galicia S.A.,7994469545,49.77,642211,31962841.47,NASDAQ Capital Market,NASDAQ,AR,Financial Services,Banks - Regional,False,False,True,,non_us_company
SOBO,South Bow Corporation,7738489662,37.1,408481,15154645.1,New York Stock Exchange,NYSE,CA,Energy,Oil & Gas Midstream,False,False,True,,non_us_company
BVN,Compañía de Minas Buenaventura S.A.A.,7690796125,30.28,632781,19160608.68,New York Stock Exchange,NYSE,PE,Basic Materials,Other Precious Metals,False,False,True,,non_us_company
AXS,AXIS Capital Holdings Limited,7684812612,105.32,621835,65491662.20,New York Stock Exchange,NYSE,BM,Financial Services,Insurance - Diversified,False,False,True,,non_us_company
TAL,TAL Education Group,7606521525,12.5,6440151,80501887.5,New York Stock Exchange,NYSE,CN,Consumer Defensive,Education & Training Services,False,False,True,,non_us_company
VIPS,Vipshop Holdings Limited,7547926903,15.34,1271721,19508200.14,New York Stock Exchange,NYSE,CN,Consumer Cyclical,Specialty Retail,False,False,True,,non_us_company
SSL,Sasol Limited,7460332437,11.7,750130,8776521.0,New York Stock Exchange,NYSE,ZA,Basic Materials,Chemicals - Specialty,False,False,True,,non_us_company
BZ,Kanzhun Limited,7449778435,16.28,3748700,61028836.00,NASDAQ Global Select,NASDAQ,CN,Industrials,Staffing & Employment Services,False,False,True,,non_us_company
AG,First Majestic Silver Corp.,7410210840,15.03,11056086,166172972.58,New York Stock Exchange,NYSE,CA,Basic Materials,Silver,False,False,True,,non_us_company
VIST,"Vista Energy, S.A.B. de C.V.",7345829743,70.45,956447,67381691.15,New York Stock Exchange,NYSE,MX,Energy,Oil & Gas Exploration & Production,False,False,True,,non_us_company
VFS,VinFast Auto Ltd.,7275956960,3.11,298738,929075.18,NASDAQ Global Select,NASDAQ,VN,Consumer Cyclical,Auto - Manufacturers,False,False,True,,non_us_company
KLAR,Klarna Group plc,7149999626,18.94,2033061,38506175.34,New York Stock Exchange,NYSE,GB,Financial Services,Financial - Credit Services,False,False,True,,non_us_company
BIRK,Birkenstock Holding plc,7120842488,38.72,2336308,90461845.76,New York Stock Exchange,NYSE,GB,Consumer Cyclical,Apparel - Footwear & Accessories,False,False,True,,non_us_company
SGHC,Super Group (SGHC) Limited,7113075032,14,2025877,28362278,New York Stock Exchange,NYSE,GG,Consumer Cyclical,"Gambling, Resorts & Casinos",False,False,True,,non_us_company
EQX,Equinox Gold Corp.,7062962659,8.95,20489779,183383522.05,New York Stock Exchange American,AMEX,CA,Basic Materials,Gold,False,False,True,,non_us_company
UGP,Ultrapar Participações S.A.,6947338307,6.5,3329255,21640157.5,New York Stock Exchange,NYSE,BR,Energy,Oil & Gas Refining & Marketing,False,False,True,,non_us_company
ESTC,Elastic N.V.,6838977935,65.79,1398891,92033038.89,New York Stock Exchange,NYSE,NL,Technology,Software - Application,False,False,True,,non_us_company
GRFS,"Grifols, S.A.",6657807486,7.87,483370,3804121.90,NASDAQ Global Select,NASDAQ,ES,Healthcare,Drug Manufacturers - General,False,False,True,,non_us_company
DPC,DPC Holdings Ltd.,6627631142,45.66,495743,22635625.38,New York Stock Exchange,NYSE,GB,Industrials,Manufacturing - Metal Fabrication,False,False,True,,non_us_company
GLBE,Global-e Online Ltd.,6602798140,39.31,943771,37099638.01,NASDAQ Global Select,NASDAQ,IL,Consumer Cyclical,Specialty Retail,False,False,True,,non_us_company
ICL,ICL Group Ltd,6531035094,5.06,600778,3039936.68,New York Stock Exchange,NYSE,IL,Basic Materials,Agricultural Inputs,False,False,True,,non_us_company
FSV,FirstService Corporation,6478370307,140.89,260923,36761441.47,NASDAQ Global Select,NASDAQ,CA,Real Estate,Real Estate - Services,False,False,True,,non_us_company
IFS,Intercorp Financial Services Inc.,6476645580,58.31,328343,19145680.33,New York Stock Exchange,NYSE,PE,Financial Services,Banks - Regional,False,False,True,,non_us_company
MBLY,Mobileye Global Inc.,6475339801,7.94,7539168,59860993.92,NASDAQ Global Select,NASDAQ,IL,Consumer Cyclical,Auto - Parts,False,False,True,,non_us_company
DSGX,The Descartes Systems Group Inc.,6440522557,75.16,488049,36681762.84,NASDAQ Global Select,NASDAQ,CA,Technology,Software - Application,False,False,True,,non_us_company
EGO,Eldorado Gold Corporation,6429682041,30.19,5418971,163598734.49,New York Stock Exchange,NYSE,CA,Basic Materials,Gold,False,False,True,,non_us_company
GDS,GDS Holdings Limited,6381967275,32.74,2661298,87130896.52,NASDAQ Global Market,NASDAQ,CN,Technology,Information Technology Services,False,False,True,,non_us_company
AVAL,Grupo Aval Acciones y Valores S.A.,6268277680,5.28,192945,1018749.60,New York Stock Exchange,NYSE,CO,Financial Services,Banks - Regional,False,False,True,,non_us_company
CIG,Companhia Energética de Minas Gerais,6264719528,2.19,3475696,7611774.24,New York Stock Exchange,NYSE,BR,Utilities,Regulated Electric,False,False,True,,non_us_company
SBSW,Sibanye Stillwater Limited,6255553653,8.84,5583045,49354117.80,New York Stock Exchange,NYSE,ZA,Basic Materials,Other Precious Metals,False,False,True,,non_us_company
CAMT,Camtek Ltd.,6180119990,132.46,472385,62572117.10,NASDAQ Global Market,NASDAQ,IL,Technology,Semiconductors,False,False,True,,non_us_company
OTEX,Open Text Corporation,6149064202,25.34,1186012,30053544.08,NASDAQ Global Select,NASDAQ,CA,Technology,Software - Application,False,False,True,,non_us_company
ENIC,Enel Chile S.A.,6141990279,4.44,1094226,4858363.44,New York Stock Exchange,NYSE,CL,Utilities,Regulated Electric,False,False,True,,non_us_company
ESNT,Essent Group Ltd.,6078402646,65.96,260362,17173477.52,New York Stock Exchange,NYSE,BM,Financial Services,Insurance - Specialty,False,False,True,,non_us_company
XENE,Xenon Pharmaceuticals Inc.,6058033152,62.67,712694,44664532.98,NASDAQ Global Market,NASDAQ,CA,Healthcare,Biotechnology,False,False,True,,non_us_company
NXE,NexGen Energy Ltd.,6056467350,9.15,4356071,39858049.65,New York Stock Exchange,NYSE,CA,Energy,Uranium,False,False,True,,non_us_company
BLCO,Bausch + Lomb Corporation,6039664158,16.91,395481,6687583.71,New York Stock Exchange,NYSE,CA,Healthcare,Medical - Instruments & Supplies,False,False,True,,non_us_company
TEO,Telecom Argentina S.A.,6030326764,14,247592,3466288,New York Stock Exchange,NYSE,AR,Communication Services,Telecommunications Services,False,False,True,,non_us_company
G,Genpact Limited,5961561190,35.17,1362546,47920742.82,New York Stock Exchange,NYSE,BM,Technology,Information Technology Services,False,False,True,,non_us_company
MGR,"Affiliated Managers Group, Inc.",5944982567,20.17,38311,772732.87,New York Stock Exchange,NYSE,AU,Financial Services,Investment - Banking & Investment Services,False,False,True,,non_us_company
TFPM,Triple Flag Precious Metals Corp.,5943994548,28.77,305723,8795650.71,New York Stock Exchange,NYSE,CA,Basic Materials,Other Precious Metals,False,False,True,,non_us_company
BMA,Banco Macro S.A.,5875997133,91.9,156019,14338146.1,New York Stock Exchange,NYSE,AR,Financial Services,Banks - Regional,False,False,True,,non_us_company
CPA,"Copa Holdings, S.A.",5822633064,141.22,118449,16727367.78,New York Stock Exchange,NYSE,PA,Industrials,"Airlines, Airports & Air Services",False,False,True,,non_us_company
NICE,NICE Ltd.,5788816301,98.79,381402,37678703.58,NASDAQ,NASDAQ,IL,Technology,Software - Application,False,False,True,,non_us_company
MAAS,Maase Inc.,5712548519,17.79,122609,2181214.11,NASDAQ Global Market,NASDAQ,CN,Financial Services,Financial - Diversified,False,False,True,,non_us_company
KNSA,"Kiniksa Pharmaceuticals International, plc",5665093304,74.34,1016014,75530480.76,NASDAQ,NASDAQ,GB,Healthcare,Medical - Pharmaceuticals,False,False,True,,non_us_company
AGRO,Adecoagro S.A.,5624738031,9.97,514911,5133662.67,New York Stock Exchange,NYSE,LU,Consumer Defensive,Agricultural Farm Products,False,False,True,,non_us_company
OR,OR Royalties Inc.,5579876913,29.76,790624,23528970.24,New York Stock Exchange,NYSE,CA,Basic Materials,Gold,False,False,True,,non_us_company
VAL,Valaris Limited,5484048458,79.19,1626486,128801426.34,New York Stock Exchange,NYSE,BM,Energy,Oil & Gas Drilling,False,False,True,,non_us_company
STVN,Stevanato Group S.p.A.,5419122929,19.85,177996,3533220.60,New York Stock Exchange,NYSE,IT,Healthcare,Medical - Instruments & Supplies,False,False,True,,non_us_company
RIG,Transocean Ltd.,5407512888,5.32,62752493,333843262.76,New York Stock Exchange,NYSE,CH,Energy,Oil & Gas Drilling,False,False,True,,non_us_company
OGC,OceanaGold Corporation,5367670240,24.13,259381,6258863.53,New York Stock Exchange,NYSE,CA,Basic Materials,Gold,False,False,True,,non_us_company
MMYT,MakeMyTrip Limited,5356640801,56.95,787904,44871132.80,NASDAQ Global Select,NASDAQ,IN,Consumer Cyclical,Travel Services,False,False,True,,non_us_company
WTM,"White Mountains Insurance Group, Ltd.",5195384959,2097.73,9937,20845143.01,New York Stock Exchange,NYSE,BM,Financial Services,Insurance - Diversified,False,False,True,,non_us_company
OMAB,"Grupo Aeroportuario del Centro Norte, S.A.B. de C.V.",5160188608,106.9,46537,4974805.3,NASDAQ Global Select,NASDAQ,MX,Industrials,"Airlines, Airports & Air Services",False,False,True,,non_us_company
GLNG,Golar LNG Limited,5002475450,49.15,710500,34921075.00,NASDAQ Global Select,NASDAQ,BM,Energy,Oil & Gas Midstream,False,False,True,,non_us_company
BTG,B2Gold Corp.,4996575000,3.75,19129186,71734447.50,New York Stock Exchange American,AMEX,CA,Basic Materials,Gold,False,False,True,,non_us_company
BB,BlackBerry Limited,4981853664,8.5,14595738,124063773.0,New York Stock Exchange,NYSE,CA,Technology,Software - Infrastructure,False,False,True,,non_us_company
WFG,West Fraser Timber Co. Ltd.,4930049008,64.85,280092,18163966.20,New York Stock Exchange,NYSE,CA,Basic Materials,"Paper, Lumber & Forest Products",False,False,True,,non_us_company
CIGI,Colliers International Group Inc.,4905631755,98.55,195822,19298258.10,NASDAQ Global Select,NASDAQ,CA,Real Estate,Real Estate - Services,False,False,True,,non_us_company
PAM,Pampa Energía S.A.,4804152357,88.32,135664,11981844.48,New York Stock Exchange,NYSE,AR,Utilities,Regulated Electric,False,False,True,,non_us_company
TGS,Transportadora de Gas del Sur S.A.,4792076494,31.83,161861,5152035.63,New York Stock Exchange,NYSE,AR,Energy,Oil & Gas Integrated,False,False,True,,non_us_company
TBBB,BBB Foods Inc.,4788964507,41.33,565975,23391746.75,New York Stock Exchange,NYSE,MX,Consumer Defensive,Discount Stores,False,False,True,,non_us_company
ATAT,Atour Lifestyle Holdings Limited,4744472326,34.33,560149,19229915.17,NASDAQ Global Select,NASDAQ,CN,Consumer Cyclical,Travel Lodging,False,False,True,,non_us_company
CMBT,Cmb.Tech N.V.,4689143467,16.16,620644,10029607.04,New York Stock Exchange,NYSE,BE,Industrials,Marine Shipping,False,False,True,,non_us_company
TKC,Turkcell Iletisim Hizmetleri A.S.,4683704265,5.38,2774929,14929118.02,New York Stock Exchange,NYSE,TR,Communication Services,Telecommunications Services,False,False,True,,non_us_company
MRX,Marex Group Limited,4669752080,64.92,699329,45400438.68,NASDAQ,NASDAQ,BM,Financial Services,Financial - Capital Markets,False,False,True,,non_us_company
KLIC,"Kulicke and Soffa Industries, Inc.",4668092628,89.2,1450447,129379872.4,NASDAQ Global Select,NASDAQ,SG,Technology,Semiconductors,False,False,True,,non_us_company
CRSP,CRISPR Therapeutics AG,4628577912,47.99,1022665,49077693.35,NASDAQ Global Market,NASDAQ,CH,Healthcare,Biotechnology,False,False,True,,non_us_company
DOO,BRP Inc.,4535009952,61.83,148927,9208156.41,NASDAQ Global Select,NASDAQ,CA,Consumer Cyclical,Auto - Recreational Vehicles,False,False,True,,non_us_company
AQN,Algonquin Power & Utilities Corp.,4494846777,5.84,4906655,28654865.20,New York Stock Exchange,NYSE,CA,Utilities,Diversified Utilities,False,False,True,,non_us_company
DLO,Dlocal Limited,4425958149,15.08,1467346,22127577.68,NASDAQ,NASDAQ,UY,Technology,Software - Infrastructure,False,False,True,,non_us_company
MNDY,monday.com Ltd.,4418330264,87.15,885296,77153546.40,NASDAQ Global Select,NASDAQ,IL,Technology,Software - Application,False,False,True,,non_us_company
FBP,First BanCorp.,4416870566,28.93,915207,26476938.51,New York Stock Exchange,NYSE,PR,Financial Services,Banks - Regional,False,False,True,,non_us_company
LIVN,LivaNova PLC,4402373735,80.14,497342,39856987.88,NASDAQ Global Select,NASDAQ,GB,Healthcare,Medical - Devices,False,False,True,,non_us_company
WPP,WPP plc,4360348850,20.21,225310,4553515.10,New York Stock Exchange,NYSE,GB,Communication Services,Advertising Agencies,False,False,True,,non_us_company
SRAD,Sportradar Group AG,4303136947,14.54,3827492,55651733.68,NASDAQ Global Select,NASDAQ,CH,Technology,Software - Application,False,False,True,,non_us_company
MEOH,Methanex Corporation,4297584810,55.55,891225,49507548.75,NASDAQ Global Select,NASDAQ,CA,Basic Materials,Chemicals,False,False,True,,non_us_company
PHI,PLDT Inc.,4254143940,19.69,103310,2034173.90,New York Stock Exchange,NYSE,PH,Communication Services,Telecommunications Services,False,False,True,,non_us_company
CAAP,Corporacion America Airports S.A.,4206249159,25.77,93681,2414159.37,New York Stock Exchange,NYSE,LU,Industrials,"Airlines, Airports & Air Services",False,False,True,,non_us_company
MDA,MDA Space Ltd,4197217750,30.25,983127,29739591.75,New York Stock Exchange,NYSE,CA,Industrials,Aerospace & Defense,False,False,True,,non_us_company
MANU,Manchester United plc,3971995312,23.01,126657,2914377.57,New York Stock Exchange,NYSE,GB,Communication Services,Entertainment,False,False,True,,non_us_company
MNSO,MINISO Group Holding Limited,3966728610,13,538866,7005258,New York Stock Exchange,NYSE,CN,Consumer Cyclical,Specialty Retail,False,False,True,,non_us_company
ELVR,Elevra Lithium Limited,3957877482,52.56,60470,3178303.20,NASDAQ Global Select,NASDAQ,AU,Basic Materials,Other Precious Metals,False,False,True,,non_us_company
LION,Lionsgate Studios Corp.,3950679683,13.28,804265,10680639.20,New York Stock Exchange,NYSE,CA,Technology,Media & Entertainment,False,False,True,,non_us_company
ZGN,Ermenegildo Zegna N.V.,3946869520,14.71,562705,8277390.55,New York Stock Exchange,NYSE,IT,Consumer Cyclical,Apparel - Manufacturers,False,False,True,,non_us_company
STNG,Scorpio Tankers Inc.,3874979614,77.86,765785,59624020.10,New York Stock Exchange,NYSE,MC,Industrials,Marine Shipping,False,False,True,,non_us_company
BBAR,Banco BBVA Argentina S.A.,3866200087,18.93,339631,6429214.83,New York Stock Exchange,NYSE,AR,Financial Services,Banks - Regional,False,False,True,,non_us_company
HAFN,Hafnia Limited,3843318235,7.69,831401,6393473.69,New York Stock Exchange,NYSE,SG,Industrials,Marine Shipping,False,False,True,,non_us_company
JOYY,"JOYY, Inc. Sponsored ADR Class A",3806324344,73.57,293609,21600814.13,NASDAQ Global Select,NASDAQ,SG,Communication Services,Internet Content & Information,False,False,True,,non_us_company
CSTM,Constellium SE,3764967840,27.78,2129920,59169177.60,New York Stock Exchange,NYSE,FR,Basic Materials,Aluminum,False,False,True,,non_us_company
TAC,TransAlta Corporation,3722826075,12.5,1924797,24059962.5,New York Stock Exchange,NYSE,CA,Utilities,Independent Power Producers,False,False,True,,non_us_company
CLBT,Cellebrite DI Ltd.,3679237301,14.75,641723,9465414.25,NASDAQ Global Select,NASDAQ,IL,Technology,Software - Infrastructure,False,False,True,,non_us_company
AGO,Assured Guaranty Ltd.,3663048400,82.72,222143,18375668.96,New York Stock Exchange,NYSE,BM,Financial Services,Insurance - Specialty,False,False,True,,non_us_company
SIG,Signet Jewelers Limited,3653738420,92.9,626986,58246999.4,New York Stock Exchange,NYSE,BM,Consumer Cyclical,Luxury Goods,False,False,True,,non_us_company
VEON,VEON Ltd.,3620631290,52.29,157546,8238080.34,NASDAQ,NASDAQ,AE,Communication Services,Telecommunications Services,False,False,True,,non_us_company
HG,"Hamilton Insurance Group, Ltd.",3587779616,35.96,192851,6934921.96,New York Stock Exchange,NYSE,BM,Financial Services,Insurance - Reinsurance,False,False,True,,non_us_company
ORLA,Orla Mining Ltd.,3542952256,9.44,3214087,30340981.28,New York Stock Exchange American,AMEX,CA,Basic Materials,Gold,False,False,True,,non_us_company
LBTYK,Liberty Global plc,3533440745,10.36,1027998,10650059.28,NASDAQ Global Select,NASDAQ,BM,Communication Services,Telecommunications Services,False,False,True,,non_us_company
KEN,Kenon Holdings Ltd.,3510542908,67.37,20068,1351981.16,New York Stock Exchange,NYSE,SG,Utilities,Independent Power Producers,False,False,True,,non_us_company
BWLP,BW LPG Limited,3424937466,22.56,238785,5386989.60,New York Stock Exchange,NYSE,SG,Industrials,Marine Shipping,False,False,True,,non_us_company
CGAU,Centerra Gold Inc.,3362501520,17.19,1774805,30508897.95,New York Stock Exchange,NYSE,CA,Basic Materials,Gold,False,False,True,,non_us_company
TLX,Telix Pharmaceuticals Limited,3350505015,9.89,80660,797727.40,NASDAQ,NASDAQ,AU,Healthcare,Biotechnology,False,False,True,,non_us_company
BLSH,Bullish,3304417459,21.79,3253087,70884765.73,New York Stock Exchange,NYSE,KY,Technology,Software - Application,False,False,True,,non_us_company
KC,Kingsoft Cloud Holdings Limited,3298369618,11.15,2395316,26707773.40,NASDAQ,NASDAQ,CN,Technology,Software - Application,False,False,True,,non_us_company
SKE,Skeena Resources Limited,3298162953,26.58,323839,8607640.62,New York Stock Exchange,NYSE,CA,Basic Materials,Industrial Materials,False,False,True,,non_us_company
BTE,Baytex Energy Corp.,3288024854,4.56,24779785,112995819.60,New York Stock Exchange,NYSE,CA,Energy,Oil & Gas Exploration & Production,False,False,True,,non_us_company
NAMS,NewAmsterdam Pharma Company N.V.,3248761576,27.79,952298,26464361.42,NASDAQ,NASDAQ,NL,Healthcare,Biotechnology,False,False,True,,non_us_company
SBLK,Star Bulk Carriers Corp.,3206514123,28.75,948341,27264803.75,NASDAQ,NASDAQ,GR,Industrials,Marine Shipping,False,False,True,,non_us_company
CSAN,Cosan S.A.,3154756028,3.22,1827170,5883487.40,New York Stock Exchange,NYSE,BR,Energy,Oil & Gas Refining & Marketing,False,False,True,,non_us_company
KYIV,Kyivstar Group Ltd. Common Shares,3130510741,13.56,1442208,19556340.48,NASDAQ Global Market,NASDAQ,AE,Communication Services,Telecommunications Services,False,False,True,,non_us_company
TRMD,TORM plc,3102743770,30.31,268434,8136234.54,NASDAQ Global Select,NASDAQ,GB,Energy,Oil & Gas Midstream,False,False,True,,non_us_company
WIX,Wix.com Ltd.,3065914125,55.03,2289029,125965265.87,NASDAQ Global Select,NASDAQ,IL,Technology,Software - Application,False,False,True,,non_us_company
RGC,Regencell Bioscience Holdings Limited,3062029320,6.18,190861,1179520.98,NASDAQ Capital Market,NASDAQ,HK,Healthcare,Drug Manufacturers - Specialty & Generic,False,False,True,,non_us_company
ZIM,ZIM Integrated Shipping Services Ltd.,3035890387,25.19,850825,21432281.75,New York Stock Exchange,NYSE,IL,Industrials,Marine Shipping,False,False,True,,non_us_company
QURE,uniQure N.V.,3026456032,43.63,1694976,73951802.88,NASDAQ,NASDAQ,NL,Healthcare,Biotechnology,False,False,True,,non_us_company
ETOR,eToro Group Ltd.,3001837136,35.67,657539,23454416.13,NASDAQ Global Market,NASDAQ,IL,Financial Services,Financial - Capital Markets,False,False,True,,non_us_company
LPL,"LG Display Co., Ltd.",3000000000,3,3587869,10763607,New York Stock Exchange,NYSE,KR,Technology,Consumer Electronics,False,False,True,,non_us_company
DHT,"DHT Holdings, Inc.",2990549940,18.57,2000171,37143175.47,New York Stock Exchange,NYSE,BM,Industrials,Marine Shipping,False,False,True,,non_us_company
VGNT,Versigent PLC,2931452841,41.35,877292,36276024.20,New York Stock Exchange,NYSE,CH,Industrials,Electrical Equipment & Parts,False,False,True,,non_us_company
VTMX,"Corporación Inmobiliaria Vesta, S.A.B. de C.V.",2917915841,34.49,30046,1036286.54,New York Stock Exchange,NYSE,MX,Real Estate,Real Estate - Development,False,False,True,,non_us_company
BGSI,Boyd Group Services Inc.,2882631400,103.58,20151,2087240.58,New York Stock Exchange,NYSE,CA,Consumer Cyclical,Auto - Parts,False,False,True,,non_us_company
TTAM,Titan America S.A.,2853930958,15.48,419039,6486723.72,New York Stock Exchange,NYSE,BE,Basic Materials,Construction Materials,False,False,True,,non_us_company
AMBP,Ardagh Metal Packaging S.A.,2827150865,4.73,1329117,6286723.41,New York Stock Exchange,NYSE,LU,Consumer Cyclical,Packaging & Containers,False,False,True,,non_us_company
AYA,Aya Gold & Silver Inc.,2816822568,19.65,457500,8989875.00,NASDAQ Global Market,NASDAQ,CA,Basic Materials,Silver,False,False,True,,non_us_company
ERO,Ero Copper Corp.,2806120119,26.91,690514,18581731.74,New York Stock Exchange,NYSE,CA,Basic Materials,Copper,False,False,True,,non_us_company
SDRL,Seadrill Limited,2803867979,44.84,542245,24314265.80,New York Stock Exchange,NYSE,BM,Energy,Oil & Gas Drilling,False,False,True,,non_us_company
PAGS,PagSeguro Digital Ltd.,2786801871,9.64,1089024,10498191.36,New York Stock Exchange,NYSE,BR,Industrials,Specialty Business Services,False,False,True,,non_us_company
SA,Seabridge Gold Inc.,2777748056,25.81,312957,8077420.17,New York Stock Exchange,NYSE,CA,Basic Materials,Gold,False,False,True,,non_us_company
STNE,StoneCo Ltd.,2766721207,11.375,3660048,41633046.000,NASDAQ,NASDAQ,KY,Technology,Software - Application,False,False,True,,non_us_company
IHS,IHS Holding Limited,2760702200,8.2,394812,3237458.4,New York Stock Exchange,NYSE,GB,Communication Services,Telecommunications Services,False,False,True,,non_us_company
ARIS,Aris Mining Corporation,2757504000,13.36,1099298,14686621.28,New York Stock Exchange,NYSE,CA,Basic Materials,Gold,False,False,True,,non_us_company
TNK,Teekay Tankers Ltd.,2749682771,79.37,450802,35780154.74,New York Stock Exchange,NYSE,BM,Industrials,Marine Shipping,False,False,True,,non_us_company
SPNT,SiriusPoint Ltd.,2747302652,23.65,788646,18651477.90,New York Stock Exchange,NYSE,BM,Financial Services,Insurance - Reinsurance,False,False,True,,non_us_company
EFXT,Enerflex Ltd.,2719652760,22.28,338895,7550580.60,New York Stock Exchange,NYSE,CA,Energy,Oil & Gas Equipment & Services,False,False,True,,non_us_company
ATS,ATS Corporation,2672423784,27.24,69497,1893098.28,New York Stock Exchange,NYSE,CA,Industrials,Industrial - Machinery,False,False,True,,non_us_company
SII,Sprott Inc.,2655863669,103.01,106510,10971595.10,New York Stock Exchange,NYSE,CA,Financial Services,Asset Management,False,False,True,,non_us_company
IMAX,IMAX Corporation,2623646734,47.84,1538082,73581842.88,New York Stock Exchange,NYSE,CA,Communication Services,Entertainment,False,False,True,,non_us_company
OSW,OneSpaWorld Holdings Ltd,2615022433,25.76,1449944,37350557.44,NASDAQ,NASDAQ,BS,Consumer Cyclical,Leisure,False,False,True,,non_us_company
ARX,Accelerant Holdings,2592231812,11.88,6264167,74418303.96,New York Stock Exchange,NYSE,KY,Financial Services,Insurance - Property & Casualty,False,False,True,,non_us_company
DAC,Danaos Corporation,2578175018,141.63,69347,9821615.61,New York Stock Exchange,NYSE,GR,Industrials,Marine Shipping,False,False,True,,non_us_company
BHC,Bausch Health Companies Inc.,2573247187,6.89,16939623,116714002.47,New York Stock Exchange,NYSE,CA,Healthcare,Drug Manufacturers - Specialty & Generic,False,False,True,,non_us_company
NG,NovaGold Resources Inc.,2558090980,5.83,3479892,20287770.36,New York Stock Exchange American,AMEX,CA,Basic Materials,Gold,False,False,True,,non_us_company
FSM,Fortuna Mining Corp.,2553930772,8.43,3729914,31443175.02,New York Stock Exchange,NYSE,CA,Basic Materials,Gold,False,False,True,,non_us_company
DNN,Denison Mines Corp.,2543097663,2.81,20663512,58064468.72,New York Stock Exchange Arca,AMEX,CA,Energy,Uranium,False,False,True,,non_us_company
SEDG,"SolarEdge Technologies, Inc.",2505709922,41.2,1163317,47928660.4,NASDAQ Global Select,NASDAQ,IL,Energy,Solar,False,False,True,,non_us_company
NYAX,Nayax Ltd.,2499187198,68.27,3844,262429.88,NASDAQ Global Select,NASDAQ,IL,Technology,Information Technology Services,False,False,True,,non_us_company
TGB,Trekor Metals Limited,2475335410,6.77,11016786,74583641.22,New York Stock Exchange Arca,AMEX,CA,Basic Materials,Copper,False,False,True,,non_us_company
INTR,"Inter & Co, Inc.",2472304302,5.6,2290230,12825288.0,NASDAQ Global Select,NASDAQ,BR,Financial Services,Banks - Regional,False,False,True,,non_us_company
RLX,RLX Technology Inc.,2468954254,2.02,1611436,3255100.72,New York Stock Exchange,NYSE,CN,Consumer Defensive,Tobacco,False,False,True,,non_us_company
HSAI,Hesai Group,2456153371,16.9,1807380,30544722.0,NASDAQ Global Select,NASDAQ,CN,Consumer Cyclical,Auto - Parts,False,False,True,,non_us_company
BTDR,Bitdeer Technologies Group,2456100865,10.52,11560312,121614482.24,NASDAQ Capital Market,NASDAQ,SG,Technology,Software - Application,False,False,True,,non_us_company
NTB,The Bank of N.T. Butterfield & Son Limited,2427732509,61.29,204986,12563591.94,New York Stock Exchange,NYSE,BM,Financial Services,Banks - Regional,False,False,True,,non_us_company
LILA,Liberty Latin America Ltd.,2401793500,8.15,512213,4174535.95,NASDAQ,NASDAQ,BM,Communication Services,Telecommunications Services,False,False,True,,non_us_company
CMPR,Cimpress plc,2391707283,98.7,327470,32321289.0,NASDAQ,NASDAQ,IE,Industrials,Specialty Business Services,False,False,True,,non_us_company
AAUC,Allied Gold Corporation,2306968035,18.23,2562682,46717692.86,New York Stock Exchange,NYSE,CA,Basic Materials,Gold,False,False,True,,non_us_company
NMM,Navios Maritime Partners L.P.,2295572230,80.76,194409,15700470.84,New York Stock Exchange,NYSE,GR,Industrials,Marine Shipping,False,False,True,,non_us_company
CEPU,Central Puerto S.A.,2289171141,15.26,215941,3295259.66,New York Stock Exchange,NYSE,AR,Utilities,Regulated Electric,False,False,True,,non_us_company
PHVS,Pharvaris N.V.,2279476662,32.62,504080,16443089.60,NASDAQ,NASDAQ,NL,Healthcare,Biotechnology,False,False,True,,non_us_company
RNW,ReNew Energy Global Plc,2262042179,6.22,907662,5645657.64,NASDAQ Global Select,NASDAQ,GB,Utilities,Renewable Utilities,False,False,True,,non_us_company
AERO,"Grupo Aeroméxico, S.A.B. de C.V.",2246912360,15.4,241344,3716697.6,New York Stock Exchange,NYSE,MX,Industrials,"Airlines, Airports & Air Services",False,False,True,,non_us_company
OFG,OFG Bancorp,2234127900,52.86,257170,13594006.20,New York Stock Exchange,NYSE,PR,Financial Services,Banks - Regional,False,False,True,,non_us_company
EXK,Endeavour Silver Corp.,2227002880,7.52,8819427,66322091.04,New York Stock Exchange,NYSE,CA,Basic Materials,Silver,False,False,True,,non_us_company
MLCO,Melco Resorts & Entertainment Limited,2224910587,5.73,1126621,6455538.33,NASDAQ Global Select,NASDAQ,HK,Consumer Cyclical,"Gambling, Resorts & Casinos",False,False,True,,non_us_company
CDLR,Cadeler A/S,2190856841,22.71,58200,1321722.00,New York Stock Exchange,NYSE,DK,Industrials,Marine Shipping,False,False,True,,non_us_company
HIMX,"Himax Technologies, Inc.",2186976000,12.54,1571305,19704164.70,NASDAQ Global Select,NASDAQ,TW,Technology,Semiconductors,False,False,True,,non_us_company
ELPC,Companhia Paranaense de Energia,2177095625,11.73,260902,3060380.46,New York Stock Exchange,NYSE,BR,Utilities,Regulated Electric,False,False,True,,non_us_company
PLGO,Pelagos Insurance Capital Limit,2162212985,25.29,160493,4058867.97,New York Stock Exchange,NYSE,BM,Financial Services,Insurance - Diversified,False,False,True,,non_us_company
CCU,Compañía Cervecerías Unidas S.A.,2122794735,11.49,46901,538892.49,New York Stock Exchange,NYSE,CL,Consumer Defensive,Beverages - Alcoholic,False,False,True,,non_us_company
IQMX,IQM Quantum Computers Oyj,2088787972,9.9,367329,3636557.1,NASDAQ,NASDAQ,FI,Technology,Computer Hardware,False,False,True,,non_us_company
SVM,Silvercorp Metals Inc.,2070460080,9.36,1421877,13308768.72,New York Stock Exchange American,AMEX,CA,Basic Materials,Silver,False,False,True,,non_us_company
ZLAB,Zai Lab Limited,2063094696,18.27,347312,6345390.24,NASDAQ Global Market,NASDAQ,CN,Healthcare,Biotechnology,False,False,True,,non_us_company
BBUC,Brookfield Business Corporation,2042031273,29.63,531408,15745619.04,New York Stock Exchange,NYSE,BM,Industrials,Conglomerates,False,False,True,,non_us_company
VNET,"VNET Group, Inc.",2004454915,7.17,6742214,48341674.38,NASDAQ Global Select,NASDAQ,CN,Technology,Information Technology Services,False,False,True,,non_us_company
PLBL,Polibeli Group Ltd,1989483968,5.43,93926,510018.18,NASDAQ Global Market,NASDAQ,ID,Consumer Cyclical,Department Stores,False,False,True,,non_us_company
KARO,Karooooo Ltd.,1984431126,64.235,138615,8903934.525,NASDAQ Capital Market,NASDAQ,SG,Technology,Software - Application,False,False,True,,non_us_company
DAO,"Youdao, Inc.",1983819214,16.8,71419,1199839.2,New York Stock Exchange,NYSE,CN,Consumer Defensive,Education & Training Services,False,False,True,,non_us_company
ECO,Okeanis Eco Tankers Corp.,1972480059,60.33,322873,19478928.09,New York Stock Exchange,NYSE,GR,Industrials,Marine Shipping,False,False,True,,non_us_company
WB,Weibo Corporation,1948308201,8.15,467668,3811494.20,NASDAQ Global Select,NASDAQ,CN,Communication Services,Internet Content & Information,False,False,True,,non_us_company
NBTX,Nanobiotix S.A.,1942184347,38.385,129980,4989282.300,NASDAQ Global Select,NASDAQ,FR,Healthcare,Biotechnology,False,False,True,,non_us_company
HCM,HUTCHMED (China) Limited,1941818022,11.13,38174,424876.62,NASDAQ Global Select,NASDAQ,HK,Healthcare,Drug Manufacturers - Specialty & Generic,False,False,True,,non_us_company
GHRS,GH Research PLC,1924400604,28.07,173975,4883478.25,NASDAQ Global Market,NASDAQ,IE,Healthcare,Biotechnology,False,False,True,,non_us_company
AUPH,Aurinia Pharmaceuticals Inc.,1913597760,14.88,1654385,24617248.80,NASDAQ Global Market,NASDAQ,CA,Healthcare,Biotechnology,False,False,True,,non_us_company
SIND,Sinda Ltd.,1907870416,12.81,97749,1252164.69,New York Stock Exchange,NYSE,MX,Basic Materials,Other Precious Metals,False,False,True,,non_us_company
CMRE,Costamare Inc.,1881103633,15.58,221759,3455005.22,New York Stock Exchange,NYSE,MC,Industrials,Marine Shipping,False,False,True,,non_us_company
BVC,BitVentures Limited,1878240000,11.18,282741,3161044.38,NASDAQ Capital Market,NASDAQ,HK,Technology,Software - Application,False,False,True,,non_us_company
EVTC,"EVERTEC, Inc.",1875723271,30.44,360127,10962265.88,New York Stock Exchange,NYSE,PR,Technology,Software - Infrastructure,False,False,True,,non_us_company
BRSL,Brightstar Lottery PLC,1847269640,10.04,1096580,11009663.20,New York Stock Exchange,NYSE,GB,Consumer Cyclical,"Gambling, Resorts & Casinos",False,False,True,,non_us_company
MESO,Mesoblast Limited,1837793553,14.17,158889,2251457.13,NASDAQ Global Select,NASDAQ,AU,Healthcare,Biotechnology,False,False,True,,non_us_company
CPRI,Capri Holdings Limited,1828701969,15.93,2715978,43265529.54,New York Stock Exchange,NYSE,GB,Consumer Cyclical,Apparel - Footwear & Accessories,False,False,True,,non_us_company
VET,Vermilion Energy Inc.,1821376000,11.92,2403349,28647920.08,New York Stock Exchange,NYSE,CA,Energy,Oil & Gas Exploration & Production,False,False,True,,non_us_company
QFIN,"Qfin Holdings, Inc.",1806969355,13.88,1065995,14796010.60,NASDAQ Global Select,NASDAQ,CN,Financial Services,Financial - Credit Services,False,False,True,,non_us_company
LKFT,Lakefront Biotherapeutics N.V.,1793060064,27.21,175223,4767817.83,NASDAQ Global Select,NASDAQ,BE,Healthcare,Biotechnology,False,False,True,,non_us_company
GENI,Genius Sports Limited,1784738340,6.93,4816723,33379890.39,New York Stock Exchange,NYSE,GB,Communication Services,Internet Content & Information,False,False,True,,non_us_company
CYD,China Yuchai International Limited,1769364301,47.16,58111,2740514.76,New York Stock Exchange,NYSE,SG,Industrials,Industrial - Machinery,False,False,True,,non_us_company
WRD,WeRide Inc.,1767091680,5.82,1071786,6237794.52,NASDAQ Global Market,NASDAQ,CN,Technology,Software - Application,False,False,True,,non_us_company
DRD,DRDGOLD Limited,1764620213,20.42,187228,3823195.76,New York Stock Exchange,NYSE,ZA,Basic Materials,Gold,False,False,True,,non_us_company
ABCL,AbCellera Biologics Inc.,1743691250,5.71,4988566,28484711.86,NASDAQ Global Select,NASDAQ,CA,Healthcare,Biotechnology,False,False,True,,non_us_company
PAX,Patria Investments Ltd,1733423045,10.82,1830399,19804917.18,NASDAQ,NASDAQ,KY,Financial Services,Asset Management,False,False,True,,non_us_company
ARCO,Arcos Dorados Holdings Inc.,1721117037,8.17,1133703,9262353.51,New York Stock Exchange,NYSE,UY,Consumer Cyclical,Restaurants,False,False,True,,non_us_company
NVCR,Novocure Ltd,1718782750,14.84,1187023,17615421.32,NASDAQ,NASDAQ,CH,Healthcare,Medical - Devices,False,False,True,,non_us_company
IMCR,Immunocore Holdings plc,1718627486,33.81,758651,25649990.31,NASDAQ Global Select,NASDAQ,GB,Healthcare,Biotechnology,False,False,True,,non_us_company
PICS,PicS N.V.,1710555634,13.2,129255,1706166.0,NASDAQ Global Select,NASDAQ,BR,Technology,Software - Infrastructure,False,False,True,,non_us_company
NEXA,Nexa Resources S.A.,1701836151,12.85,308349,3962284.65,New York Stock Exchange,NYSE,LU,Basic Materials,Industrial Materials,False,False,True,,non_us_company
OPRA,Opera Limited,1692551076,18.9,188759,3567545.1,NASDAQ,NASDAQ,NO,Communication Services,Internet Content & Information,False,False,True,,non_us_company
FLNG,FLEX LNG Ltd,1688223055,31.21,245295,7655656.95,New York Stock Exchange,NYSE,BM,Energy,Oil & Gas Midstream,False,False,True,,non_us_company
BLX,"Bladex, Inc.",1682527930,58.55,104707,6130594.85,New York Stock Exchange,NYSE,PA,Financial Services,Banks - Regional,False,False,True,,non_us_company
NOMD,Nomad Foods Limited,1663512900,11.9,938862,11172457.8,New York Stock Exchange,NYSE,GB,Consumer Defensive,Packaged Foods,False,False,True,,non_us_company
IMOS,ChipMOS TECHNOLOGIES Inc.,1658959710,47.4,75775,3591735.0,NASDAQ Global Select,NASDAQ,TW,Technology,Semiconductors,False,False,True,,non_us_company
ADNT,Adient plc,1649817662,21.04,940823,19794915.92,New York Stock Exchange,NYSE,IE,Consumer Cyclical,Auto - Parts,False,False,True,,non_us_company
SFL,SFL Corporation Ltd,1640962403,12.34,767488,9470801.92,New York Stock Exchange,NYSE,BM,Industrials,Marine Shipping,False,False,True,,non_us_company
AAPG,Ascentage Pharma Group International,1619886705,17.425,3720,64821.000,NASDAQ Global Market,NASDAQ,CN,Healthcare,Biotechnology,False,False,True,,non_us_company
GSL,"Global Ship Lease, Inc.",1592612988,44.34,241597,10712410.98,New York Stock Exchange,NYSE,GR,Industrials,Marine Shipping,False,False,True,,non_us_company
GLOB,Globant S.A.,1580371750,36.6,1418045,51900447.0,New York Stock Exchange,NYSE,LU,Technology,Information Technology Services,False,False,True,,non_us_company
MLTX,MoonLake Immunotherapeutics,1551087976,18.44,791757,14599999.08,NASDAQ Capital Market,NASDAQ,CH,Healthcare,Biotechnology,False,False,True,,non_us_company
TMC,TMC the metals company inc.,1542267251,3.56,3045774,10842955.44,NASDAQ,NASDAQ,CA,Basic Materials,Other Precious Metals,False,False,True,,non_us_company
RERE,ATRenew Inc.,1537637989,4.24,630064,2671471.36,New York Stock Exchange,NYSE,CN,Consumer Cyclical,Specialty Retail,False,False,True,,non_us_company
CMPS,COMPASS Pathways plc,1531379398,11.35,1981238,22487051.30,NASDAQ Global Select,NASDAQ,GB,Healthcare,Biotechnology,False,False,True,,non_us_company
PLTK,Playtika Holding Corp.,1517714385,3.99,695348,2774438.52,NASDAQ Global Select,NASDAQ,IL,Technology,Electronic Gaming & Multimedia,False,False,True,,non_us_company
TV,"Grupo Televisa, S.A.B.",1475768000,2.8,422590,1183252.0,New York Stock Exchange,NYSE,MX,Communication Services,Telecommunications Services,False,False,True,,non_us_company
PRGO,Perrigo Company plc,1398898155,10.11,1951483,19729493.13,New York Stock Exchange,NYSE,IE,Healthcare,Drug Manufacturers - Specialty & Generic,False,False,True,,non_us_company
ALVO,Alvotech,1393465704,4.12,1720160,7087059.20,NASDAQ Global Market,NASDAQ,LU,Healthcare,Drug Manufacturers - Specialty & Generic,False,False,True,,non_us_company
LSPD,Lightspeed Commerce Inc.,1392905250,10.11,1101325,11134395.75,New York Stock Exchange,NYSE,CA,Technology,Software - Application,False,False,True,,non_us_company
NAT,Nordic American Tankers Limited,1382734030,6.53,2532118,16534730.54,New York Stock Exchange,NYSE,BM,Industrials,Marine Shipping,False,False,True,,non_us_company
NVGS,Navigator Holdings Ltd.,1379483996,22.35,200021,4470469.35,New York Stock Exchange,NYSE,GB,Industrials,Marine Shipping,False,False,True,,non_us_company
DOLE,Dole plc,1345547553,14.14,846190,11965126.60,New York Stock Exchange,NYSE,IE,Consumer Defensive,Agricultural Farm Products,False,False,True,,non_us_company
LOMA,Loma Negra Compañía Industrial Argentina Sociedad Anónima,1339676968,11.48,232833,2672922.84,New York Stock Exchange,NYSE,AR,Basic Materials,Construction Materials,False,False,True,,non_us_company
CCEC,Capital Clean Energy Carriers Corp.,1339327555,22.28,8967,199784.76,NASDAQ Global Market,NASDAQ,GR,Industrials,Marine Shipping,False,False,True,,non_us_company
MGRT,Mega Fortune Company Limited,1304875000,94.9,45637,4330951.3,NASDAQ Global Market,NASDAQ,HK,Technology,Information Technology Services,False,False,True,,non_us_company
AFYA,Afya Limited,1287861920,14.27,49198,702055.46,NASDAQ Global Select,NASDAQ,BR,Consumer Defensive,Education & Training Services,False,False,True,,non_us_company
NBR,Nabors Industries Ltd.,1267565524,85.67,291757,24994822.19,New York Stock Exchange,NYSE,BM,Energy,Oil & Gas Drilling,False,False,True,,non_us_company
CLVT,Clarivate Plc,1266534720,1.98,5718565,11322758.70,New York Stock Exchange,NYSE,GB,Technology,Information Technology Services,False,False,True,,non_us_company
SLSR,Solaris Resources Inc,1257773550,7.53,55891,420859.23,New York Stock Exchange Arca,AMEX,CH,Basic Materials,Other Precious Metals,False,False,True,,non_us_company
USAS,Americas Gold and Silver Corporation,1248887880,3.82,3836233,14654410.06,New York Stock Exchange American,AMEX,CA,Basic Materials,Industrial Materials,False,False,True,,non_us_company
BORR,Borr Drilling Limited,1240035352,4.03,3077377,12401829.31,New York Stock Exchange,NYSE,BM,Energy,Oil & Gas Drilling,False,False,True,,non_us_company
IQ,"iQIYI, Inc.",1224679329,1.27,4672511,5934088.97,NASDAQ Global Select,NASDAQ,CN,Communication Services,Entertainment,False,False,True,,non_us_company
TEN,Tsakos Energy Navigation Limited,1208719432,40.12,171198,6868463.76,New York Stock Exchange,NYSE,GR,Energy,Oil & Gas Midstream,False,False,True,,non_us_company
FINV,FinVolution Group,1204723694,4.85,148132,718440.20,New York Stock Exchange,NYSE,CN,Financial Services,Financial - Credit Services,False,False,True,,non_us_company
IGIC,International General Insurance Holdings Ltd.,1190478722,27.91,48726,1359942.66,NASDAQ,NASDAQ,JO,Financial Services,Insurance - Diversified,False,False,True,,non_us_company
IRS,IRSA Inversiones y Representaciones Sociedad Anónima,1174090938,15.19,101190,1537076.10,New York Stock Exchange,NYSE,AR,Real Estate,Real Estate - Diversified,False,False,True,,non_us_company
EDN,Empresa Distribuidora y Comercializadora Norte Sociedad Anónima,1173812420,26.83,126037,3381572.71,New York Stock Exchange,NYSE,AR,Utilities,Regulated Electric,False,False,True,,non_us_company
IMTX,Immatics N.V.,1161280020,8.66,190520,1649903.20,NASDAQ Capital Market,NASDAQ,DE,Healthcare,Biotechnology,False,False,True,,non_us_company
AGBK,AGI Inc,1135516121,7.1,206559,1466568.9,New York Stock Exchange,NYSE,BR,Financial Services,Banks - Regional,False,False,True,,non_us_company
RDWR,Radware Ltd.,1129993740,26.19,258174,6761577.06,NASDAQ Global Select,NASDAQ,IL,Technology,Software - Infrastructure,False,False,True,,non_us_company
LUXE,LuxExperience B.V.,1118682105,8.15,58059,473180.85,New York Stock Exchange,NYSE,DE,Consumer Cyclical,Luxury Goods,False,False,True,,non_us_company
VZLA,Vizsla Silver Corp.,1102196928,3.14,4970060,15605988.40,New York Stock Exchange American,AMEX,CA,Basic Materials,Industrial Materials,False,False,True,,non_us_company
SGML,Sigma Lithium Corporation,1099547610,9.87,1526903,15070532.61,NASDAQ Capital Market,NASDAQ,CA,Basic Materials,Industrial Materials,False,False,True,,non_us_company
ITRN,Ituran Location and Control Ltd.,1097330976,55.16,142637,7867856.92,NASDAQ Global Select,NASDAQ,IL,Technology,Communication Equipment,False,False,True,,non_us_company
CRTO,Criteo S.A.,1096335579,21.82,233974,5105312.68,NASDAQ,NASDAQ,FR,Communication Services,Advertising Agencies,False,False,True,,non_us_company
DRTS,Alpha Tau Medical Ltd,1064942078,11.79,255835,3016294.65,NASDAQ,NASDAQ,IL,Healthcare,Medical - Equipment & Services,False,False,True,,non_us_company
SIFY,Sify Technologies Limited,1060442749,14.64,69463,1016938.32,NASDAQ Capital Market,NASDAQ,IN,Technology,Information Technology Services,False,False,True,,non_us_company
WVE,Wave Life Sciences Ltd.,1060135020,5.51,2866818,15796167.18,NASDAQ,NASDAQ,SG,Healthcare,Biotechnology,False,False,True,,non_us_company
CRON,Cronos Group Inc.,1057463570,2.83,723830,2048438.90,NASDAQ Global Market,NASDAQ,CA,Healthcare,Drug Manufacturers - Specialty & Generic,False,False,True,,non_us_company
MUX,McEwen Mining Inc.,1032906329,17.29,445267,7698666.43,New York Stock Exchange,NYSE,CA,Basic Materials,Other Precious Metals,False,False,True,,non_us_company
TUYA,Tuya Inc.,1030025914,1.68,311782,523793.76,New York Stock Exchange,NYSE,CN,Technology,Software - Infrastructure,False,False,True,,non_us_company
CSIQ,Canadian Solar Inc.,1023882236,15.08,1756871,26493614.68,NASDAQ Global Select,NASDAQ,CA,Technology,Solar,False,False,True,,non_us_company
PSNY,Polestar Automotive Holding UK PLC,1014061824,14.4,114473,1648411.2,NASDAQ Global Market,NASDAQ,SE,Consumer Cyclical,Auto - Manufacturers,False,False,True,,non_us_company
TK,Teekay Corporation,1013687470,11.65,387130,4510064.50,New York Stock Exchange,NYSE,BM,Energy,Oil & Gas Midstream,False,False,True,,non_us_company
CPAC,Cementos Pacasmayo S.A.A.,1010332142,11.8,26158,308664.4,New York Stock Exchange,NYSE,PE,Basic Materials,Construction Materials,False,False,True,,non_us_company
ELE,Elemental Royalty Corporation Common Stock,1008882080,15.67,139789,2190493.63,NASDAQ Global Market,NASDAQ,CA,Basic Materials,Other Precious Metals,False,False,True,,non_us_company
AEBI,Aebi Schmidt Holding AG,999053951,12.89,230921,2976571.69,NASDAQ Global Market,NASDAQ,CH,Industrials,General Transportation,False,False,True,,non_us_company
PDS,Precision Drilling Corporation,999036018,77.73,84592,6575336.16,New York Stock Exchange,NYSE,CA,Energy,Oil & Gas Drilling,False,False,True,,non_us_company
LAR,Lithium Argentina AG,984642340,6.01,1890562,11362277.62,New York Stock Exchange,NYSE,CH,Basic Materials,Industrial Materials,False,False,True,,non_us_company
MOMO,Hello Group Inc.,977404790,5.99,383589,2297698.11,NASDAQ Global Select,NASDAQ,CN,Communication Services,Internet Content & Information,False,False,True,,non_us_company
ADSE,ADS-TEC Energy PLC,967670897,12.88,113116,1456934.08,NASDAQ Capital Market,NASDAQ,IE,Industrials,Electrical Equipment & Parts,False,False,True,,non_us_company
TBN,Tamboran Resources Corp,941542145,33.25,90772,3018169.00,New York Stock Exchange,NYSE,AU,Energy,Oil & Gas Exploration & Production,False,False,True,,non_us_company
HEPS,D-Market Elektronik Hizmetler ve Ticaret A.S.,935814340,2.95,85896,253393.20,NASDAQ Global Select,NASDAQ,TR,Consumer Cyclical,Specialty Retail,False,False,True,,non_us_company
AZUL,Azul S.A.,935250048,9,516177,4645593,New York Stock Exchange,NYSE,BR,Industrials,"Airlines, Airports & Air Services",False,False,True,,non_us_company
BAK,Braskem S.A.,928468195,2.33,2525751,5884999.83,New York Stock Exchange,NYSE,BR,Basic Materials,Chemicals,False,False,True,,non_us_company
POET,POET Technologies Inc.,922769220,6.99,11604712,81116936.88,NASDAQ,NASDAQ,CA,Technology,Semiconductors,False,False,True,,non_us_company
ASM,Avino Silver & Gold Mines Ltd.,907171330,5.33,2669168,14226665.44,New York Stock Exchange American,AMEX,CA,Basic Materials,Other Precious Metals,False,False,True,,non_us_company
BUR,Burford Capital Limited,902549085,4.12,1220739,5029444.68,New York Stock Exchange,NYSE,GG,Financial Services,Asset Management,False,False,True,,non_us_company
VLRS,"Controladora Vuela Compañía de Aviación, S.A.B. de C.V.",900069196,7.83,274038,2145717.54,New York Stock Exchange,NYSE,MX,Industrials,"Airlines, Airports & Air Services",False,False,True,,non_us_company
TIGR,UP Fintech Holding Ltd. Sponsored ADR Class A,875633210,4.9,1099021,5385202.9,NASDAQ Global Select,NASDAQ,SG,Financial Services,Financial - Capital Markets,False,False,True,,non_us_company
INMD,InMode Ltd.,870259312,15.14,472430,7152590.20,NASDAQ Global Select,NASDAQ,IL,Healthcare,Medical - Devices,False,False,True,,non_us_company
GOOS,Canada Goose Holdings Inc.,867580701,8.93,880460,7862507.80,New York Stock Exchange,NYSE,CA,Consumer Cyclical,Apparel - Manufacturers,False,False,True,,non_us_company
NEWP,New Pacific Metals Corp.,853866720,4.64,431796,2003533.44,New York Stock Exchange American,AMEX,CA,Basic Materials,Silver,False,False,True,,non_us_company
GILT,Gilat Satellite Networks Ltd.,833953975,11.05,261444,2888956.20,NASDAQ Global Select,NASDAQ,IL,Technology,Communication Equipment,False,False,True,,non_us_company
YALA,Yalla Group Limited,832247920,5.39,112297,605280.83,New York Stock Exchange,NYSE,AE,Technology,Software - Application,False,False,True,,non_us_company
SUPV,Grupo Supervielle S.A.,828186863,9.46,565920,5353603.20,New York Stock Exchange,NYSE,AR,Financial Services,Banks - Regional,False,False,True,,non_us_company
DQ,Daqo New Energy Corp.,823496875,12.17,471563,5738921.71,New York Stock Exchange,NYSE,CN,Energy,Solar,False,False,True,,non_us_company
GFUZ,General Fusion Group Ltd.,814495474,10.09,352203,3553728.27,NASDAQ,NASDAQ,CA,Utilities,Renewable Utilities,False,False,True,,non_us_company
ODD,Oddity Tech Ltd.,808218509,14.18,608902,8634230.36,NASDAQ Global Market,NASDAQ,IL,Consumer Defensive,Household & Personal Products,False,False,True,,non_us_company
BLDP,Ballard Power Systems Inc.,804940517,2.67,6990179,18663777.93,NASDAQ Global Market,NASDAQ,CA,Industrials,Electrical Equipment & Parts,False,False,True,,non_us_company
RSKD,Riskified Ltd.,798943192,5.19,342361,1776853.59,New York Stock Exchange,NYSE,IL,Technology,Software - Application,False,False,True,,non_us_company
SB,"Safe Bulkers, Inc.",795265590,7.81,638558,4987137.98,New York Stock Exchange,NYSE,MC,Industrials,Marine Shipping,False,False,True,,non_us_company
ENRD,Einride AB,792910096,5.5,81846,450153.0,NASDAQ,NASDAQ,SE,Technology,Software - Application,False,False,True,,non_us_company
NAK,Northern Dynasty Minerals Ltd.,784435624,1.4,2751476,3852066.4,New York Stock Exchange American,AMEX,CA,Basic Materials,Industrial Materials,False,False,True,,non_us_company
HKD,AMTD Digital Inc.,769075933,1.61,38713,62327.93,New York Stock Exchange,NYSE,FR,Technology,Software - Application,False,False,True,,non_us_company
VTEX,Vtex,762734153,4.31,830758,3580566.98,New York Stock Exchange,NYSE,KY,Technology,Software - Application,False,False,True,,non_us_company
HSHP,Himalaya Shipping Ltd.,740647950,15.71,280123,4400732.33,New York Stock Exchange,NYSE,BM,Industrials,Marine Shipping,False,False,True,,non_us_company
OGG,Osisko Gold Group Inc.,728284093,2.39,1174307,2806593.73,New York Stock Exchange,NYSE,CA,Basic Materials,Gold,False,False,True,,non_us_company
CRESY,"Cresud Sociedad Anónima, Comercial, Inmobiliaria, Financiera y Agropecuaria",727239782,11.21,269678,3023090.38,NASDAQ Global Select,NASDAQ,AR,Industrials,Conglomerates,False,False,True,,non_us_company
OBE,Obsidian Energy Ltd.,715846953,10.72,700228,7506444.16,New York Stock Exchange American,AMEX,CA,Energy,Oil & Gas Exploration & Production,False,False,True,,non_us_company
PHAR,Pharming Group N.V.,713443248,10.08,26721,269347.68,NASDAQ Global Market,NASDAQ,NL,Healthcare,Biotechnology,False,False,True,,non_us_company
ASC,Ardmore Shipping Corporation,709557457,17.39,500066,8696147.74,New York Stock Exchange,NYSE,BM,Industrials,Marine Shipping,False,False,True,,non_us_company
KRNT,Kornit Digital Ltd.,705302060,15.22,90335,1374898.70,NASDAQ Global Select,NASDAQ,IL,Industrials,Industrial - Machinery,False,False,True,,non_us_company
MTA,Metalla Royalty & Streaming Ltd.,687738728,7.36,232888,1714055.68,New York Stock Exchange Arca,AMEX,CA,Basic Materials,Gold,False,False,True,,non_us_company
EVO,Evotec SE,678508400,1.91,34055,65045.05,NASDAQ Global Select,NASDAQ,DE,Healthcare,Drug Manufacturers - Specialty & Generic,False,False,True,,non_us_company
ATHM,Autohome Inc.,671985500,23.22,701306,16284325.32,New York Stock Exchange,NYSE,CN,Communication Services,Internet Content & Information,False,False,True,,non_us_company
GOTU,Gaotu Techedu Inc.,660196206,1.82,331837,603943.34,New York Stock Exchange,NYSE,CN,Consumer Defensive,Education & Training Services,False,False,True,,non_us_company
CGNT,Cognyte Software Ltd.,658930809,8.94,325019,2905669.86,NASDAQ Global Select,NASDAQ,IL,Technology,Software - Infrastructure,False,False,True,,non_us_company
LU,Lufax Holding Ltd,654058447,1.56,498486,777638.16,New York Stock Exchange,NYSE,CN,Financial Services,Financial - Credit Services,False,False,True,,non_us_company
RZLV,Rezolve AI PLC,649852815,2.43,7280958,17692727.94,NASDAQ Global Market,NASDAQ,GB,Technology,Software - Application,False,False,True,,non_us_company
OCS,Oculis Holding AG,646587045,11.31,192819,2180782.89,NASDAQ Global Market,NASDAQ,CH,Healthcare,Biotechnology,False,False,True,,non_us_company
HELE,Helen of Troy Limited,643559645,27.63,275770,7619525.10,NASDAQ Global Select,NASDAQ,BM,Consumer Defensive,Household & Personal Products,False,False,True,,non_us_company
LAC,Lithium Americas Corp.,640809668,2.87,4374686,12555348.82,New York Stock Exchange,NYSE,CA,Basic Materials,Industrial Materials,False,False,True,,non_us_company
BWMX,"Betterware de Mexico, S.A.P.I. de C.V.",633891518,17.02,76239,1297587.78,New York Stock Exchange,NYSE,MX,Consumer Cyclical,Specialty Retail,False,False,True,,non_us_company
VINP,Vinci Compass Investments Ltd.,629299059,9.86,18744,184815.84,NASDAQ Global Select,NASDAQ,BR,Financial Services,Asset Management,False,False,True,,non_us_company
SMWB,Similarweb Ltd.,628095585,7.17,315367,2261181.39,New York Stock Exchange,NYSE,IL,Technology,Software - Application,False,False,True,,non_us_company
HSLV,Highlander Silver Corp.,625937114,4.27,209318,893787.86,New York Stock Exchange American,AMEX,CA,Basic Materials,Silver,False,False,True,,non_us_company
HQ,Horizon Quantum Holdings Ltd. Class A Ordinary Shares,623063895,12.08,229266,2769533.28,NASDAQ Global Select,NASDAQ,SG,Technology,Software - Infrastructure,False,False,True,,non_us_company
VBNK,VersaBank,622664780,19.34,76165,1473031.10,NASDAQ Global Select,NASDAQ,CA,Financial Services,Banks - Regional,False,False,True,,non_us_company
MAKO,Mako Mining Corp Common Stock,621708660,7.1,94112,668195.2,NASDAQ Global Market,NASDAQ,CA,Basic Materials,Gold,False,False,True,,non_us_company
BRAI,Braiin Ltd,613715660,5.54,65072,360498.88,NASDAQ Global Market,NASDAQ,AU,Technology,Software - Application,False,False,True,,non_us_company
ISOU,IsoEnergy Ltd.,606231956,9.29,103431,960873.99,New York Stock Exchange American,AMEX,CA,Energy,Uranium,False,False,True,,non_us_company
SCZM,Santacruz Silver Mining Ltd.,599104916,6.46,315351,2037167.46,NASDAQ,NASDAQ,CA,Basic Materials,Other Precious Metals,False,False,True,,non_us_company
BWAY,BrainsWay Ltd.,597366290,15.23,179274,2730343.02,NASDAQ Global Market,NASDAQ,IL,Healthcare,Medical - Devices,False,False,True,,non_us_company
GSM,Ferroglobe PLC,594217980,3.18,930173,2957950.14,NASDAQ,NASDAQ,GB,Basic Materials,Industrial Materials,False,False,True,,non_us_company
ROMA,Roma Green Finance Limited Ordinary Shares,587902306,9.87,19498,192445.26,NASDAQ Capital Market,NASDAQ,HK,Industrials,Consulting Services,False,False,True,,non_us_company
DDI,"DoubleDown Interactive Co., Ltd.",573828835,11.58,54279,628550.82,NASDAQ,NASDAQ,KR,Technology,Electronic Gaming & Multimedia,False,False,True,,non_us_company
NEXN,Nexxen International Ltd.,572809824,10.28,409749,4212219.72,NASDAQ Global Market,NASDAQ,IL,Communication Services,Advertising Agencies,False,False,True,,non_us_company
NKLR,Terra Innovatum Global N.V. Ordinary shares,567974667,5.14,2755573,14163645.22,NASDAQ Global Select,NASDAQ,IT,Utilities,Regulated Electric,False,False,True,,non_us_company
NOAH,Noah Holdings Limited,564024673,8.45,85982,726547.90,New York Stock Exchange,NYSE,SG,Financial Services,Asset Management,False,False,True,,non_us_company
HUYA,HUYA Inc.,560812906,2.45,209546,513387.70,New York Stock Exchange,NYSE,CN,Communication Services,Entertainment,False,False,True,,non_us_company
ESEA,Euroseas Ltd.,556951776,78.94,35206,2779161.64,NASDAQ Capital Market,NASDAQ,GR,Industrials,Marine Shipping,False,False,True,,non_us_company
DDL,Dingdong (Cayman) Limited,556569948,2.57,530419,1363176.83,New York Stock Exchange,NYSE,CN,Consumer Defensive,Grocery Stores,False,False,True,,non_us_company
GLRE,"Greenlight Capital Re, Ltd.",552221359,16.65,110666,1842588.90,NASDAQ,NASDAQ,KY,Financial Services,Insurance - Reinsurance,False,False,True,,non_us_company
TSAT,Telesat Corporation,551075288,37.26,132151,4923946.26,NASDAQ Global Select,NASDAQ,CA,Communication Services,Telecommunications Services,False,False,True,,non_us_company
TLRY,"Tilray Brands, Inc.",544813620,4.54,6290949,28560908.46,NASDAQ Global Select,NASDAQ,CA,Healthcare,Drug Manufacturers - Specialty & Generic,False,False,True,,non_us_company
TMQ,Trilogy Metals Inc.,540693850,3.13,1067445,3341102.85,New York Stock Exchange American,AMEX,CA,Basic Materials,Industrial Materials,False,False,True,,non_us_company
BOT,"RoboStrategy, Inc. Common Stock",526722885,25.98,769034,19979503.32,NASDAQ Global Market,NASDAQ,PR,Financial Services,Asset Management,False,False,True,,non_us_company
DCBO,Docebo Inc.,524659396,20.67,34621,715616.07,NASDAQ,NASDAQ,CA,Technology,Software - Application,False,False,True,,non_us_company
CRML,Critical Metals Corp.,512970041,5.49,5100223,28000224.27,NASDAQ Global Market,NASDAQ,VG,Basic Materials,Industrial Materials,False,False,True,,non_us_company
GPRK,GeoPark Limited,511615260,9.75,306594,2989291.50,New York Stock Exchange,NYSE,CO,Energy,Oil & Gas Exploration & Production,False,False,True,,non_us_company
PHOE,Phoenix Asia Holdings Limited Ordinary Shares,511272000,23.67,41489,982044.63,NASDAQ Capital Market,NASDAQ,HK,Industrials,Engineering & Construction,False,False,True,,non_us_company
TATT,TAT Technologies Ltd.,505042590,38.9,222173,8642529.7,NASDAQ Global Market,NASDAQ,IL,Industrials,Aerospace & Defense,False,False,True,,non_us_company
UROY,Uranium Royalty Corp.,498042200,3.4,5093402,17317566.8,NASDAQ Capital Market,NASDAQ,CA,Energy,Uranium,False,False,True,,non_us_company
SLI,Standard Lithium Ltd.,497472360,2.04,1677964,3423046.56,New York Stock Exchange American,AMEX,CA,Basic Materials,Industrial Materials,False,False,True,,non_us_company
SLN,Silence Therapeutics plc,495484115,10.49,554965,5821582.85,NASDAQ Global Market,NASDAQ,GB,Healthcare,Biotechnology,False,False,True,,non_us_company
BTQ,BTQ Technologies Corp. Common Stock,491980070,3.47,1068168,3706542.96,NASDAQ Global Market,NASDAQ,CA,Technology,Software - Infrastructure,False,False,True,,non_us_company
GROY,Gold Royalty Corp.,491249998,2.6,1838938,4781238.8,New York Stock Exchange American,AMEX,CA,Basic Materials,Gold,False,False,True,,non_us_company
HELP,Cybin Inc. Common Stock,484715662,7.82,674460,5274277.20,NASDAQ Global Market,NASDAQ,CA,Healthcare,Biotechnology,False,False,True,,non_us_company
CMDB,Costamare Bulkers Holdings Limited,474153588,19.56,38884,760571.04,New York Stock Exchange,NYSE,MC,Industrials,Marine Shipping,False,False,True,,non_us_company
ZKH,ZKH Group Limited,473260746,2.92,261126,762487.92,New York Stock Exchange,NYSE,CN,Consumer Cyclical,Specialty Retail,False,False,True,,non_us_company
VALN,Valneva SE,471271995,4.97,22948,114051.56,NASDAQ Global Select,NASDAQ,FR,Healthcare,Biotechnology,False,False,True,,non_us_company
CWCO,Consolidated Water Co. Ltd.,467205548,29.2,78852,2302478.4,NASDAQ Global Select,NASDAQ,KY,Utilities,Regulated Water,False,False,True,,non_us_company
ADUR,Aduro Clean Technologies Inc.,466238032,13.78,321729,4433425.62,NASDAQ Capital Market,NASDAQ,CA,Industrials,Industrial - Pollution & Treatment Controls,False,False,True,,non_us_company
OTLY,Oatly Group AB,464940250,14.89,132552,1973699.28,NASDAQ Global Select,NASDAQ,SE,Consumer Defensive,Packaged Foods,False,False,True,,non_us_company
WRN,Western Copper and Gold Corporation,460292238,2.04,709683,1447753.32,New York Stock Exchange American,AMEX,CA,Basic Materials,Industrial Materials,False,False,True,,non_us_company
GFR,Greenfire Resources Ltd.,458945163,6.34,688166,4362972.44,New York Stock Exchange,NYSE,CA,Energy,Oil & Gas Exploration & Production,False,False,True,,non_us_company
THM,International Tower Hill Mines Ltd.,457864750,1.75,1122010,1963517.50,New York Stock Exchange American,AMEX,CA,Basic Materials,Gold,False,False,True,,non_us_company
GAU,Galiano Gold Inc.,454511949,1.74,4646050,8084127.00,New York Stock Exchange American,AMEX,CA,Basic Materials,Gold,False,False,True,,non_us_company
QNC,Quantum eMotion Corp.,451901520,2.06,287729,592721.74,New York Stock Exchange American,AMEX,CA,Technology,Software - Infrastructure,False,False,True,,non_us_company
VMET,Versamet Royalties Corporation Common Stock,449576227,8.83,113393,1001260.19,NASDAQ Global Market,NASDAQ,CA,Basic Materials,Industrial Materials,False,False,True,,non_us_company
NNNN,Anbio Biotechnology Class A Ordinary Shares,434522880,9.9,33073,327422.7,NASDAQ Global Select,NASDAQ,DE,Healthcare,Medical - Instruments & Supplies,False,False,True,,non_us_company
OWLS,OBOOK Holdings Inc.,433187487,5.235,9405,49235.175,NASDAQ Global Select,NASDAQ,TW,Technology,Software - Infrastructure,False,False,True,,non_us_company
CINT,CI&T Inc,430997600,3.35,116163,389146.05,New York Stock Exchange,NYSE,BR,Technology,Software - Infrastructure,False,False,True,,non_us_company
GRVY,"Gravity Co., Ltd.",430484355,61.95,31257,1936371.15,NASDAQ Global Market,NASDAQ,KR,Technology,Electronic Gaming & Multimedia,False,False,True,,non_us_company
BMM,Blue Moon Metals Inc.,427608684,5.16,61182,315699.12,NASDAQ,NASDAQ,CA,Basic Materials,Other Precious Metals,False,False,True,,non_us_company
PRTA,Prothena Corporation plc,425108284,8.12,527147,4280433.64,NASDAQ,NASDAQ,IE,Healthcare,Biotechnology,False,False,True,,non_us_company
ITRG,Integra Resources Corp.,423795426,2.09,1688356,3528664.04,New York Stock Exchange American,AMEX,CA,Basic Materials,Other Precious Metals,False,False,True,,non_us_company
PSFE,Paysafe Limited,417544948,8.08,226617,1831065.36,New York Stock Exchange,NYSE,GB,Technology,Information Technology Services,False,False,True,,non_us_company
CDRO,"Codere Online Luxembourg, S.A.",417413820,9.18,40780,374360.40,NASDAQ Capital Market,NASDAQ,LU,Consumer Cyclical,"Gambling, Resorts & Casinos",False,False,True,,non_us_company
SOHU,Sohu.com Limited,417007098,13.87,21401,296831.87,NASDAQ Global Select,NASDAQ,CN,Communication Services,Internet Content & Information,False,False,True,,non_us_company
KMDA,Kamada Ltd.,411937102,7.14,70061,500235.54,NASDAQ Global Select,NASDAQ,IL,Healthcare,Drug Manufacturers - Specialty & Generic,False,False,True,,non_us_company
ELVA,Electrovaya Inc.,406951650,8.22,495899,4076289.78,NASDAQ Capital Market,NASDAQ,CA,Industrials,Electrical Equipment & Parts,False,False,True,,non_us_company
ASTL,Algoma Steel Group Inc.,405746183,3.85,1860915,7164522.75,NASDAQ Global Market,NASDAQ,CA,Basic Materials,Steel,False,False,True,,non_us_company
WDH,Waterdrop Inc.,405129805,1.12,83640,93676.80,New York Stock Exchange,NYSE,CN,Financial Services,Insurance - Brokers,False,False,True,,non_us_company
AUTL,Autolus Therapeutics plc,396553468,1.49,713985,1063837.65,NASDAQ Global Select,NASDAQ,GB,Healthcare,Biotechnology,False,False,True,,non_us_company
LSAK,"Lesaka Technologies, Inc.",396381188,4.62,49012,226435.44,NASDAQ Global Select,NASDAQ,ZA,Technology,Software - Infrastructure,False,False,True,,non_us_company
HTT,High Templar Tech Limited,395064199,2.44,60421,147427.24,New York Stock Exchange,NYSE,CN,Financial Services,Financial - Credit Services,False,False,True,,non_us_company
PERI,Perion Network Ltd.,394029542,9.54,183444,1750055.76,NASDAQ Global Select,NASDAQ,IL,Communication Services,Internet Content & Information,False,False,True,,non_us_company
SOPH,SOPHiA GENETICS S.A.,389746484,5.67,75023,425380.41,NASDAQ Global Select,NASDAQ,CH,Healthcare,Medical - Healthcare Information Services,False,False,True,,non_us_company
OEC,Orion S.A.,380623381,6.75,226568,1529334.00,New York Stock Exchange,NYSE,LU,Basic Materials,Chemicals - Specialty,False,False,True,,non_us_company
AUNA,Auna S.A.,375294643,5.07,128933,653690.31,New York Stock Exchange,NYSE,LU,Healthcare,Medical - Care Facilities,False,False,True,,non_us_company
LND,BrasilAgro - Companhia Brasileira de Propriedades Agrícolas,373556299,3.75,31952,119820.00,New York Stock Exchange,NYSE,BR,Consumer Defensive,Agricultural Farm Products,False,False,True,,non_us_company
TRVG,trivago N.V.,372445360,5.28,21529,113673.12,NASDAQ,NASDAQ,DE,Technology,Software - Application,False,False,True,,non_us_company
ALLT,Allot Ltd.,372304791,7.61,158332,1204906.52,NASDAQ Global Select,NASDAQ,IL,Technology,Software - Infrastructure,False,False,True,,non_us_company
MTLS,Materialise N.V.,371828511,6.35,56123,356381.05,NASDAQ Global Select,NASDAQ,BE,Technology,Software - Application,False,False,True,,non_us_company
SHIP,Seanergy Maritime Holdings Corp.,369285609,17.49,356359,6232718.91,NASDAQ Capital Market,NASDAQ,GR,Industrials,Marine Shipping,False,False,True,,non_us_company
NOA,North American Construction Group Ltd.,368594979,13.6,52350,711960.0,New York Stock Exchange,NYSE,CA,Energy,Oil & Gas Equipment & Services,False,False,True,,non_us_company
JMIA,Jumia Technologies AG,368461503,5.95,698755,4157592.25,New York Stock Exchange,NYSE,DE,Consumer Cyclical,Specialty Retail,False,False,True,,non_us_company
ECX,"ECARX Holdings, Inc.",367851750,1.06,704356,746617.36,NASDAQ Global Market,NASDAQ,GB,Consumer Cyclical,Auto - Parts,False,False,True,,non_us_company
GMTL,Guardian Metal Resources PLC Sponsored ADR,366239002,9.4,189231,1778771.4,New York Stock Exchange Arca,AMEX,GB,Basic Materials,Other Precious Metals,False,False,True,,non_us_company
TMCR,The Metals Royalty Company Inc.,362961653,5.85,148523,868859.55,NASDAQ Capital Market,NASDAQ,CA,Basic Materials,Industrial Materials,False,False,True,,non_us_company
KNOP,KNOT Offshore Partners LP,362521883,10.77,71749,772736.73,New York Stock Exchange,NYSE,GB,Industrials,Marine Shipping,False,False,True,,non_us_company
API,"Agora, Inc.",360453228,4,145328,581312,NASDAQ Global Select,NASDAQ,CN,Technology,Software - Application,False,False,True,,non_us_company
CMCL,Caledonia Mining Corporation Plc,355166585,18.39,175713,3231362.07,New York Stock Exchange Arca,AMEX,JE,Basic Materials,Gold,False,False,True,,non_us_company
AIBZ,Bitzero Holdings Inc. Common Shares,346380603,6.42,400017,2568109.14,NASDAQ Global Market,NASDAQ,CA,Technology,Software - Infrastructure,False,False,True,,non_us_company
AGCC,Agencia Comercial Spirits Ltd,346354800,15.2,58399,887664.8,NASDAQ,NASDAQ,TW,Consumer Defensive,Beverages - Wineries & Distilleries,False,False,True,,non_us_company
LAES,SEALSQ Corp,336521250,2.36,18609762,43919038.32,NASDAQ Capital Market,NASDAQ,CH,Technology,Semiconductors,False,False,True,,non_us_company
NFGC,New Found Gold Corp.,333514542,1.36,1000044,1360059.84,New York Stock Exchange American,AMEX,CA,Basic Materials,Gold,False,False,True,,non_us_company
GASS,StealthGas Inc.,331696319,8.92,82042,731814.64,NASDAQ,NASDAQ,GR,Industrials,Marine Shipping,False,False,True,,non_us_company
CUVL,Clinuvel Pharmaceuticals Ltd.,327277058,6.49,4107,26654.43,NASDAQ,NASDAQ,AU,Healthcare,Medical - Pharmaceuticals,False,False,True,,non_us_company
DBVT,DBV Technologies S.A.,322943477,13.5,351218,4741443.0,NASDAQ Global Select,NASDAQ,FR,Healthcare,Biotechnology,False,False,True,,non_us_company
CSHR,CoinShares PLC Ordinary Shares,322533675,4.9,1507278,7385662.2,NASDAQ Global Select,NASDAQ,JE,Financial Services,Financial - Capital Markets,False,False,True,,non_us_company
YSG,Yatsen Holding Limited,321120593,3.43,78002,267546.86,New York Stock Exchange,NYSE,CN,Consumer Defensive,Household & Personal Products,False,False,True,,non_us_company
FVRR,Fiverr International Ltd.,321040001,8.93,1102519,9845494.67,New York Stock Exchange,NYSE,IL,Communication Services,Internet Content & Information,False,False,True,,non_us_company
SNDL,SNDL Inc.,320169000,1.23,1861109,2289164.07,NASDAQ Capital Market,NASDAQ,CA,Consumer Defensive,Agricultural Farm Products,False,False,True,,non_us_company
PRE,Prenetics Global Limited,316887288,18.64,42462,791491.68,NASDAQ Global Market,NASDAQ,HK,Healthcare,Medical - Diagnostics & Research,False,False,True,,non_us_company
LZM,Lifezone Metals Limited,309199534,3.39,520939,1765983.21,New York Stock Exchange,NYSE,IM,Basic Materials,Other Precious Metals,False,False,True,,non_us_company
UXIN,Uxin Limited,305583477,1.39,78885,109650.15,NASDAQ,NASDAQ,CN,Consumer Cyclical,Auto - Dealerships,False,False,True,,non_us_company
DSX,Diana Shipping Inc.,300202200,2.43,1370372,3330003.96,New York Stock Exchange,NYSE,GR,Industrials,Marine Shipping,False,False,True,,non_us_company
ARQQ,Arqit Quantum Inc.,298103112,17.13,185758,3182034.54,NASDAQ Capital Market,NASDAQ,GB,Technology,Software - Application,False,False,True,,non_us_company
AMRN,Amarin Corporation plc,294936357,14.26,59462,847928.12,NASDAQ Global Market,NASDAQ,IE,Healthcare,Biotechnology,False,False,True,,non_us_company
AFRI,Forafric Global PLC,288782298,10.71,25972,278160.12,NASDAQ Capital Market,NASDAQ,GI,Consumer Defensive,Agricultural Farm Products,False,False,True,,non_us_company
CLLS,Cellectis S.A.,276147058,2.75,12617,34696.75,NASDAQ Global Market,NASDAQ,FR,Healthcare,Biotechnology,False,False,True,,non_us_company
GRRR,Gorilla Technology Group Inc.,274953250,11.09,695388,7711852.92,NASDAQ,NASDAQ,GB,Technology,Software - Infrastructure,False,False,True,,non_us_company
AZ,A2Z Cust2Mate Solutions Corp.,273872796,6.15,201085,1236672.75,NASDAQ Capital Market,NASDAQ,CA,Technology,Software - Application,False,False,True,,non_us_company
ELLO,Ellomay Capital Ltd.,270151308,19.6,3877,75989.2,New York Stock Exchange Arca,AMEX,IL,Utilities,Renewable Utilities,False,False,True,,non_us_company
SLGL,Sol-Gel Technologies Ltd.,268874428,82.25,74057,6091188.25,NASDAQ Global Market,NASDAQ,IL,Healthcare,Biotechnology,False,False,True,,non_us_company
PROF,Profound Medical Corp.,268171488,7.38,32783,241938.54,NASDAQ Capital Market,NASDAQ,CA,Healthcare,Medical - Devices,False,False,True,,non_us_company
BCYC,Bicycle Therapeutics plc,267862905,3.86,328906,1269577.16,NASDAQ Global Select,NASDAQ,GB,Healthcare,Biotechnology,False,False,True,,non_us_company
CURR,"Currenc Group, Inc.",265718467,3.47,188663,654660.61,NASDAQ Global Market,NASDAQ,SG,Financial Services,Financial - Credit Services,False,False,True,,non_us_company
GTE,Gran Tierra Energy Inc.,264845576,7.49,610118,4569783.82,New York Stock Exchange American,AMEX,CA,Energy,Oil & Gas Exploration & Production,False,False,True,,non_us_company
ZH,Zhihu Inc.,264745531,3.27,114411,374123.97,New York Stock Exchange,NYSE,CN,Communication Services,Internet Content & Information,False,False,True,,non_us_company
BUUU,BUUU Group Ltd,263956150,22.57,22886,516537.02,NASDAQ,NASDAQ,HK,Industrials,Specialty Business Services,False,False,True,,non_us_company
VRXA,Veraxa Biotech Holding AG,248877751,1.76,304244,535469.44,NASDAQ,NASDAQ,DE,Healthcare,Biotechnology,False,False,True,,non_us_company
LX,LexinFintech Holdings Ltd.,246248495,1.46,1276424,1863579.04,NASDAQ,NASDAQ,CN,Financial Services,Financial - Credit Services,False,False,True,,non_us_company
CNCK,Coincheck Group N.V.,244668816,1.8,148672,267609.6,NASDAQ Global Market,NASDAQ,NL,Financial Services,Asset Management - Cryptocurrency,False,False,True,,non_us_company
AUDC,AudioCodes Ltd.,243845622,9.58,83994,804662.52,NASDAQ Global Select,NASDAQ,IL,Technology,Communication Equipment,False,False,True,,non_us_company
XNDU,Xanadu Quantum Technologies Limited Class B Subordinate Voting Shares,243606400,10.76,965410,10387811.60,NASDAQ Global Market,NASDAQ,CA,Technology,Software - Infrastructure,False,False,True,,non_us_company
SY,So-Young International Inc.,241428847,1.84,113692,209193.28,NASDAQ Global Market,NASDAQ,CN,Healthcare,Medical - Healthcare Information Services,False,False,True,,non_us_company
TRIB,Trinity Biotech plc,234910080,11.6,13084,151774.4,NASDAQ Global Select,NASDAQ,IE,Healthcare,Medical - Diagnostics & Research,False,False,True,,non_us_company
IVA,Inventiva S.A.,232879821,4.48,1350401,6049796.48,NASDAQ Global Market,NASDAQ,FR,Healthcare,Biotechnology,False,False,True,,non_us_company
FUFU,BitFuFu Inc.,231283135,1.4,93795,131313.0,NASDAQ Capital Market,NASDAQ,SG,Financial Services,Financial - Capital Markets,False,False,True,,non_us_company
SILC,Silicom Ltd.,228927346,39.83,174046,6932252.18,NASDAQ Global Select,NASDAQ,IL,Technology,Communication Equipment,False,False,True,,non_us_company
ACIU,AC Immune S.A.,222884125,2.19,227719,498704.61,NASDAQ Global Market,NASDAQ,CH,Healthcare,Biotechnology,False,False,True,,non_us_company
CGEN,Compugen Ltd.,222200020,2.35,345313,811485.55,NASDAQ Global Market,NASDAQ,IL,Healthcare,Biotechnology,False,False,True,,non_us_company
AIIR,Air Global PLC Ordinary Shares,221004000,6.3,10038,63239.4,NASDAQ Global Market,NASDAQ,AE,Consumer Defensive,Tobacco,False,False,True,,non_us_company
TOYO,"TOYO Co., Ltd.",220002593,5.15,464428,2391804.20,NASDAQ Capital Market,NASDAQ,JP,Technology,Solar,False,False,True,,non_us_company
IONR,ioneer Ltd,218639775,3.49,122200,426478.00,NASDAQ Capital Market,NASDAQ,AU,Basic Materials,Industrial Materials,False,False,True,,non_us_company
HCAC,Hall Chadwick Acquisition Corp.,214631980,10.07,70039.0093,705292.823651,NASDAQ,NASDAQ,SG,Financial Services,Financial - Conglomerates,False,False,True,,non_us_company
EPRX,Eupraxia Pharmaceuticals Inc.,214272000,6.4,455064,2912409.6,NASDAQ,NASDAQ,CA,Healthcare,Biotechnology,False,False,True,,non_us_company
NMG,Nouveau Monde Graphite Inc.,209274438,1.3,276943,360025.9,New York Stock Exchange,NYSE,CA,Basic Materials,Other Precious Metals,False,False,True,,non_us_company
HERE,Here Group Limited,208232031,1.92,32348,62108.16,NASDAQ,NASDAQ,CN,Consumer Cyclical,Leisure,False,False,True,,non_us_company
TROO,"TROOPS, Inc.",207672000,1.7,114190,194123.0,NASDAQ Capital Market,NASDAQ,HK,Financial Services,Financial - Credit Services,False,False,True,,non_us_company
AIFU,AIFU Inc.,205621998,34.7,11878,412166.6,NASDAQ,NASDAQ,CN,Financial Services,Insurance - Brokers,False,False,True,,non_us_company
WALD,Waldencast plc,204555008,1.73,778065,1346052.45,NASDAQ Capital Market,NASDAQ,GB,Consumer Defensive,Household & Personal Products,False,False,True,,non_us_company
SUPX,SuperX AI Technology Limited,204529994,6.49,110620,717923.80,NASDAQ Capital Market,NASDAQ,SG,Technology,Software - Infrastructure,False,False,True,,non_us_company
NIU,Niu Technologies,203149481,2.59,108476,280952.84,NASDAQ Global Market,NASDAQ,CN,Consumer Cyclical,Auto - Manufacturers,False,False,True,,non_us_company
OP,OceanPal Inc.,201978373,6.49,8733,56677.17,NASDAQ,NASDAQ,GR,Industrials,Marine Shipping,False,False,True,,non_us_company
WXM,WF International Limited Ordinary Shares,198829936,3.21,9318,29910.78,NASDAQ Global Market,NASDAQ,CN,Industrials,Industrial - Distribution,False,False,True,,non_us_company
JKS,"JinkoSolar Holding Co., Ltd.",198221146,15.14,377527,5715758.78,New York Stock Exchange,NYSE,CN,Technology,Solar,False,False,True,,non_us_company
CRNT,Ceragon Networks Ltd.,197239318,2.17,238601,517764.17,NASDAQ Global Select,NASDAQ,IL,Technology,Communication Equipment,False,False,True,,non_us_company
PERF,Perfect Corp.,195549448,1.92,214144,411156.48,New York Stock Exchange,NYSE,TW,Technology,Software - Application,False,False,True,,non_us_company
TII,Titan Mining Corporation,192644676,1.96,150206,294403.76,New York Stock Exchange American,AMEX,CA,Basic Materials,Industrial Materials,False,False,True,,non_us_company
EH,EHang Holdings Limited,190368493,5.13,325541,1670025.33,NASDAQ Global Market,NASDAQ,CN,Industrials,Aerospace & Defense,False,False,True,,non_us_company
HITI,High Tide Inc.,186284773,2.12,109845,232871.40,NASDAQ Capital Market,NASDAQ,CA,Consumer Cyclical,Specialty Retail,False,False,True,,non_us_company
MDWD,MediWound Ltd.,181381284,14.12,75345,1063871.40,NASDAQ,NASDAQ,IL,Healthcare,Biotechnology,False,False,True,,non_us_company
PRQR,ProQR Therapeutics N.V.,181131635,1.72,1011926,1740512.72,NASDAQ Global Market,NASDAQ,NL,Healthcare,Biotechnology,False,False,True,,non_us_company
IMPP,Imperial Petroleum Inc.,176679660,4.7,220935,1038394.5,NASDAQ Capital Market,NASDAQ,GR,Energy,Oil & Gas Midstream,False,False,True,,non_us_company
ACB,Aurora Cannabis Inc.,172818459,2.79,993499,2771862.21,NASDAQ Global Select,NASDAQ,CA,Healthcare,Drug Manufacturers - Specialty & Generic,False,False,True,,non_us_company
TCX,Tucows Inc.,172143648,15.44,668368,10319601.92,NASDAQ Capital Market,NASDAQ,CA,Technology,Software - Infrastructure,False,False,True,,non_us_company
RDCM,RADCOM Ltd.,171400980,10.24,202783,2076497.92,NASDAQ Capital Market,NASDAQ,IL,Communication Services,Telecommunications Services,False,False,True,,non_us_company
BZUN,Baozun Inc.,166864633,2.87,161761,464254.07,NASDAQ Global Select,NASDAQ,CN,Consumer Cyclical,Specialty Retail,False,False,True,,non_us_company
MINE,Mayfair Gold Corp.,164489315,2.45,33566,82236.70,New York Stock Exchange American,AMEX,CA,Basic Materials,Gold,False,False,True,,non_us_company
PLG,Platinum Group Metals Ltd.,163692800,1.28,318608,407818.24,New York Stock Exchange American,AMEX,CA,Basic Materials,Other Precious Metals,False,False,True,,non_us_company
MENS,Jyong Biotech Ltd. Ordinary Shares,163459482,2.15,70094,150702.10,NASDAQ Global Select,NASDAQ,TW,Healthcare,Biotechnology,False,False,True,,non_us_company
MRT,"Marti Technologies, Inc.",159178995,1.85,29179,53981.15,New York Stock Exchange American,AMEX,TR,Technology,Software - Application,False,False,True,,non_us_company
SHMD,SCHMID Group N.V. Class A Ordinary Shares,155278904,4.08,275481,1123962.48,NASDAQ Global Market,NASDAQ,DE,Industrials,Industrial - Machinery,False,False,True,,non_us_company
CTW,CTW Cayman Class A Ordinary Shares,154751998,2.48,26341,65325.68,NASDAQ Global Select,NASDAQ,JP,Technology,Electronic Gaming & Multimedia,False,False,True,,non_us_company
YDES,YD Bio Limited Ordinary Shares,153704021,2.17,10063,21836.71,NASDAQ Global Select,NASDAQ,TW,Healthcare,Biotechnology,False,False,True,,non_us_company
ENTX,Entera Bio Ltd.,147377698,2.99,1040297,3110488.03,NASDAQ Capital Market,NASDAQ,IL,Healthcare,Biotechnology,False,False,True,,non_us_company
CRDL,Cardiol Therapeutics Inc.,146395440,1.27,1147214,1456961.78,NASDAQ Capital Market,NASDAQ,CA,Healthcare,Drug Manufacturers - Specialty & Generic,False,False,True,,non_us_company
HUHU,HUHUTECH International Group Inc. Ordinary Shares,142255125,5.58,45163,252009.54,NASDAQ Global Select,NASDAQ,CN,Industrials,Industrial - Machinery,False,False,True,,non_us_company
ADAG,Adagene Inc.,141182243,3.75,152198,570742.50,NASDAQ Global Market,NASDAQ,CN,Healthcare,Biotechnology,False,False,True,,non_us_company
CAAS,"China Automotive Systems, Inc.",136069866,4.51,67765,305620.15,NASDAQ Capital Market,NASDAQ,CN,Consumer Cyclical,Auto - Parts,False,False,True,,non_us_company
NGEN,NervGen Pharma Corp. Common stock,133152887,1.62,297600,482112.00,NASDAQ Capital Market,NASDAQ,CA,Healthcare,Biotechnology,False,False,True,,non_us_company
SANG,Sangoma Technologies Corporation,132615978,3.985,7668,30556.980,NASDAQ Global Select,NASDAQ,CA,Technology,Software - Infrastructure,False,False,True,,non_us_company
AXG,Solowin Holdings Ordinary Share,131370000,3.02,246690,745003.80,NASDAQ Capital Market,NASDAQ,HK,Financial Services,Financial - Capital Markets,False,False,True,,non_us_company
JLHL,Julong Holding Limited,127013016,6.23,118711,739569.53,NASDAQ Global Select,NASDAQ,CN,Basic Materials,Construction Materials,False,False,True,,non_us_company
WSHP,WeShop Holdings Limited Class A Ordinary Shares,125428500,4.89,32437,158616.93,NASDAQ Capital Market,NASDAQ,JE,Communication Services,Internet Content & Information,False,False,True,,non_us_company
IFRX,InflaRx N.V.,122797040,1.7,575312,978030.4,NASDAQ Global Select,NASDAQ,DE,Healthcare,Biotechnology,False,False,True,,non_us_company
JFIN,Jiayin Group Inc.,112244136,2.16,18960,40953.60,NASDAQ Global Market,NASDAQ,CN,Financial Services,Financial - Credit Services,False,False,True,,non_us_company
COE,51Talk Online Education Group,104232852,17.66,10628,187690.48,New York Stock Exchange American,AMEX,SG,Consumer Defensive,Education & Training Services,False,False,True,,non_us_company
MTC,"MMTec, Inc.",102258668,4.06,24806,100712.36,NASDAQ,NASDAQ,HK,Technology,Software - Application,False,False,True,,non_us_company
EGG,Enigmatig Limited,102122715,3.65,137848,503145.20,New York Stock Exchange American,AMEX,SG,Industrials,Consulting Services,False,False,True,,non_us_company
USGO,U.S. GoldMining Inc.,102027769,7.64,44106,336969.84,NASDAQ Capital Market,NASDAQ,CA,Basic Materials,Industrial Materials,False,False,True,,non_us_company
TORO,Toro Corp.,101561299,5.19,36541,189647.79,NASDAQ Capital Market,NASDAQ,CY,Industrials,Marine Shipping,False,False,True,,non_us_company
LUD,Luda Technology Group Limited,100743600,4.44,74232,329590.08,New York Stock Exchange American,AMEX,HK,Basic Materials,Steel,False,False,True,,non_us_company
ZJK,"ZJK Industrial Co., Ltd.",99699484,1.55,13679,21202.45,NASDAQ Global Select,NASDAQ,CN,Industrials,Manufacturing - Metal Fabrication,False,False,True,,non_us_company
MIST,Milestone Pharmaceuticals Inc.,95336666,1.11,1031199,1144630.89,NASDAQ Global Select,NASDAQ,CA,Healthcare,Biotechnology,False,False,True,,non_us_company
DPRO,Draganfly Inc.,93049249,4.14,484521,2005916.94,NASDAQ Capital Market,NASDAQ,CA,Industrials,Aerospace & Defense,False,False,True,,non_us_company
HLP,Hongli Group Inc.,91928663,1.23,40884,50287.32,NASDAQ Capital Market,NASDAQ,CN,Basic Materials,Steel,False,False,True,,non_us_company
ENGN,enGene Holdings Inc.,91639009,1.79,300577,538032.83,NASDAQ Capital Market,NASDAQ,CA,Healthcare,Biotechnology,False,False,True,,non_us_company
YHNA,YHN Acquisition I Limited,84785000,10.94,4371,47818.74,NASDAQ Global Market,NASDAQ,HK,Financial Services,Financial - Conglomerates,False,False,True,,non_us_company
SMJF,SMJ International Holdings Inc.,83680600,5.68,682522,3876724.96,New York Stock Exchange American,AMEX,SG,Industrials,Construction,False,False,True,,non_us_company
GRO,Brazil Potash Corp.,82068360,2.04,98137,200199.48,New York Stock Exchange American,AMEX,CA,Basic Materials,Industrial Materials,False,False,True,,non_us_company
INHD,Inno Holdings Inc.,81372564,18,2714408,48859344,NASDAQ Capital Market,NASDAQ,HK,Technology,Technology Distributors,False,False,True,,non_us_company
ZENA,"ZenaTech, Inc.",79151423,1.28,791962,1013711.36,NASDAQ,NASDAQ,CA,Industrials,Aerospace & Defense,False,False,True,,non_us_company
HOVR,New Horizon Aircraft Ltd,77791448,1.72,613699,1055562.28,NASDAQ,NASDAQ,CA,Industrials,Aerospace & Defense,False,False,True,,non_us_company
EDRY,EuroDry Ltd.,76628401,26.51,81122,2150544.22,NASDAQ Capital Market,NASDAQ,GR,Industrials,Marine Shipping,False,False,True,,non_us_company
TOP,TOP Financial Group Limited,76621700,2.06,430006,885812.36,NASDAQ Capital Market,NASDAQ,SG,Financial Services,Financial - Capital Markets,False,False,True,,non_us_company
GIBO,GIBO Holdings Limited,75796857,29.1,39334,1144619.4,NASDAQ,NASDAQ,HK,Communication Services,Internet Content & Information,False,False,True,,non_us_company
NVA,Nova Minerals Corp,75768369,4.42,99245,438662.90,New York Stock Exchange Arca,AMEX,AU,Basic Materials,Industrial Materials,False,False,True,,non_us_company
NAMM,Namib Minerals,72461934,1.33,147202,195778.66,NASDAQ,NASDAQ,KY,Basic Materials,Gold,False,False,True,,non_us_company
CSTE,Caesarstone Ltd.,72266087,2.09,67117,140274.53,NASDAQ Global Select,NASDAQ,IL,Basic Materials,Construction Materials,False,False,True,,non_us_company
AEC,Anfield Energy Inc. Common Shares,71845900,3.94,26470,104291.80,NASDAQ Global Select,NASDAQ,CA,Energy,Uranium,False,False,True,,non_us_company
ODYS,Odysight.ai Inc.,70800299,4.22,4980,21015.60,NASDAQ Capital Market,NASDAQ,IL,Technology,"Hardware, Equipment & Parts",False,False,True,,non_us_company
KG,Kestrel Group Ltd,69399146,8.87,5852,51907.24,NASDAQ,NASDAQ,BM,Financial Services,Insurance - Diversified,False,False,True,,non_us_company
NPT,Texxon Holding Limited Ordinary shares,68107950,3.07,20656,63413.92,NASDAQ Global Select,NASDAQ,CN,Consumer Cyclical,Specialty Retail,False,False,True,,non_us_company
GRSD,Grandstand Limited,67737596,1.93,178678,344848.54,NASDAQ,NASDAQ,GB,Communication Services,Advertising Agencies,False,False,True,,non_us_company
XNET,Xunlei Limited,67129567,5.34,424126,2264832.84,NASDAQ Global Select,NASDAQ,CN,Communication Services,Advertising Agencies,False,False,True,,non_us_company
HMR,Heidmar Maritime Holdings Corp.,66071037,1.12,22487,25185.44,NASDAQ Global Select,NASDAQ,GR,Industrials,Marine Shipping,False,False,True,,non_us_company
TLSA,Tiziana Life Sciences Ltd,65538451,1.03,388455,400108.65,NASDAQ Global Market,NASDAQ,BM,Healthcare,Biotechnology,False,False,True,,non_us_company
RYOJ,"rYojbaba Co., Ltd. Common Shares",64911000,5.62,114402,642939.24,NASDAQ Global Select,NASDAQ,JP,Industrials,Consulting Services,False,False,True,,non_us_company
GAMB,Gambling.com Group Ltd,64852960,1.84,272354,501131.36,NASDAQ,NASDAQ,JE,Communication Services,Publishing,False,False,True,,non_us_company
OKYO,OKYO Pharma Limited,64456681,1.68,25798,43340.64,NASDAQ Capital Market,NASDAQ,GB,Healthcare,Biotechnology,False,False,True,,non_us_company
FSI,"Flexible Solutions International, Inc.",64247390,5.04,36429,183602.16,New York Stock Exchange American,AMEX,CA,Basic Materials,Chemicals - Specialty,False,False,True,,non_us_company
ASPS,Altisource Portfolio Solutions S.A.,63610514,5.57,18843,104955.51,NASDAQ,NASDAQ,LU,Real Estate,Real Estate - Services,False,False,True,,non_us_company
ZYBT,Zhengye Biotechnology Holding Limited,63030530,1.33,166376,221280.08,NASDAQ Capital Market,NASDAQ,CN,Healthcare,Drug Manufacturers - Specialty & Generic,False,False,True,,non_us_company
ANPA,Rich Sparkle Holdings Limited,62370248,4.13,6778,27993.14,NASDAQ,NASDAQ,HK,Industrials,Specialty Business Services,False,False,True,,non_us_company
GLBS,Globus Maritime Limited,61941201,2.87,57470,164938.90,NASDAQ Capital Market,NASDAQ,GR,Industrials,Marine Shipping,False,False,True,,non_us_company
VIVO,VivoPower PLC,59941014,3.57,418864,1495344.48,NASDAQ Global Market,NASDAQ,GB,Energy,Solar,False,False,True,,non_us_company
CRGO,Freightos Limited Ordinary shares,59436023,1.15,24055,27663.25,NASDAQ Global Market,NASDAQ,ES,Industrials,Integrated Freight & Logistics,False,False,True,,non_us_company
WIMI,WiMi Hologram Cloud Inc.,58926018,1.2,115900,139080.0,NASDAQ Global Market,NASDAQ,CN,Technology,Software - Application,False,False,True,,non_us_company
QXL,Quantum X Labs Inc.,58813489,4.41,154526,681459.66,NASDAQ Global Market,NASDAQ,IL,Technology,Information Technology Services,False,False,True,,non_us_company
MOB,Mobilicom Ltd,57535767,4.81,58872,283174.32,NASDAQ Capital Market,NASDAQ,IL,Industrials,Aerospace & Defense,False,False,True,,non_us_company
SOGP,Sound Group Inc.,56633150,12.04,7790,93791.60,NASDAQ Capital Market,NASDAQ,SG,Technology,Software - Application,False,False,True,,non_us_company
CHR,"Cheer Holding, Inc.",55964239,1.88,23844,44826.72,NASDAQ Capital Market,NASDAQ,CN,Communication Services,Advertising Agencies,False,False,True,,non_us_company
AIIO,Robo.ai Inc.,55506031,2.81,322517,906272.77,NASDAQ Global Market,NASDAQ,AE,Consumer Cyclical,Auto - Manufacturers,False,False,True,,non_us_company
NYXH,Nyxoah S.A.,55450129,1.4,332690,465766.0,NASDAQ,NASDAQ,BE,Healthcare,Medical - Specialties,False,False,True,,non_us_company
KAZR,Skyline Builders Group Holding Ltd. Class A,55330800,1.96,145014,284227.44,NASDAQ Global Market,NASDAQ,HK,Industrials,Engineering & Construction,False,False,True,,non_us_company
ZTG,Zenta Group Company Limited Class A Ordinary Shares,50953465,4.4,885891,3897920.4,NASDAQ Global Market,NASDAQ,MO,Industrials,Consulting Services,False,False,True,,non_us_company
FLX,BingEx Limited,50713267,2.22,101913,226246.86,NASDAQ Global Select,NASDAQ,CN,Industrials,Integrated Freight & Logistics,False,False,True,,non_us_company
APT,"Alpha Pro Tech, Ltd.",50369317,4.93,19194,94626.42,New York Stock Exchange American,AMEX,CA,Industrials,Construction,False,False,True,,non_us_company
EDSA,"Edesa Biotech, Inc.",49225754,5.11,58487,298868.57,NASDAQ Capital Market,NASDAQ,CA,Healthcare,Biotechnology,False,False,True,,non_us_company
PXS,Pyxis Tankers Inc.,48738563,4.76,51731,246239.56,NASDAQ,NASDAQ,GR,Industrials,Marine Shipping,False,False,True,,non_us_company
SPCB,SuperCom Ltd.,47641293,10.71,48645,520987.95,NASDAQ Capital Market,NASDAQ,IL,Industrials,Security & Protection Services,False,False,True,,non_us_company
MKDW,MKDWELL Tech Inc.,47442395,11.3,6135,69325.5,NASDAQ Capital Market,NASDAQ,TW,Consumer Cyclical,Auto - Parts,False,False,True,,non_us_company
VBIX,Viewbix Inc.,46949760,4.4,59748,262891.2,NASDAQ,NASDAQ,IL,Technology,Computer Hardware,False,False,True,,non_us_company
MLGO,MicroAlgo Inc.,44531982,4.07,31778,129336.46,NASDAQ Capital Market,NASDAQ,CN,Technology,Software - Infrastructure,False,False,True,,non_us_company
DGNX,Diginex Limited,44524438,1.53,1912559,2926215.27,NASDAQ Capital Market,NASDAQ,GB,Technology,Software - Application,False,False,True,,non_us_company
INDO,Indonesia Energy Corporation Limited,44314099,2.88,190620,548985.60,New York Stock Exchange American,AMEX,ID,Energy,Oil & Gas Exploration & Production,False,False,True,,non_us_company
MCRP,Micropolis AI Robotics,44308328,1.27,50673,64354.71,New York Stock Exchange Arca,AMEX,AE,Technology,"Hardware, Equipment & Parts",False,False,True,,non_us_company
PYPD,PolyPid Ltd.,43718961,4.29,115153,494006.37,NASDAQ Global Market,NASDAQ,IL,Healthcare,Biotechnology,False,False,True,,non_us_company
BDMD,Baird Medical Investment Holdings Limited,43475026,1.03,45923,47300.69,NASDAQ Capital Market,NASDAQ,CN,Healthcare,Medical - Devices,False,False,True,,non_us_company
WAVE,Eco Wave Power Global AB (publ),42629540,7.3,16404,119749.2,NASDAQ Capital Market,NASDAQ,IL,Utilities,Renewable Utilities,False,False,True,,non_us_company
ZOOZ,ZOOZ Strategy Ltd.,42287899,5.22,3942,20577.24,NASDAQ Global Market,NASDAQ,IL,Industrials,Electrical Equipment & Parts,False,False,True,,non_us_company
FNUC,Frontier Nuclear and Minerals Inc.,40530234,1.54,122235,188241.90,NASDAQ Global Market,NASDAQ,CA,Basic Materials,Other Precious Metals,False,False,True,,non_us_company
AHMA,Ambitions Enterprise Management Co. L.L.C,38939747,1.31,71553,93734.43,NASDAQ Capital Market,NASDAQ,AE,Consumer Cyclical,Travel Services,False,False,True,,non_us_company
WKEY,WISeKey International Holding AG,38242566,6.14,60242,369885.88,NASDAQ Global Market,NASDAQ,CH,Technology,Semiconductors,False,False,True,,non_us_company
BHST,BioHarvest Sciences Inc. Common Stock,37427832,2.16,47979,103634.64,NASDAQ Global Market,NASDAQ,CA,Basic Materials,Agricultural Inputs,False,False,True,,non_us_company
GGR,Gogoro Inc.,37376955,2.53,26746,67667.38,NASDAQ Global Select,NASDAQ,TW,Consumer Cyclical,Auto - Manufacturers,False,False,True,,non_us_company
CCG,Cheche Group Inc.,36311997,15.39,17392,267662.88,NASDAQ Capital Market,NASDAQ,CN,Communication Services,Internet Content & Information,False,False,True,,non_us_company
ENGS,Energys Group Limited,35823764,2.61,531280,1386640.80,NASDAQ Capital Market,NASDAQ,GB,Industrials,Environmental Services,False,False,True,,non_us_company
ENLV,Enlivex Therapeutics Ltd.,35178911,2.09,338606,707686.54,NASDAQ Capital Market,NASDAQ,IL,Healthcare,Biotechnology,False,False,True,,non_us_company
IXHL,Incannex Healthcare Limited,35175786,2.94,70911,208478.34,NASDAQ Global Market,NASDAQ,AU,Healthcare,Biotechnology,False,False,True,,non_us_company
WPRT,Westport Fuel Systems Inc.,33527411,1.765,110807,195574.355,NASDAQ Global Select,NASDAQ,CA,Consumer Cyclical,Auto - Parts,False,False,True,,non_us_company
JG,Aurora Mobile Limited,33440837,5.6,5859,32810.4,NASDAQ Global Market,NASDAQ,CN,Technology,Software - Application,False,False,True,,non_us_company
SAIH,SAIHEAT Limited,33047496,18,3511,63198,NASDAQ Global Market,NASDAQ,SG,Technology,Information Technology Services,False,False,True,,non_us_company
SLMT,Brera Holdings PLC,32884555,3.92,39901,156411.92,NASDAQ Global Market,NASDAQ,IE,Financial Services,Asset Management - Cryptocurrency,False,False,True,,non_us_company
BOSC,B.O.S. Better Online Solutions Ltd.,31724145,4.5,15439,69475.5,NASDAQ Capital Market,NASDAQ,IL,Technology,Communication Equipment,False,False,True,,non_us_company
ACCL,Acco Group Holdings Limited,31108277,2.23,17388,38775.24,NASDAQ,NASDAQ,HK,Industrials,Consulting Services,False,False,True,,non_us_company
GSIW,Garden Stage Limited,29660988,21,6812,143052,NASDAQ,NASDAQ,HK,Financial Services,Financial - Capital Markets,False,False,True,,non_us_company
TGHL,Growhub Ltd,28588786,1.13,15580506,17605971.78,NASDAQ,NASDAQ,SG,Technology,Software - Infrastructure,False,False,True,,non_us_company
GNTA,Genenta Science S.p.A.,28528237,1.49,28218,42044.82,NASDAQ Capital Market,NASDAQ,IT,Healthcare,Biotechnology,False,False,True,,non_us_company
OIO,OIO Group,28365348,2.035,108159,220103.565,NASDAQ Capital Market,NASDAQ,SG,Industrials,Waste Management,False,False,True,,non_us_company
TJGC,TJGC Group Limited,26825495,5.26,503459,2648194.34,NASDAQ Global Market,NASDAQ,HK,Communication Services,Advertising Agencies,False,False,True,,non_us_company
USEA,United Maritime Corporation,25085306,2.63,104825,275689.75,NASDAQ Capital Market,NASDAQ,GR,Industrials,Marine Shipping,False,False,True,,non_us_company
CCHH,CCH Holdings Ltd Ordinary Shares,24685625,1.27,47547,60384.69,NASDAQ Global Select,NASDAQ,MY,Consumer Cyclical,Restaurants,False,False,True,,non_us_company
LGPS,LogProstyle Inc.,23846979,1.01,53259,53791.59,New York Stock Exchange American,AMEX,JP,Real Estate,Real Estate - Services,False,False,True,,non_us_company
PLSM,Pulsenmore Ltd. Ordinary Shares,23735366,3.65,20309,74127.85,NASDAQ Global Market,NASDAQ,IL,Healthcare,Medical - Devices,False,False,True,,non_us_company
ANGH,Anghami Inc.,23061818,3.392,10236,34720.512,NASDAQ Global Market,NASDAQ,AE,Communication Services,Entertainment,False,False,True,,non_us_company
NCTY,The9 Limited,22763840,4.46,96987,432562.02,NASDAQ Capital Market,NASDAQ,CN,Technology,Electronic Gaming & Multimedia,False,False,True,,non_us_company
PN,PN Smart Energy Limited,22585913,17.27,743655,12842921.85,NASDAQ Global Select,NASDAQ,CN,Energy,Solar,False,False,True,,non_us_company
PSHG,Performance Shipping Inc.,21631955,1.74,90442,157369.08,NASDAQ Capital Market,NASDAQ,GR,Industrials,Marine Shipping,False,False,True,,non_us_company
DCX,Digital Currency X Technology Inc.,21409517,1.08,829525,895887.00,NASDAQ,NASDAQ,KY,Consumer Cyclical,Auto - Manufacturers,False,False,True,,non_us_company
KMRK,K-Tech Solutions Company Limited,20707376,1.07,82060,87804.20,NASDAQ Global Market,NASDAQ,HK,Consumer Cyclical,Leisure,False,False,True,,non_us_company
KZIA,Kazia Therapeutics Ltd ADR,20441762,12.62,298282,3764318.84,NASDAQ,NASDAQ,AU,Healthcare,Biotechnology,False,False,True,,non_us_company
PTON,"Peloton Interactive, Inc.",2665621734,6.39,6285428,40163884.92,NASDAQ Global Select,NASDAQ,US,Consumer Cyclical,Leisure,False,False,True,,outside_core_rank
CUBI,"Customers Bancorp, Inc.",2661357924,78.68,129991,10227691.88,New York Stock Exchange,NYSE,US,Financial Services,Banks - Regional,False,False,True,,outside_core_rank
ATAI,Atai Beckley Inc.,2656269720,7.18,8801719,63196342.42,NASDAQ Global Market,NASDAQ,US,Healthcare,Biotechnology,False,False,True,,outside_core_rank
VISN,"Vistance Networks, Inc.",2648187468,11.74,6898015,80982696.10,NASDAQ Global Market,NASDAQ,US,Technology,Communication Equipment,False,False,True,,outside_core_rank
BBT,Beacon Financial Corp.,2647728582,31.51,755255,23798085.05,New York Stock Exchange,NYSE,US,Financial Services,Banks - Regional,False,False,True,,outside_core_rank
TMDX,"TransMedics Group, Inc.",2644254459,76.51,483498,36992431.98,NASDAQ Global Market,NASDAQ,US,Healthcare,Medical - Devices,False,False,True,,outside_core_rank
DGII,Digi International Inc.,2628597314,69.72,273855,19093170.60,NASDAQ Global Select,NASDAQ,US,Technology,Communication Equipment,False,False,True,,outside_core_rank
UPST,"Upstart Holdings, Inc.",2626326304,27.44,3314125,90939590.00,NASDAQ,NASDAQ,US,Financial Services,Financial - Credit Services,False,False,True,,outside_core_rank
BEAM,Beam Therapeutics Inc.,2625477541,25.52,1056618,26964891.36,NASDAQ Global Select,NASDAQ,US,Healthcare,Biotechnology,False,False,True,,outside_core_rank
ICHR,"Ichor Holdings, Ltd.",2624443079,75.27,1216642,91576643.34,NASDAQ Global Select,NASDAQ,US,Technology,Semiconductors,False,False,True,,outside_core_rank
NEOG,Neogen Corporation,2620783414,12.04,3797819,45725740.76,NASDAQ Global Select,NASDAQ,US,Healthcare,Medical - Diagnostics & Research,False,False,True,,outside_core_rank
IOND,Ionic Digital Inc. Class A,2616873616,70.01,1239622,86785936.22,NASDAQ,NASDAQ,US,Technology,Software - Services,False,False,True,,outside_core_rank
KALU,Kaiser Aluminum Corporation,2610623011,159.68,176936,28253140.48,NASDAQ Global Select,NASDAQ,US,Basic Materials,Aluminum,False,False,True,,outside_core_rank
BUSE,First Busey Corporation,2610052392,30.86,885196,27317148.56,NASDAQ Global Select,NASDAQ,US,Financial Services,Banks - Regional,False,False,True,,outside_core_rank
AEHR,Aehr Test Systems,2608983431,79.98,2086430,166872671.40,NASDAQ Capital Market,NASDAQ,US,Technology,Semiconductors,False,False,True,,outside_core_rank
KOD,Kodiak Sciences Inc.,2602009872,41.58,426609,17738402.22,NASDAQ Global Market,NASDAQ,US,Healthcare,Biotechnology,False,False,True,,outside_core_rank
FBNC,First Bancorp,2601271398,62.87,185916,11688538.92,NASDAQ Global Select,NASDAQ,US,Financial Services,Banks - Regional,False,False,True,,outside_core_rank
BTU,Peabody Energy Corporation,2596776000,21.32,2128762,45385205.84,New York Stock Exchange,NYSE,US,Energy,Coal,False,False,True,,outside_core_rank
TRVI,"Trevi Therapeutics, Inc.",2591129671,18.25,1284062,23434131.50,NASDAQ Global Market,NASDAQ,US,Healthcare,Biotechnology,False,False,True,,outside_core_rank
SUPN,"Supernus Pharmaceuticals, Inc.",2590311811,44.63,572074,25531662.62,NASDAQ Global Market,NASDAQ,US,Healthcare,Drug Manufacturers - Specialty & Generic,False,False,True,,outside_core_rank
KMT,Kennametal Inc.,2588857199,33.97,638836,21701258.92,New York Stock Exchange,NYSE,US,Industrials,Manufacturing - Tools & Accessories,False,False,True,,outside_core_rank
HOG,"Harley-Davidson, Inc.",2583276720,24.54,1272495,31227027.30,New York Stock Exchange,NYSE,US,Consumer Cyclical,Auto - Manufacturers,False,False,True,,outside_core_rank
HLIO,"Helios Technologies, Inc.",2574641752,77.91,145645,11347201.95,New York Stock Exchange,NYSE,US,Industrials,Industrial - Machinery,False,False,True,,outside_core_rank
FLNC,"Fluence Energy, Inc.",2570456374,13.93,7597558,105833982.94,NASDAQ Global Select,NASDAQ,US,Utilities,Renewable Utilities,False,False,True,,outside_core_rank
HTO,H2O America,2567077544,61.33,294744,18076649.52,NASDAQ Global Market,NASDAQ,US,Utilities,Regulated Water,False,False,True,,outside_core_rank
NGVT,Ingevity Corporation,2542158987,73.11,222951,16299947.61,New York Stock Exchange,NYSE,US,Basic Materials,Chemicals - Specialty,False,False,True,,outside_core_rank
TARS,"Tarsus Pharmaceuticals, Inc.",2540136960,59.04,555183,32778004.32,NASDAQ Global Select,NASDAQ,US,Healthcare,Biotechnology,False,False,True,,outside_core_rank
RUM,Rumble Inc.,2537033392,5.84,3403070,19873928.80,NASDAQ,NASDAQ,US,Communication Services,Internet Content & Information,False,False,True,,outside_core_rank
MBIN,Merchants Bancorp,2534862923,55.18,205217,11323874.06,NASDAQ Capital Market,NASDAQ,US,Financial Services,Banks - Regional,False,False,True,,outside_core_rank
TALO,Talos Energy Inc.,2533933917,15.18,1703629,25861088.22,New York Stock Exchange,NYSE,US,Energy,Oil & Gas Exploration & Production,False,False,True,,outside_core_rank
CLDX,"Celldex Therapeutics, Inc.",2532453826,38.06,855792,32571443.52,NASDAQ Capital Market,NASDAQ,US,Healthcare,Biotechnology,False,False,True,,outside_core_rank
SHAK,Shake Shack Inc.,2532006425,62.75,1182335,74191521.25,New York Stock Exchange,NYSE,US,Consumer Cyclical,Restaurants,False,False,True,,outside_core_rank
PFLA,PennantPark Floating Rate Capital Ltd.,2525484482,25.45,13608,346323.60,New York Stock Exchange,NYSE,US,Financial Services,Asset Management,False,False,True,,outside_core_rank
INTA,"Intapp, Inc.",2519143704,32.69,813743,26601258.67,NASDAQ,NASDAQ,US,Technology,Software - Application,False,False,True,,outside_core_rank
SMR,NuScale Power Corporation,2513640017,8.43,22637136,190831056.48,New York Stock Exchange,NYSE,US,Utilities,Renewable Utilities,False,False,True,,outside_core_rank
SYBT,"Stock Yards Bancorp, Inc.",2511743520,85.1,274735,23379948.5,NASDAQ Global Select,NASDAQ,US,Financial Services,Banks - Regional,False,False,True,,outside_core_rank
GRDN,"Guardian Pharmacy Services, Inc.",2503064702,39.53,358337,14165061.61,New York Stock Exchange,NYSE,US,Healthcare,Medical - Care Facilities,False,False,True,,outside_core_rank
DBD,"Diebold Nixdorf, Incorporated",2498129411,73.59,487111,35846498.49,New York Stock Exchange,NYSE,US,Technology,Software - Application,False,False,True,,outside_core_rank
CC,The Chemours Company,2497773746,16.61,1935899,32155282.39,New York Stock Exchange,NYSE,US,Basic Materials,Chemicals - Specialty,False,False,True,,outside_core_rank
LCII,LCI Industries,2485833072,102.36,156606,16030190.16,New York Stock Exchange,NYSE,US,Consumer Cyclical,Auto - Recreational Vehicles,False,False,True,,outside_core_rank
OUST,"Ouster, Inc.",2483883730,39.01,3953482,154225332.82,NASDAQ,NASDAQ,US,Technology,Semiconductors,False,False,True,,outside_core_rank
TRN,"Trinity Industries, Inc.",2483751914,31.24,1095806,34232979.44,New York Stock Exchange,NYSE,US,Industrials,Railroads,False,False,True,,outside_core_rank
AGM,Federal Agricultural Mortgage,2474495650,227.6,193415,44021254.0,New York Stock Exchange,NYSE,US,Financial Services,Financial - Credit Services,False,False,True,,outside_core_rank
ATKR,Atkore Inc.,2463659727,72.96,404771,29532092.16,New York Stock Exchange,NYSE,US,Industrials,Electrical Equipment & Parts,False,False,True,,outside_core_rank
RARE,Ultragenyx Pharmaceutical Inc.,2453365972,24.91,1537401,38296658.91,NASDAQ Global Select,NASDAQ,US,Healthcare,Biotechnology,False,False,True,,outside_core_rank
BXMT,"Blackstone Mortgage Trust, Inc.",2452665360,14.54,6000013,87240189.02,New York Stock Exchange,NYSE,US,Real Estate,REIT - Mortgage,False,False,True,,outside_core_rank
PGNY,"Progyny, Inc.",2438486678,31.13,946544,29465914.72,NASDAQ Global Select,NASDAQ,US,Healthcare,Medical - Healthcare Information Services,False,False,True,,outside_core_rank
MAN,ManpowerGroup Inc.,2437914868,52.42,1470155,77065525.10,New York Stock Exchange,NYSE,US,Industrials,Staffing & Employment Services,False,False,True,,outside_core_rank
DXPE,"DXP Enterprises, Inc.",2434644090,157.02,172632,27106676.64,NASDAQ Global Select,NASDAQ,US,Industrials,Industrial - Distribution,False,False,True,,outside_core_rank
EROK,EagleRock Land LLC,2432817848,22.39,71491,1600683.49,New York Stock Exchange,NYSE,US,Energy,Oil & Gas Equipment & Services,False,False,True,,outside_core_rank
PLSE,"Pulse Biosciences, Inc.",2431336761,35.13,273546,9609670.98,NASDAQ Capital Market,NASDAQ,US,Healthcare,Medical - Instruments & Supplies,False,False,True,,outside_core_rank
WHR,Whirlpool Corporation,2430866250,37.5,2423514,90881775.0,New York Stock Exchange,NYSE,US,Consumer Cyclical,"Furnishings, Fixtures & Appliances",False,False,True,,outside_core_rank
SKWD,"Skyward Specialty Insurance Group, Inc.",2430556747,59.95,440776,26424521.20,NASDAQ Global Select,NASDAQ,US,Financial Services,Insurance - Property & Casualty,False,False,True,,outside_core_rank
PAYO,Payoneer Global Inc.,2424850980,7.17,6420734,46036662.78,NASDAQ Global Market,NASDAQ,US,Technology,Software - Infrastructure,False,False,True,,outside_core_rank
COTY,Coty Inc.,2421281500,2.75,10223605,28114913.75,New York Stock Exchange,NYSE,US,Consumer Defensive,Household & Personal Products,False,False,True,,outside_core_rank
CLBK,"Columbia Financial, Inc.",2417351193,10.81,4874021,52688167.01,NASDAQ Global Select,NASDAQ,US,Financial Services,Banks - Regional,False,False,True,,outside_core_rank
PLUS,ePlus inc.,2416667785,92.41,304899,28175716.59,NASDAQ,NASDAQ,US,Technology,Software - Application,False,False,True,,outside_core_rank
HURN,Huron Consulting Group Inc.,2414675877,151.77,871138,132212614.26,NASDAQ,NASDAQ,US,Industrials,Consulting Services,False,False,True,,outside_core_rank
ANDE,"The Andersons, Inc.",2410349198,70.78,172939,12240622.42,NASDAQ Global Select,NASDAQ,US,Consumer Defensive,Food Distribution,False,False,True,,outside_core_rank
NRIX,"Nurix Therapeutics, Inc.",2408780220,23.21,751723,17447490.83,NASDAQ,NASDAQ,US,Healthcare,Biotechnology,False,False,True,,outside_core_rank
EFSC,Enterprise Financial Services Corp,2404267980,66.31,196255,13013669.05,NASDAQ Global Select,NASDAQ,US,Financial Services,Banks - Regional,False,False,True,,outside_core_rank
KEEL,Keel Infrastructure Corp.,2397199744,3.97,37986337,150805757.89,NASDAQ,NASDAQ,US,Technology,Information Technology Services,False,False,True,,outside_core_rank
BANR,Banner Corporation,2392877443,70.41,259856,18296460.96,NASDAQ Global Select,NASDAQ,US,Financial Services,Banks - Regional,False,False,True,,outside_core_rank
NWL,Newell Brands Inc.,2379595523,5.6,44327039,248231418.4,NASDAQ Global Select,NASDAQ,US,Consumer Defensive,Household & Personal Products,False,False,True,,outside_core_rank
PBH,Prestige Consumer Healthcare Inc.,2379031884,50.22,295212,14825546.64,New York Stock Exchange,NYSE,US,Healthcare,Medical - Distribution,False,False,True,,outside_core_rank
PBI,Pitney Bowes Inc.,2374288180,17.53,2485961,43578896.33,New York Stock Exchange,NYSE,US,Industrials,Integrated Freight & Logistics,False,False,True,,outside_core_rank
MTX,Minerals Technologies Inc.,2364103288,76.24,1015039,77386573.36,New York Stock Exchange,NYSE,US,Basic Materials,Chemicals - Specialty,False,False,True,,outside_core_rank
CECO,CECO Environmental Corp.,2363452425,65.89,654645,43134559.05,NASDAQ,NASDAQ,US,Industrials,Industrial - Pollution & Treatment Controls,False,False,True,,outside_core_rank
UNIT,Uniti Group Inc.,2360168137,9.72,4291764,41715946.08,NASDAQ Global Select,NASDAQ,US,Real Estate,REIT - Specialty,False,False,True,,outside_core_rank
BLBD,Blue Bird Corporation,2354189756,74.39,334588,24890001.32,NASDAQ Global Market,NASDAQ,US,Consumer Cyclical,Auto - Manufacturers,False,False,True,,outside_core_rank
DRVN,Driven Brands Holdings Inc.,2353921606,14.27,520567,7428491.09,NASDAQ Global Select,NASDAQ,US,Consumer Cyclical,Auto - Dealerships,False,False,True,,outside_core_rank
VCEL,Vericel Corporation,2347094472,45.96,506030,23257138.80,NASDAQ Capital Market,NASDAQ,US,Healthcare,Biotechnology,False,False,True,,outside_core_rank
LCID,"Lucid Group, Inc.",2345941005,7.38,9140275,67455229.50,NASDAQ Global Select,NASDAQ,US,Consumer Cyclical,Auto - Manufacturers,False,False,True,,outside_core_rank
NMRK,"Newmark Group, Inc.",2342851549,14.995,1561150,23409444.250,NASDAQ Global Select,NASDAQ,US,Real Estate,Real Estate - Services,False,False,True,,outside_core_rank
RUN,Sunrun Inc.,2340165690,9.81,7159943,70239040.83,NASDAQ Global Select,NASDAQ,US,Technology,Solar,False,False,True,,outside_core_rank
GCMG,GCM Grosvenor Inc.,2332262400,12.48,307048,3831959.04,NASDAQ Global Market,NASDAQ,US,Financial Services,Asset Management,False,False,True,,outside_core_rank
GSHD,"Goosehead Insurance, Inc",2317323346,62,708069,43900278,NASDAQ Global Select,NASDAQ,US,Financial Services,Insurance - Diversified,False,False,True,,outside_core_rank
LMAT,"LeMaitre Vascular, Inc.",2315232924,101.32,229762,23279485.84,NASDAQ Global Market,NASDAQ,US,Healthcare,Medical - Instruments & Supplies,False,False,True,,outside_core_rank
CTOS,"Custom Truck One Source, Inc.",2308443133,10.15,1587005,16108100.75,New York Stock Exchange,NYSE,US,Industrials,Rental & Leasing Services,False,False,True,,outside_core_rank
VERA,"Vera Therapeutics, Inc.",2304231090,32.1,1412739,45348921.9,NASDAQ Global Market,NASDAQ,US,Healthcare,Biotechnology,False,False,True,,outside_core_rank
NWBI,"Northwest Bancshares, Inc.",2302998100,15.74,1509349,23757153.26,NASDAQ Global Select,NASDAQ,US,Financial Services,Banks - Regional,False,False,True,,outside_core_rank
PPTA,Perpetua Resources Corp.,2302989800,18.41,1420587,26153006.67,NASDAQ Capital Market,NASDAQ,US,Basic Materials,Other Precious Metals,False,False,True,,outside_core_rank
RAMP,"LiveRamp Holdings, Inc.",2301977749,37.87,400515,15167503.05,New York Stock Exchange,NYSE,US,Technology,Software - Infrastructure,False,False,True,,outside_core_rank
ANAB,"AnaptysBio, Inc.",2301010357,53.36,444388,23712543.68,NASDAQ,NASDAQ,US,Healthcare,Biotechnology,False,False,True,,outside_core_rank
NOG,"Northern Oil and Gas, Inc.",2300784857,21.15,1607350,33995452.50,New York Stock Exchange,NYSE,US,Energy,Oil & Gas Exploration & Production,False,False,True,,outside_core_rank
SLDE,"Slide Insurance Holdings, Inc. Common Stock",2287748023,19.97,912794,18228496.18,NASDAQ Global Select,NASDAQ,US,Financial Services,Insurance - Property & Casualty,False,False,True,,outside_core_rank
BCRX,"BioCryst Pharmaceuticals, Inc.",2282383740,8.98,2849414,25587737.72,NASDAQ Global Select,NASDAQ,US,Healthcare,Biotechnology,False,False,True,,outside_core_rank
EMAT,Evolution Metals & Technologies Corp. Common Stock,2275753779,3.66,182751,668868.66,NASDAQ Global Market,NASDAQ,US,Basic Materials,Industrial Materials,False,False,True,,outside_core_rank
JBLU,JetBlue Airways Corporation,2275191360,6.03,26610126,160459059.78,NASDAQ,NASDAQ,US,Industrials,"Airlines, Airports & Air Services",False,False,True,,outside_core_rank
MNR,Mach Natural Resources LP,2275175734,13.64,138259,1885852.76,New York Stock Exchange,NYSE,US,Energy,Oil & Gas Exploration & Production,False,False,True,,outside_core_rank
AXGN,"AxoGen, Inc.",2269272915,42.21,1181516,49871790.36,NASDAQ Capital Market,NASDAQ,US,Healthcare,Medical - Devices,False,False,True,,outside_core_rank
COHU,"Cohu, Inc.",2263942647,47.99,2610020,125254859.80,NASDAQ Global Select,NASDAQ,US,Technology,Semiconductors,False,False,True,,outside_core_rank
CALX,"Calix, Inc.",2260407600,35.9,1754649,62991899.1,New York Stock Exchange,NYSE,US,Technology,Communication Equipment,False,False,True,,outside_core_rank
HTH,Hilltop Holdings Inc.,2259376286,39.44,167292,6597996.48,New York Stock Exchange,NYSE,US,Financial Services,Banks - Regional,False,False,True,,outside_core_rank
AMLX,"Amylyx Pharmaceuticals, Inc.",2258194159,20.31,1746343,35468226.33,NASDAQ Global Select,NASDAQ,US,Healthcare,Biotechnology,False,False,True,,outside_core_rank
CDNA,"CareDx, Inc",2258035915,43.71,2745033,119985392.43,NASDAQ Global Market,NASDAQ,US,Healthcare,Medical - Diagnostics & Research,False,False,True,,outside_core_rank
BKE,"The Buckle, Inc.",2254947237,43.77,242853,10629675.81,New York Stock Exchange,NYSE,US,Consumer Cyclical,Apparel - Retail,False,False,True,,outside_core_rank
MLYS,"Mineralys Therapeutics, Inc.",2249804410,25.52,599490,15298984.80,NASDAQ Global Select,NASDAQ,US,Healthcare,Biotechnology,False,False,True,,outside_core_rank
BWIN,"The Baldwin Insurance Group, Inc.",2248495243,27.74,1225133,33985189.42,NASDAQ Global Market,NASDAQ,US,Financial Services,Insurance - Brokers,False,False,True,,outside_core_rank
WERN,"Werner Enterprises, Inc.",2243332742,37.42,1644475,61536254.50,NASDAQ Global Select,NASDAQ,US,Industrials,Trucking,False,False,True,,outside_core_rank
PGEN,"Precigen, Inc.",2235323970,6.27,5474466,34324901.82,NASDAQ Global Select,NASDAQ,US,Healthcare,Biotechnology,False,False,True,,outside_core_rank
HCI,"HCI Group, Inc.",2233969048,175.01,191736,33555717.36,New York Stock Exchange,NYSE,US,Financial Services,Insurance - Property & Casualty,False,False,True,,outside_core_rank
HE,"Hawaiian Electric Industries, Inc.",2230457120,12.92,860197,11113745.24,New York Stock Exchange,NYSE,US,Utilities,Regulated Electric,False,False,True,,outside_core_rank
HAPN,"Happen, Inc. Common Stock",2207818140,19.14,1210995,23178444.30,NASDAQ,NASDAQ,US,Financial Services,Banks - Regional,False,False,True,,outside_core_rank
ROG,Rogers Corporation,2203754295,123.47,217767,26887691.49,New York Stock Exchange,NYSE,US,Technology,"Hardware, Equipment & Parts",False,False,True,,outside_core_rank
MCRI,"Monarch Casino & Resort, Inc.",2199986875,122.75,139829,17164009.75,NASDAQ Global Select,NASDAQ,US,Consumer Cyclical,"Gambling, Resorts & Casinos",False,False,True,,outside_core_rank
ARXS,"Arxis, Inc. Class A Common Stock",2199150000,54.3,1464877,79542821.1,NASDAQ Global Market,NASDAQ,US,Industrials,Aerospace & Defense,False,False,True,,outside_core_rank
NUVB,Nuvation Bio Inc.,2197788476,6.33,3931615,24887122.95,New York Stock Exchange,NYSE,US,Healthcare,Biotechnology,False,False,True,,outside_core_rank
LFTO,"Liftoff Mobile, Inc. Common Stock",2194887027,22.2,602269,13370371.8,NASDAQ,NASDAQ,US,Technology,Software - Services,False,False,True,,outside_core_rank
KLRA,"Kailera Therapeutics, Inc.",2194841400,16.94,409879,6943350.26,NASDAQ Global Select,NASDAQ,US,Healthcare,Biotechnology,False,False,True,,outside_core_rank
SHO,"Sunstone Hotel Investors, Inc.",2192648248,11.77,1339450,15765326.50,New York Stock Exchange,NYSE,US,Real Estate,REIT - Hotel & Motel,False,False,True,,outside_core_rank
FCF,First Commonwealth Financial Corporation,2189256520,21.53,800314,17230760.42,New York Stock Exchange,NYSE,US,Financial Services,Banks - Regional,False,False,True,,outside_core_rank
EVCM,EverCommerce Inc.,2183575340,12.34,111425,1374984.50,NASDAQ Global Select,NASDAQ,US,Technology,Software - Application,False,False,True,,outside_core_rank
BOBS,"Bob's Discount Furniture, Inc.",2177560192,16.67,603098,10053643.66,New York Stock Exchange,NYSE,US,Consumer Cyclical,Specialty Retail,False,False,True,,outside_core_rank
MD,"Pediatrix Medical Group, Inc.",2177051569,26.51,313079,8299724.29,New York Stock Exchange,NYSE,US,Healthcare,Medical - Care Facilities,False,False,True,,outside_core_rank
HTFL,"Heartflow, Inc. Common Stock",2175856090,25.23,678085,17108084.55,NASDAQ Global Select,NASDAQ,US,Healthcare,Medical - Healthcare Information Services,False,False,True,,outside_core_rank
IMNM,"Immunome, Inc.",2175747617,22.76,627996,14293188.96,NASDAQ,NASDAQ,US,Healthcare,Biotechnology,False,False,True,,outside_core_rank
KSS,Kohl's Corporation,2170476000,19.14,2847463,54500441.82,New York Stock Exchange,NYSE,US,Consumer Cyclical,Department Stores,False,False,True,,outside_core_rank
MFP,"Midera Food Processing, Inc.",2168039495,47.95,915311,43889162.45,NASDAQ Global Select,NASDAQ,US,Consumer Defensive,Food Distribution,False,False,True,,outside_core_rank
UTI,"Universal Technical Institute, Inc.",2164462887,39.31,494292,19430618.52,New York Stock Exchange,NYSE,US,Consumer Defensive,Education & Training Services,False,False,True,,outside_core_rank
CLOV,"Clover Health Investments, Corp.",2161131540,4.17,3538113,14753931.21,NASDAQ Global Select,NASDAQ,US,Healthcare,Medical - Healthcare Plans,False,False,True,,outside_core_rank
SRCE,1st Source Corporation,2159942278,89.74,102227,9173850.98,NASDAQ Global Select,NASDAQ,US,Financial Services,Banks - Regional,False,False,True,,outside_core_rank
ADUS,Addus HomeCare Corporation,2155408332,115.48,152823,17648000.04,NASDAQ Global Select,NASDAQ,US,Healthcare,Medical - Care Facilities,False,False,True,,outside_core_rank
INFQ,Infleqtion Inc,2144875330,9.83,6494487,63840807.21,New York Stock Exchange,NYSE,US,Technology,"Hardware, Equipment & Parts",False,False,True,,outside_core_rank
GRC,The Gorman-Rupp Company,2144244138,81.19,157135,12757790.65,New York Stock Exchange,NYSE,US,Industrials,Industrial - Machinery,False,False,True,,outside_core_rank
ATEN,"A10 Networks, Inc.",2128986035,29.57,1701945,50326513.65,New York Stock Exchange,NYSE,US,Technology,Software - Infrastructure,False,False,True,,outside_core_rank
SION,"Sionna Therapeutics, Inc.",2127935053,47.13,390624,18410109.12,NASDAQ Global Market,NASDAQ,US,Healthcare,Biotechnology,False,False,True,,outside_core_rank
IOSP,Innospec Inc.,2117777421,85.98,196698,16912094.04,NASDAQ Global Select,NASDAQ,US,Basic Materials,Chemicals - Specialty,False,False,True,,outside_core_rank
GTY,Getty Realty Corp.,2114382344,34.14,271851,9280993.14,New York Stock Exchange,NYSE,US,Real Estate,REIT - Retail,False,False,True,,outside_core_rank
CNXN,"PC Connection, Inc.",2112933648,83.72,251545,21059347.40,NASDAQ Global Select,NASDAQ,US,Technology,Technology Distributors,False,False,True,,outside_core_rank
AIN,Albany International Corp.,2112728293,74.51,101824,7586906.24,New York Stock Exchange,NYSE,US,Industrials,Aerospace & Defense,False,False,True,,outside_core_rank
OLN,Olin Corporation,2109806820,18.51,9344103,172959346.53,New York Stock Exchange,NYSE,US,Basic Materials,Chemicals,False,False,True,,outside_core_rank
FIVN,"Five9, Inc.",2106275310,27.51,16108248,443137902.48,NASDAQ Global Market,NASDAQ,US,Technology,Software - Application,False,False,True,,outside_core_rank
HMN,Horace Mann Educators Corporation,2104262873,52.11,123536,6437460.96,New York Stock Exchange,NYSE,US,Financial Services,Insurance - Property & Casualty,False,False,True,,outside_core_rank
PRKS,United Parks & Resorts Inc.,2103658615,44.63,1160721,51802978.23,New York Stock Exchange,NYSE,US,Consumer Cyclical,Leisure,False,False,True,,outside_core_rank
MH,"McGraw Hill, Inc.",2096386801,10.96,306395,3358089.20,New York Stock Exchange,NYSE,US,Consumer Defensive,Education & Training Services,False,False,True,,outside_core_rank
STGW,Stagwell Inc.,2094369393,8.45,2024054,17103256.30,NASDAQ Global Select,NASDAQ,US,Communication Services,Advertising Agencies,False,False,True,,outside_core_rank
VERX,"Vertex, Inc.",2089056553,12.91,2309326,29813398.66,NASDAQ Global Market,NASDAQ,US,Technology,Software - Application,False,False,True,,outside_core_rank
NTST,NETSTREIT Corp.,2086240020,21.45,378073,8109665.85,New York Stock Exchange,NYSE,US,Real Estate,REIT - Retail,False,False,True,,outside_core_rank
HAWK,"HawkEye 360, Inc.",2076751343,21.2,867272,18386166.4,New York Stock Exchange,NYSE,US,Industrials,Aerospace & Defense,False,False,True,,outside_core_rank
SSMR,Sunshine Silver Mining & Refining Company,2065351285,14.37,97114,1395528.18,New York Stock Exchange,NYSE,US,Basic Materials,Other Precious Metals,False,False,True,,outside_core_rank
LTC,"LTC Properties, Inc.",2059541789,40.24,361004,14526800.96,New York Stock Exchange,NYSE,US,Real Estate,REIT - Healthcare Facilities,False,False,True,,outside_core_rank
SPB,"Spectrum Brands Holdings, Inc.",2058958011,88.77,188085,16696305.45,New York Stock Exchange,NYSE,US,Consumer Defensive,Household & Personal Products,False,False,True,,outside_core_rank
RDW,Redwire Corp,2058671500,8.62,18029411,155413522.82,New York Stock Exchange,NYSE,US,Industrials,Aerospace & Defense,False,False,True,,outside_core_rank
NWN,Northwest Natural Holding Company,2058573168,48.92,270262,13221217.04,New York Stock Exchange,NYSE,US,Utilities,Regulated Gas,False,False,True,,outside_core_rank
STC,Stewart Information Services Corporation,2056567689,67.59,174801,11814799.59,New York Stock Exchange,NYSE,US,Financial Services,Insurance - Property & Casualty,False,False,True,,outside_core_rank
INOD,Innodata Inc.,2051736143,62.83,1276928,80229386.24,NASDAQ Global Market,NASDAQ,US,Technology,Information Technology Services,False,False,True,,outside_core_rank
CHCO,City Holding Company,2047671298,145.11,129919,18852546.09,NASDAQ Global Select,NASDAQ,US,Financial Services,Banks - Regional,False,False,True,,outside_core_rank
NGL,NGL Energy Partners LP,2045701460,16.39,531281,8707695.59,New York Stock Exchange,NYSE,US,Energy,Oil & Gas Midstream,False,False,True,,outside_core_rank
AVAH,Aveanna Healthcare Holdings Inc.,2044721356,9.39,1695761,15923195.79,NASDAQ Global Select,NASDAQ,US,Healthcare,Medical - Care Facilities,False,False,True,,outside_core_rank
HRMY,"Harmony Biosciences Holdings, Inc.",2040137902,35.24,588176,20727322.24,NASDAQ Global Market,NASDAQ,US,Healthcare,Biotechnology,False,False,True,,outside_core_rank
WKC,World Kinect Corporation,2038903573,39.86,1184482,47213452.52,New York Stock Exchange,NYSE,US,Energy,Oil & Gas Refining & Marketing,False,False,True,,outside_core_rank
BHVN,Biohaven Ltd.,2032573365,13.5,1157052,15620202.0,New York Stock Exchange,NYSE,US,Healthcare,Biotechnology,False,False,True,,outside_core_rank
LPG,Dorian LPG Ltd.,2028754733,47.42,466701,22130961.42,New York Stock Exchange,NYSE,US,Energy,Oil & Gas Midstream,False,False,True,,outside_core_rank
NCNO,"nCino, Inc.",2022347457,18.46,1773864,32745529.44,NASDAQ Global Select,NASDAQ,US,Technology,Software - Application,False,False,True,,outside_core_rank
ECPG,"Encore Capital Group, Inc.",2017112832,94.08,221005,20792150.40,NASDAQ Global Select,NASDAQ,US,Financial Services,Financial - Mortgages,False,False,True,,outside_core_rank
SGRY,"Surgery Partners, Inc.",2014135200,15.4,1115445,17177853.0,NASDAQ Global Select,NASDAQ,US,Healthcare,Medical - Care Facilities,False,False,True,,outside_core_rank
GT,The Goodyear Tire & Rubber Company,1997701050,6.95,6894947,47919881.65,NASDAQ Global Select,NASDAQ,US,Consumer Cyclical,Auto - Parts,False,False,True,,outside_core_rank
PRDO,Perdoceo Education Corporation,1994585611,31.81,987291,31405726.71,NASDAQ Global Select,NASDAQ,US,Consumer Defensive,Education & Training Services,False,False,True,,outside_core_rank
APPN,Appian Corporation,1994582354,26.96,620611,16731672.56,NASDAQ Global Market,NASDAQ,US,Technology,Software - Infrastructure,False,False,True,,outside_core_rank
PVLA,"Palvella Therapeutics, Inc.",1994222912,139.04,182877,25427218.08,NASDAQ Global Market,NASDAQ,US,Healthcare,Biotechnology,False,False,True,,outside_core_rank
TILE,"Interface, Inc.",1989005138,34.26,252658,8656063.08,NASDAQ,NASDAQ,US,Consumer Cyclical,"Furnishings, Fixtures & Appliances",False,False,True,,outside_core_rank
WU,The Western Union Company,1987087261,6.36,53343168,339262548.48,New York Stock Exchange,NYSE,US,Financial Services,Financial - Credit Services,False,False,True,,outside_core_rank
ZBIO,"Zenas BioPharma, Inc.",1984913373,31.44,444647,13979701.68,NASDAQ Global Select,NASDAQ,US,Healthcare,Biotechnology,False,False,True,,outside_core_rank
LOB,"Live Oak Bancshares, Inc.",1980030720,42.8,137159,5870405.2,New York Stock Exchange,NYSE,US,Financial Services,Banks - Regional,False,False,True,,outside_core_rank
DEI,"Douglas Emmett, Inc.",1979672700,11.82,1138338,13455155.16,New York Stock Exchange,NYSE,US,Real Estate,REIT - Office,False,False,True,,outside_core_rank
ASAN,"Asana, Inc.",1977030482,8.32,5237348,43574735.36,New York Stock Exchange,NYSE,US,Technology,Software - Application,False,False,True,,outside_core_rank
UFPT,"UFP Technologies, Inc.",1971217318,254.78,118481,30186589.18,NASDAQ Capital Market,NASDAQ,US,Healthcare,Medical - Devices,False,False,True,,outside_core_rank
LUNR,"Intuitive Machines, Inc.",1966657477,12.34,7956592,98184345.28,NASDAQ Global Market,NASDAQ,US,Industrials,Aerospace & Defense,False,False,True,,outside_core_rank
ADMA,"ADMA Biologics, Inc.",1960799580,8.46,1557495,13176407.70,NASDAQ Global Market,NASDAQ,US,Healthcare,Biotechnology,False,False,True,,outside_core_rank
INVX,"Innovex International, Inc.",1960556523,28.08,429395,12057411.60,New York Stock Exchange,NYSE,US,Energy,Oil & Gas Equipment & Services,False,False,True,,outside_core_rank
RAPP,"Rapport Therapeutics, Inc. Common Stock",1959947468,40.98,232497,9527727.06,NASDAQ Global Market,NASDAQ,US,Healthcare,Biotechnology,False,False,True,,outside_core_rank
MLCIL,Mount Logan Capital Inc. 8.00% Notes Due 2031,1956826848,22.5501,4596,103640.2596,NASDAQ Global Market,NASDAQ,US,Financial Services,Insurance - Life,False,False,True,,outside_core_rank
ZD,"Ziff Davis, Inc.",1955223032,53.08,383539,20358250.12,NASDAQ Global Select,NASDAQ,US,Communication Services,Advertising Agencies,False,False,True,,outside_core_rank
FLYW,Flywire Corp,1945928406,16.01,2576280,41246242.80,NASDAQ,NASDAQ,US,Industrials,Specialty Business Services,False,False,True,,outside_core_rank
ALKT,"Alkami Technology, Inc.",1944535230,18.17,1346347,24463124.99,NASDAQ Global Select,NASDAQ,US,Technology,Software - Application,False,False,True,,outside_core_rank
BLKB,"Blackbaud, Inc.",1942696280,42.8,919974,39374887.2,NASDAQ Global Select,NASDAQ,US,Technology,Software - Application,False,False,True,,outside_core_rank
ALG,Alamo Group Inc.,1935733164,159.08,88428,14067126.24,New York Stock Exchange,NYSE,US,Industrials,Industrial - Machinery,False,False,True,,outside_core_rank
YSS,"York Space Systems, Inc.",1935493056,14.73,1371667,20204654.91,New York Stock Exchange,NYSE,US,Industrials,Aerospace & Defense,False,False,True,,outside_core_rank
NBHC,National Bank Holdings Corporation,1934514652,43.19,375095,16200353.05,New York Stock Exchange,NYSE,US,Financial Services,Banks - Regional,False,False,True,,outside_core_rank
WGS,GeneDx Holdings Corp.,1932985680,65.11,884567,57594157.37,NASDAQ Global Market,NASDAQ,US,Healthcare,Medical - Healthcare Information Services,False,False,True,,outside_core_rank
NSP,"Insperity, Inc.",1931743212,50.61,814036,41198361.96,New York Stock Exchange,NYSE,US,Industrials,Staffing & Employment Services,False,False,True,,outside_core_rank
WTTR,"Select Water Solutions, Inc.",1929829541,18.52,1276599,23642613.48,New York Stock Exchange,NYSE,US,Energy,Oil & Gas Equipment & Services,False,False,True,,outside_core_rank
PDFS,"PDF Solutions, Inc.",1929682293,46.09,682589,31460527.01,NASDAQ Global Select,NASDAQ,US,Technology,Software - Application,False,False,True,,outside_core_rank
TGLS,Tecnoglass Inc.,1927207607,43.44,104789,4552034.16,New York Stock Exchange,NYSE,US,Basic Materials,Construction Materials,False,False,True,,outside_core_rank
DX,"Dynex Capital, Inc.",1925900697,12.71,3695655,46971775.05,New York Stock Exchange,NYSE,US,Real Estate,REIT - Mortgage,False,False,True,,outside_core_rank
ATRC,"AtriCure, Inc.",1920711261,37.76,1292079,48788903.04,NASDAQ Global Market,NASDAQ,US,Healthcare,Medical - Instruments & Supplies,False,False,True,,outside_core_rank
ARR,"ARMOUR Residential REIT, Inc.",1916460416,16.47,2789236,45938716.92,New York Stock Exchange,NYSE,US,Real Estate,REIT - Mortgage,False,False,True,,outside_core_rank
GABC,"German American Bancorp, Inc.",1911271584,50.88,192652,9802133.76,NASDAQ Global Select,NASDAQ,US,Financial Services,Banks - Regional,False,False,True,,outside_core_rank
VSTS,Vestis Corporation,1910239486,14.46,628371,9086244.66,New York Stock Exchange,NYSE,US,Industrials,Rental & Leasing Services,False,False,True,,outside_core_rank
CCS,"Century Communities, Inc.",1909553564,67.16,125013,8395873.08,New York Stock Exchange,NYSE,US,Consumer Cyclical,Residential Construction,False,False,True,,outside_core_rank
SAM,"The Boston Beer Company, Inc.",1907742574,183.2,218283,39989445.6,New York Stock Exchange,NYSE,US,Consumer Defensive,Beverages - Alcoholic,False,False,True,,outside_core_rank
WMK,"Weis Markets, Inc.",1906571430,77.05,176435,13594316.75,New York Stock Exchange,NYSE,US,Consumer Defensive,Grocery Stores,False,False,True,,outside_core_rank
FLOC,Flowco Holdings Inc.,1903624078,20.45,292563,5982913.35,New York Stock Exchange,NYSE,US,Energy,Oil & Gas Equipment & Services,False,False,True,,outside_core_rank
XHR,"Xenia Hotels & Resorts, Inc.",1898419284,20.58,851964,17533419.12,New York Stock Exchange,NYSE,US,Real Estate,REIT - Hotel & Motel,False,False,True,,outside_core_rank
TYRA,"Tyra Biosciences, Inc.",1895893622,31.88,705400,22488152.00,NASDAQ Global Select,NASDAQ,US,Healthcare,Biotechnology,False,False,True,,outside_core_rank
BFLY,"Butterfly Network, Inc.",1893287680,7.11,10874001,77314147.11,New York Stock Exchange,NYSE,US,Healthcare,Medical - Devices,False,False,True,,outside_core_rank
LIME,"Neutron Holdings, Inc.",1891326149,29.54,336653,9944729.62,NASDAQ,NASDAQ,US,Industrials,Rental & Leasing Services,False,False,True,,outside_core_rank
STBA,"S&T Bancorp, Inc.",1876194709,52.15,271559,14161801.85,NASDAQ Global Select,NASDAQ,US,Financial Services,Banks - Regional,False,False,True,,outside_core_rank
TSHA,"Taysha Gene Therapies, Inc.",1874385460,5.86,2018596,11828972.56,NASDAQ Global Select,NASDAQ,US,Healthcare,Biotechnology,False,False,True,,outside_core_rank
GEL,"Genesis Energy, L.P.",1874316355,15.31,300721,4604038.51,New York Stock Exchange,NYSE,US,Energy,Oil & Gas Midstream,False,False,True,,outside_core_rank
STRA,"Strategic Education, Inc.",1863892062,82,290095,23787790,NASDAQ Global Select,NASDAQ,US,Consumer Defensive,Education & Training Services,False,False,True,,outside_core_rank
URGN,UroGen Pharma Ltd.,1863117846,38.24,814692,31153822.08,NASDAQ,NASDAQ,US,Healthcare,Biotechnology,False,False,True,,outside_core_rank
CASH,"Pathward Financial, Inc.",1862749400,88.24,198150,17484756.00,NASDAQ Global Select,NASDAQ,US,Financial Services,Banks - Regional,False,False,True,,outside_core_rank
SLS,"SELLAS Life Sciences Group, Inc.",1862190330,10.01,4975937,49809129.37,NASDAQ,NASDAQ,US,Healthcare,Biotechnology,False,False,True,,outside_core_rank
KARD,"Kardigan, Inc.",1860040499,20.82,280396,5837844.72,NASDAQ,NASDAQ,US,Healthcare,Biotechnology,False,False,True,,outside_core_rank
SMA,Smartstop Self Storage REIT Inc,1856951994,33.54,244449,8198819.46,New York Stock Exchange,NYSE,US,Real Estate,REIT - Industrial,False,False,True,,outside_core_rank
TY,Tri-Continental Corporation,1856780469,34.88,21206,739665.28,New York Stock Exchange,NYSE,US,Financial Services,Asset Management,False,False,True,,outside_core_rank
TCBK,TriCo Bancshares,1849947365,57.54,208722,12009863.88,NASDAQ Global Select,NASDAQ,US,Financial Services,Banks - Regional,False,False,True,,outside_core_rank
GNL,"Global Net Lease, Inc.",1848038320,8.72,1403807,12241197.04,New York Stock Exchange,NYSE,US,Real Estate,REIT - Diversified,False,False,True,,outside_core_rank
EPAC,Enerpac Tool Group Corp.,1842152860,35.74,263212,9407196.88,New York Stock Exchange,NYSE,US,Industrials,Industrial - Machinery,False,False,True,,outside_core_rank
BL,"BlackLine, Inc.",1841952794,31.4,485504,15244825.6,NASDAQ,NASDAQ,US,Technology,Software - Application,False,False,True,,outside_core_rank
NVRI,Enviri Corporation,1834514964,22.18,122131,2708865.58,New York Stock Exchange,NYSE,US,Industrials,Waste Management,False,False,True,,outside_core_rank
CTS,CTS Corporation,1831023544,64.12,173862,11148031.44,New York Stock Exchange,NYSE,US,Technology,"Hardware, Equipment & Parts",False,False,True,,outside_core_rank
WS,"Worthington Steel, Inc.",1829536303,36.01,189267,6815504.67,New York Stock Exchange,NYSE,US,Basic Materials,Steel,False,False,True,,outside_core_rank
FTRE,Fortrea Holdings Inc.,1823066942,19.17,1855377,35567577.09,NASDAQ Global Select,NASDAQ,US,Healthcare,Biotechnology,False,False,True,,outside_core_rank
DXC,DXC Technology Company,1821782156,11.24,7096285,79762243.40,New York Stock Exchange,NYSE,US,Technology,Information Technology Services,False,False,True,,outside_core_rank
HYMC,Hycroft Mining Holding Corporation,1819838230,19.53,1039658,20304520.74,NASDAQ,NASDAQ,US,Basic Materials,Gold,False,False,True,,outside_core_rank
IOVA,"Iovance Biotherapeutics, Inc.",1817263140,4.07,19683440,80111600.80,NASDAQ Global Market,NASDAQ,US,Healthcare,Biotechnology,False,False,True,,outside_core_rank
CBL,"CBL & Associates Properties, Inc.",1816766683,58.71,226249,13283078.79,New York Stock Exchange,NYSE,US,Real Estate,REIT - Retail,False,False,True,,outside_core_rank
MRVI,"Maravai LifeSciences Holdings, Inc.",1814775524,6.57,1078910,7088438.70,NASDAQ Global Select,NASDAQ,US,Healthcare,Biotechnology,False,False,True,,outside_core_rank
TFIN,"Triumph Financial, Inc.",1814309385,75.93,172937,13131106.41,New York Stock Exchange,NYSE,US,Financial Services,Banks - Regional,False,False,True,,outside_core_rank
ATEX,Anterix Inc.,1813747865,93.02,252203,23459923.06,NASDAQ Capital Market,NASDAQ,US,Communication Services,Telecommunications Services,False,False,True,,outside_core_rank
ANIP,"ANI Pharmaceuticals, Inc.",1801491130,79.24,197820,15675256.80,NASDAQ,NASDAQ,US,Healthcare,Drug Manufacturers - Specialty & Generic,False,False,True,,outside_core_rank
DCOM,"Dime Community Bancshares, Inc.",1798065893,40.76,298179,12153776.04,New York Stock Exchange,NYSE,US,Financial Services,Banks - Regional,False,False,True,,outside_core_rank
STOK,"Stoke Therapeutics, Inc.",1797448563,28.86,682794,19705434.84,NASDAQ Global Select,NASDAQ,US,Healthcare,Biotechnology,False,False,True,,outside_core_rank
GENB,"Generate Biomedicines, Inc.",1794694776,14,314668,4405352,NASDAQ Global Market,NASDAQ,US,Healthcare,Biotechnology,False,False,True,,outside_core_rank
XPRO,Expro Group Holdings N.V.,1791968927,15.95,682373,10883849.35,New York Stock Exchange,NYSE,US,Energy,Oil & Gas Equipment & Services,False,False,True,,outside_core_rank
RVLV,"Revolve Group, Inc.",1791553352,25.11,595688,14957725.68,New York Stock Exchange,NYSE,US,Consumer Cyclical,Specialty Retail,False,False,True,,outside_core_rank
ALGT,Allegiant Travel Company,1791539676,98.08,362425,35546644.00,NASDAQ Global Select,NASDAQ,US,Industrials,"Airlines, Airports & Air Services",False,False,True,,outside_core_rank
HOPE,"Hope Bancorp, Inc.",1791024390,14.01,1009981,14149833.81,NASDAQ Global Select,NASDAQ,US,Financial Services,Banks - Regional,False,False,True,,outside_core_rank
OCUL,"Ocular Therapeutix, Inc.",1788906125,8.17,2127465,17381389.05,NASDAQ Global Market,NASDAQ,US,Healthcare,Biotechnology,False,False,True,,outside_core_rank
NN,NextNav Inc.,1788688270,13.11,1386311,18174537.21,NASDAQ,NASDAQ,US,Technology,Consumer Electronics,False,False,True,,outside_core_rank
FIGS,"FIGS, Inc.",1787405554,10.7,4495535,48102224.5,New York Stock Exchange,NYSE,US,Consumer Cyclical,Apparel - Manufacturers,False,False,True,,outside_core_rank
PLAB,"Photronics, Inc.",1786010473,30.29,970005,29381451.45,NASDAQ Global Select,NASDAQ,US,Technology,Semiconductors,False,False,True,,outside_core_rank
PRLB,"Proto Labs, Inc.",1785739700,75.05,286605,21509705.25,New York Stock Exchange,NYSE,US,Industrials,Manufacturing - Miscellaneous,False,False,True,,outside_core_rank
AGIO,"Agios Pharmaceuticals, Inc.",1785337432,30.02,2099928,63039838.56,NASDAQ Global Select,NASDAQ,US,Healthcare,Biotechnology,False,False,True,,outside_core_rank
DMRA,"Damora Therapeutics, Inc.",1784427094,28.99,314511,9117673.89,NASDAQ Capital Market,NASDAQ,US,Healthcare,Biotechnology,False,False,True,,outside_core_rank
BY,"Byline Bancorp, Inc.",1783223211,39.27,156553,6147836.31,New York Stock Exchange,NYSE,US,Financial Services,Banks - Regional,False,False,True,,outside_core_rank
NEXT,Nextdecade Corp,1780752873,6.72,2775853,18653732.16,NASDAQ,NASDAQ,US,Industrials,Engineering & Construction,False,False,True,,outside_core_rank
FUN,Six Flags Entertainment Corporation,1771194315,17.33,894552,15502586.16,New York Stock Exchange,NYSE,US,Consumer Cyclical,Leisure,False,False,True,,outside_core_rank
EYE,"National Vision Holdings, Inc.",1765771385,22.04,1572917,34667090.68,NASDAQ Global Select,NASDAQ,US,Consumer Cyclical,Specialty Retail,False,False,True,,outside_core_rank
PRG,"PROG Holdings, Inc.",1763687712,44.02,774617,34098640.34,New York Stock Exchange,NYSE,US,Financial Services,Financial - Credit Services,False,False,True,,outside_core_rank
ASTH,"Astrana Health, Inc.",1763186344,35.56,561620,19971207.20,NASDAQ Capital Market,NASDAQ,US,Healthcare,Medical - Care Facilities,False,False,True,,outside_core_rank
PLPC,Preformed Line Products Company,1744921810,356.98,162223,57910366.54,NASDAQ Global Select,NASDAQ,US,Industrials,Electrical Equipment & Parts,False,False,True,,outside_core_rank
AMR,"Alpha Metallurgical Resources, Inc.",1743934536,137.16,341436,46831361.76,New York Stock Exchange,NYSE,US,Energy,Coal,False,False,True,,outside_core_rank
EZPW,"EZCORP, Inc.",1743504074,29.77,595328,17722914.56,NASDAQ Global Select,NASDAQ,US,Financial Services,Financial - Credit Services,False,False,True,,outside_core_rank
RBCAA,"Republic Bancorp, Inc.",1740057546,99.54,127853,12726487.62,NASDAQ Global Select,NASDAQ,US,Financial Services,Banks - Regional,False,False,True,,outside_core_rank
SONO,"Sonos, Inc.",1734190040,14.66,2453295,35965304.70,NASDAQ Global Select,NASDAQ,US,Technology,Consumer Electronics,False,False,True,,outside_core_rank
DV,"DoubleVerify Holdings, Inc.",1726472126,11.25,2928839,32949438.75,New York Stock Exchange,NYSE,US,Technology,Software - Application,False,False,True,,outside_core_rank
AFGB,"American Financial Group, Inc.",1720953208,20.66,9829,203067.14,New York Stock Exchange,NYSE,US,Financial Services,Insurance - Property & Casualty,False,False,True,,outside_core_rank
BFC,Bank First Corporation,1714185746,152.74,74215,11335599.10,NASDAQ Capital Market,NASDAQ,US,Financial Services,Banks - Regional,False,False,True,,outside_core_rank
HUN,Huntsman Corporation,1711760274,9.76,8149134,79535547.84,New York Stock Exchange,NYSE,US,Basic Materials,Chemicals,False,False,True,,outside_core_rank
KMPB,Kemper Corporation 5.875% Fixed,1710366592,24.7,4973,122833.1,New York Stock Exchange,NYSE,US,Financial Services,Insurance - Property & Casualty,False,False,True,,outside_core_rank
IMKTA,"Ingles Markets, Incorporated",1709683694,90.01,115830,10425858.30,NASDAQ Global Select,NASDAQ,US,Consumer Defensive,Grocery Stores,False,False,True,,outside_core_rank
WD,"Walker & Dunlop, Inc.",1705917328,49.69,214472,10657113.68,New York Stock Exchange,NYSE,US,Financial Services,Financial - Mortgages,False,False,True,,outside_core_rank
IIPR,"Innovative Industrial Properties, Inc.",1705217239,58.81,312502,18378242.62,New York Stock Exchange,NYSE,US,Real Estate,REIT - Industrial,False,False,True,,outside_core_rank
VRDN,"Viridian Therapeutics, Inc.",1702751962,18.92,1050872,19882498.24,NASDAQ Capital Market,NASDAQ,US,Healthcare,Biotechnology,False,False,True,,outside_core_rank
QCRH,"QCR Holdings, Inc.",1699683807,102.95,89068,9169550.60,NASDAQ Global Market,NASDAQ,US,Financial Services,Banks - Regional,False,False,True,,outside_core_rank
MQ,"Marqeta, Inc.",1697903480,17.36,802584,13932858.24,NASDAQ,NASDAQ,US,Technology,Software - Infrastructure,False,False,True,,outside_core_rank
OBK,"Origin Bancorp, Inc.",1691381393,54.73,95050,5202086.50,New York Stock Exchange,NYSE,US,Financial Services,Banks - Regional,False,False,True,,outside_core_rank
SNDX,"Syndax Pharmaceuticals, Inc.",1688020500,19.05,1173481,22354813.05,NASDAQ Global Select,NASDAQ,US,Healthcare,Biotechnology,False,False,True,,outside_core_rank
GLP,Global Partners LP,1680565653,49.47,72067,3565154.49,New York Stock Exchange,NYSE,US,Energy,Oil & Gas Refining & Marketing,False,False,True,,outside_core_rank
ENOV,Enovis Corporation,1677949790,29.15,564434,16453251.10,New York Stock Exchange,NYSE,US,Healthcare,Medical - Devices,False,False,True,,outside_core_rank
KMPR,Kemper Corporation,1670850704,28.38,492144,13967046.72,New York Stock Exchange,NYSE,US,Financial Services,Insurance - Property & Casualty,False,False,True,,outside_core_rank
PRGS,Progress Software Corporation,1664715316,40.59,481346,19537834.14,NASDAQ Global Select,NASDAQ,US,Technology,Software - Infrastructure,False,False,True,,outside_core_rank
DNOW,Dnow Inc.,1664440071,14.12,1995902,28182136.24,New York Stock Exchange,NYSE,US,Industrials,Industrial - Distribution,False,False,True,,outside_core_rank
PWP,Perella Weinberg Partners,1663789817,17.65,3476401,61358477.65,NASDAQ Global Select,NASDAQ,US,Financial Services,Financial - Capital Markets,False,False,True,,outside_core_rank
CNOB,"ConnectOne Bancorp, Inc.",1656502992,32.94,424490,13982700.60,NASDAQ Global Select,NASDAQ,US,Financial Services,Banks - Regional,False,False,True,,outside_core_rank
TRIP,"Tripadvisor, Inc.",1648255959,14.165,1884335,26691605.275,NASDAQ Global Select,NASDAQ,US,Consumer Cyclical,Travel Services,False,False,True,,outside_core_rank
PRCH,"Porch Group, Inc.",1640361630,14.45,4927444,71201565.80,NASDAQ Capital Market,NASDAQ,US,Financial Services,Insurance - Property & Casualty,False,False,True,,outside_core_rank
AFGD,"American Financial Group, Inc.",1638487396,19.67,9583,188497.61,New York Stock Exchange,NYSE,US,Financial Services,Insurance - Property & Casualty,False,False,True,,outside_core_rank
IDT,IDT Corporation,1637881560,65.86,139522,9188918.92,New York Stock Exchange,NYSE,US,Communication Services,Telecommunications Services,False,False,True,,outside_core_rank
GCT,GigaCloud Technology Inc.,1632595369,43.74,646282,28268374.68,NASDAQ Global Market,NASDAQ,US,Technology,Software - Infrastructure,False,False,True,,outside_core_rank
TSLX,"Sixth Street Specialty Lending, Inc.",1630536336,17.16,430696,7390743.36,New York Stock Exchange,NYSE,US,Financial Services,Asset Management,False,False,True,,outside_core_rank
LIND,"Lindblad Expeditions Holdings, Inc.",1626033217,29.58,594248,17577855.84,NASDAQ Capital Market,NASDAQ,US,Consumer Cyclical,Travel Services,False,False,True,,outside_core_rank
BRUN,Boost Run Inc. Class A Common Stock,1618718896,20.04,1597333,32010553.32,NASDAQ Global Market,NASDAQ,US,Technology,Software - Infrastructure,False,False,True,,outside_core_rank
BXBL,BOXABL Inc.,1617314240,4.58,137402,629301.16,NASDAQ,NASDAQ,US,Consumer Cyclical,Residential Construction,False,False,True,,outside_core_rank
TIC,"TIC Solutions, Inc.",1615821435,7.31,758422,5544064.82,New York Stock Exchange,NYSE,US,Industrials,Specialty Business Services,False,False,True,,outside_core_rank
AMC,"AMC Entertainment Holdings, Inc.",1614524138,2.82,39301108,110829124.56,New York Stock Exchange,NYSE,US,Communication Services,Entertainment,False,False,True,,outside_core_rank
ZYME,Zymeworks Inc.,1614212309,21.94,375124,8230220.56,NASDAQ Global Select,NASDAQ,US,Healthcare,Biotechnology,False,False,True,,outside_core_rank
WWW,"Wolverine World Wide, Inc.",1613553360,19.68,537925,10586364.00,New York Stock Exchange,NYSE,US,Consumer Cyclical,Apparel - Footwear & Accessories,False,False,True,,outside_core_rank
QNT,Quantinuum Inc. Class A Common Stock,1612366432,51.41,1014452,52152977.32,NASDAQ Global Market,NASDAQ,US,Technology,Computer Hardware,False,False,True,,outside_core_rank
WBI,WaterBridge Infrastructure LLC,1608889539,34.22,550373,18833764.06,New York Stock Exchange,NYSE,US,Energy,Oil & Gas Equipment & Services,False,False,True,,outside_core_rank
OMCL,"Omnicell, Inc.",1608588693,35.37,1120833,39643863.21,NASDAQ,NASDAQ,US,Healthcare,Medical - Equipment & Services,False,False,True,,outside_core_rank
ITG,ITG Inc.,1602136053,12.94,320603,4148602.82,NASDAQ,NASDAQ,US,Industrials,Engineering & Construction,False,False,True,,outside_core_rank
HCSG,"Healthcare Services Group, Inc.",1599130307,23.3,532881,12416127.3,NASDAQ Global Select,NASDAQ,US,Healthcare,Medical - Care Facilities,False,False,True,,outside_core_rank
DSGR,"Distribution Solutions Group, Inc.",1599049939,34.57,186299,6440356.43,NASDAQ Global Select,NASDAQ,US,Industrials,Industrial - Distribution,False,False,True,,outside_core_rank
ARLO,"Arlo Technologies, Inc.",1598736506,14.72,900820,13260070.40,New York Stock Exchange,NYSE,US,Technology,Communication Equipment,False,False,True,,outside_core_rank
SKYT,"SkyWater Technology, Inc.",1597181316,32.46,2033619,66011272.74,NASDAQ Capital Market,NASDAQ,US,Technology,Semiconductors,False,False,True,,outside_core_rank
PGY,Pagaya Technologies Ltd.,1595075657,19.27,7089834,136621101.18,NASDAQ Capital Market,NASDAQ,US,Technology,Software - Infrastructure,False,False,True,,outside_core_rank
ATLC,Atlanticus Holdings Corporation,1594797504,105.49,125662,13256084.38,NASDAQ Global Select,NASDAQ,US,Financial Services,Financial - Credit Services,False,False,True,,outside_core_rank
SVV,"Savers Value Village, Inc.",1579898002,10.26,484862,4974684.12,New York Stock Exchange,NYSE,US,Consumer Cyclical,Specialty Retail,False,False,True,,outside_core_rank
CET,Central Securities Corp.,1579641363,53.45,39836,2129234.20,New York Stock Exchange American,AMEX,US,Financial Services,Asset Management,False,False,True,,outside_core_rank
LZB,La-Z-Boy Incorporated,1575641056,39.38,243330,9582335.40,New York Stock Exchange,NYSE,US,Consumer Cyclical,"Furnishings, Fixtures & Appliances",False,False,True,,outside_core_rank
VIA,"Via Transportation, Inc.",1575326654,20.34,689857,14031691.38,New York Stock Exchange,NYSE,US,Technology,Software - Application,False,False,True,,outside_core_rank
RXRX,"Recursion Pharmaceuticals, Inc.",1574034000,3,15256941,45770823,NASDAQ Global Select,NASDAQ,US,Healthcare,Biotechnology,False,False,True,,outside_core_rank
CXM,"Sprinklr, Inc.",1569602971,6.36,2401984,15276618.24,New York Stock Exchange,NYSE,US,Technology,Software - Application,False,False,True,,outside_core_rank
SRPT,"Sarepta Therapeutics, Inc.",1568859360,14.86,3589593,53341351.98,NASDAQ Global Select,NASDAQ,US,Healthcare,Biotechnology,False,False,True,,outside_core_rank
FBRX,"Forte Biosciences, Inc.",1568676080,76.6,791455,60625453.0,NASDAQ Capital Market,NASDAQ,US,Healthcare,Biotechnology,False,False,True,,outside_core_rank
LKFN,Lakeland Financial Corporation,1560837040,62.65,164145,10283684.25,NASDAQ Global Select,NASDAQ,US,Financial Services,Banks - Regional,False,False,True,,outside_core_rank
GAM,"General American Investors Company, Inc.",1559129520,65,33906,2203890,New York Stock Exchange,NYSE,US,Financial Services,Asset Management,False,False,True,,outside_core_rank
ULCC,"Frontier Group Holdings, Inc.",1553956454,6.75,3890736,26262468.00,NASDAQ Global Select,NASDAQ,US,Industrials,"Airlines, Airports & Air Services",False,False,True,,outside_core_rank
SEPN,Septerna Inc,1552852112,34.45,241093,8305653.85,NASDAQ,NASDAQ,US,Healthcare,Biotechnology,False,False,True,,outside_core_rank
INVA,"Innoviva, Inc.",1547769467,20.97,487128,10215074.16,NASDAQ Global Select,NASDAQ,US,Healthcare,Biotechnology,False,False,True,,outside_core_rank
HLMN,Hillman Solutions Corp.,1544172700,7.87,1470521,11573000.27,NASDAQ Global Market,NASDAQ,US,Industrials,Manufacturing - Tools & Accessories,False,False,True,,outside_core_rank
INNV,Innovage Holding Corp.,1541960960,11.36,351620,3994403.20,NASDAQ,NASDAQ,US,Healthcare,Medical - Care Facilities,False,False,True,,outside_core_rank
TRAX,First Tracks Biotherapeutics Inc,1536660459,44.04,648336,28552717.44,NASDAQ Global Select,NASDAQ,US,Healthcare,Biotechnology,False,False,True,,outside_core_rank
GIII,"G-III Apparel Group, Ltd.",1536158763,36.41,363822,13246759.02,NASDAQ,NASDAQ,US,Consumer Cyclical,Apparel - Manufacturers,False,False,True,,outside_core_rank
AMBQ,"Ambiq Micro, Inc.",1535408402,63.59,319803,20336272.77,New York Stock Exchange,NYSE,US,Technology,Semiconductors,False,False,True,,outside_core_rank
MLKN,"MillerKnoll, Inc.",1534135342,22.52,501954,11304004.08,NASDAQ Global Select,NASDAQ,US,Consumer Cyclical,"Furnishings, Fixtures & Appliances",False,False,True,,outside_core_rank
ARDT,Ardent Health Inc.,1529544831,10.67,423904,4523055.68,New York Stock Exchange,NYSE,US,Healthcare,Medical - Care Facilities,False,False,True,,outside_core_rank
AGL,"Agilon Health, Inc.",1528401635,91.61,135628,12424881.08,New York Stock Exchange,NYSE,US,Healthcare,Medical - Care Facilities,False,False,True,,outside_core_rank
BLFS,"BioLife Solutions, Inc.",1528259941,31.28,762756,23859007.68,NASDAQ Capital Market,NASDAQ,US,Healthcare,Medical - Instruments & Supplies,False,False,True,,outside_core_rank
GBX,"The Greenbrier Companies, Inc.",1523779536,49.25,291532,14357951.00,New York Stock Exchange,NYSE,US,Industrials,Railroads,False,False,True,,outside_core_rank
SAFT,"Safety Insurance Group, Inc.",1518120241,103.39,363749,37608009.11,NASDAQ Global Select,NASDAQ,US,Financial Services,Insurance - Property & Casualty,False,False,True,,outside_core_rank
TH,Target Hospitality Corp.,1513699600,15.2,1354976,20595635.2,NASDAQ Capital Market,NASDAQ,US,Industrials,Specialty Business Services,False,False,True,,outside_core_rank
CNXC,Concentrix Corporation,1501050180,24.6,952922,23441881.2,NASDAQ Global Select,NASDAQ,US,Technology,Information Technology Services,False,False,True,,outside_core_rank
PSUS,"Pershing Square USA, Ltd.",1500000000,37.5,508196,19057350.0,New York Stock Exchange,NYSE,US,Financial Services,Asset Management,False,False,True,,outside_core_rank
XNCR,"Xencor, Inc.",1498401655,20.21,1273646,25740385.66,NASDAQ Global Market,NASDAQ,US,Healthcare,Biotechnology,False,False,True,,outside_core_rank
PEBO,Peoples Bancorp Inc.,1496793808,41.66,290647,12108354.02,NASDAQ Global Select,NASDAQ,US,Financial Services,Banks - Regional,False,False,True,,outside_core_rank
AFGC,"American Financial Group, Inc.",1496046448,17.96,11713,210365.48,New York Stock Exchange,NYSE,US,Financial Services,Insurance - Property & Casualty,False,False,True,,outside_core_rank
MAZE,"Maze Therapeutics, Inc.",1489894399,26.92,335577,9033732.84,NASDAQ,NASDAQ,US,Healthcare,Biotechnology,False,False,True,,outside_core_rank
FLO,"Flowers Foods, Inc.",1488190860,7.02,6234080,43763241.60,New York Stock Exchange,NYSE,US,Consumer Defensive,Packaged Foods,False,False,True,,outside_core_rank
SLVM,Sylvamo Corp,1486528848,37.41,151908,5682878.28,New York Stock Exchange,NYSE,US,Basic Materials,"Paper, Lumber & Forest Products",False,False,True,,outside_core_rank
ALNT,Allient Inc.,1486514940,87.46,165925,14511800.50,NASDAQ Global Market,NASDAQ,US,Industrials,Electrical Equipment & Parts,False,False,True,,outside_core_rank
BCAX,Bicara Therapeutics Inc. Common Stock,1484524423,27.1,689859,18695178.9,NASDAQ Global Market,NASDAQ,US,Healthcare,Biotechnology,False,False,True,,outside_core_rank
KRP,"Kimbell Royalty Partners, LP",1476824452,14.97,583722,8738318.34,New York Stock Exchange,NYSE,US,Energy,Oil & Gas Exploration & Production,False,False,True,,outside_core_rank
AMAL,Amalgamated Financial Corp.,1474849595,49.38,117458,5800076.04,NASDAQ Global Market,NASDAQ,US,Financial Services,Banks - Regional,False,False,True,,outside_core_rank
PAHC,Phibro Animal Health Corporation,1472760653,36.33,203122,7379422.26,NASDAQ Global Market,NASDAQ,US,Healthcare,Drug Manufacturers - Specialty & Generic,False,False,True,,outside_core_rank
TRLV,Trulieve Cannabis Corp.,1469641565,8.65,672622,5818180.30,New York Stock Exchange,NYSE,US,Healthcare,Medical - Pharmaceuticals,False,False,True,,outside_core_rank
AHCO,AdaptHealth Corp.,1469383200,10.8,717887,7753179.6,NASDAQ Capital Market,NASDAQ,US,Healthcare,Medical - Devices,False,False,True,,outside_core_rank
SHLS,"Shoals Technologies Group, Inc.",1466325681,8.74,3940217,34437496.58,NASDAQ Global Market,NASDAQ,US,Technology,Solar,False,False,True,,outside_core_rank
CSWC,Capital Southwest Corporation,1465899113,23.59,582377,13738273.43,NASDAQ Global Select,NASDAQ,US,Financial Services,Asset Management,False,False,True,,outside_core_rank
ICFI,"ICF International, Inc.",1464990246,80.92,79195,6408459.40,NASDAQ Global Select,NASDAQ,US,Industrials,Consulting Services,False,False,True,,outside_core_rank
ATEC,"Alphatec Holdings, Inc.",1464071280,9.52,1628660,15504843.20,NASDAQ Global Select,NASDAQ,US,Healthcare,Medical - Devices,False,False,True,,outside_core_rank
VIR,"Vir Biotechnology, Inc.",1460526095,8.66,1084688,9393398.08,NASDAQ Global Select,NASDAQ,US,Healthcare,Biotechnology,False,False,True,,outside_core_rank
SCL,Stepan Co,1456831062,64.14,120610,7735925.40,New York Stock Exchange,NYSE,US,Basic Materials,Chemicals - Specialty,False,False,True,,outside_core_rank
VOYG,"Voyager Technologies, Inc.",1453700466,24.53,895422,21964701.66,New York Stock Exchange,NYSE,US,Industrials,Aerospace & Defense,False,False,True,,outside_core_rank
YELP,Yelp Inc.,1453404307,26.43,593255,15679729.65,New York Stock Exchange,NYSE,US,Communication Services,Internet Content & Information,False,False,True,,outside_core_rank
IE,Ivanhoe Electric Inc.,1448368076,9.15,1178381,10782186.15,New York Stock Exchange American,AMEX,US,Basic Materials,Copper,False,False,True,,outside_core_rank
AAT,"American Assets Trust, Inc.",1448211331,23.59,254048,5992992.32,New York Stock Exchange,NYSE,US,Real Estate,REIT - Diversified,False,False,True,,outside_core_rank
INSP,"Inspire Medical Systems, Inc.",1446708412,50.21,549339,27582311.19,New York Stock Exchange,NYSE,US,Healthcare,Medical - Devices,False,False,True,,outside_core_rank
HROW,"Harrow Health, Inc.",1445155898,38.77,254493,9866693.61,NASDAQ Global Market,NASDAQ,US,Healthcare,Drug Manufacturers - Specialty & Generic,False,False,True,,outside_core_rank
TPB,"Turning Point Brands, Inc.",1445009175,74.61,282490,21076578.90,New York Stock Exchange,NYSE,US,Consumer Defensive,Tobacco,False,False,True,,outside_core_rank
USAR,USA Rare Earth Inc,1444873517,14.95,11501654,171949727.30,NASDAQ Global Market,NASDAQ,US,Basic Materials,Industrial Materials,False,False,True,,outside_core_rank
BRBR,"BellRing Brands, Inc.",1440684420,12.39,2292389,28402699.71,New York Stock Exchange,NYSE,US,Consumer Defensive,Packaged Foods,False,False,True,,outside_core_rank
FOR,Forestar Group Inc.,1436015471,28.15,99690,2806273.50,New York Stock Exchange,NYSE,US,Real Estate,Real Estate - Development,False,False,True,,outside_core_rank
TMP,Tompkins Financial Corporation,1435988736,99.84,95870,9571660.80,New York Stock Exchange American,AMEX,US,Financial Services,Banks - Regional,False,False,True,,outside_core_rank
ENR,"Energizer Holdings, Inc.",1435888980,20.97,1156616,24254237.52,New York Stock Exchange,NYSE,US,Industrials,Electrical Equipment & Parts,False,False,True,,outside_core_rank
JJSF,J&J Snack Foods Corp.,1434636324,76.5,152094,11635191.0,NASDAQ Global Select,NASDAQ,US,Consumer Defensive,Packaged Foods,False,False,True,,outside_core_rank
TNC,Tennant Company,1431779019,84.03,75572,6350315.16,New York Stock Exchange,NYSE,US,Industrials,Industrial - Machinery,False,False,True,,outside_core_rank
TRS,TriMas Corporation,1430600061,39.93,641852,25629150.36,NASDAQ Global Select,NASDAQ,US,Consumer Cyclical,Packaging & Containers,False,False,True,,outside_core_rank
SBH,"Sally Beauty Holdings, Inc.",1428265245,14.97,1319372,19750998.84,New York Stock Exchange,NYSE,US,Consumer Cyclical,Specialty Retail,False,False,True,,outside_core_rank
CTBI,"Community Trust Bancorp, Inc.",1424942265,78.45,87572,6870023.40,NASDAQ Global Select,NASDAQ,US,Financial Services,Banks - Regional,False,False,True,,outside_core_rank
AMSC,American Superconductor Corporation,1423337751,29.37,659209,19360968.33,NASDAQ Global Select,NASDAQ,US,Industrials,Electrical Equipment & Parts,False,False,True,,outside_core_rank
CRI,Carter's Inc.,1421308357,38.57,2078672,80174379.04,New York Stock Exchange,NYSE,US,Consumer Cyclical,Specialty Retail,False,False,True,,outside_core_rank
BJRI,"BJ's Restaurants, Inc.",1420954232,67.61,950336,64252216.96,NASDAQ Global Select,NASDAQ,US,Consumer Cyclical,Restaurants,False,False,True,,outside_core_rank
EFC,Ellington Financial Inc.,1420626035,13.28,1267872,16837340.16,New York Stock Exchange,NYSE,US,Real Estate,REIT - Mortgage,False,False,True,,outside_core_rank
REX,REX American Resources Corporation,1417639383,43.04,90153,3880185.12,New York Stock Exchange,NYSE,US,Basic Materials,Chemicals,False,False,True,,outside_core_rank
WLTH,Wealthfront Corporation,1417437978,9.49,744792,7068076.08,NASDAQ Global Select,NASDAQ,US,Technology,Software - Application,False,False,True,,outside_core_rank
DMC,Del Monte Corporation,1413501053,29.71,496027,14736962.17,New York Stock Exchange,NYSE,US,Consumer Defensive,Agricultural Farm Products,False,False,True,,outside_core_rank
WABC,Westamerica Bancorporation,1412803200,60.15,134878,8112911.70,NASDAQ Global Select,NASDAQ,US,Financial Services,Banks - Regional,False,False,True,,outside_core_rank
XZO,"Exzeo Group, Inc.",1411054034,15.52,73625,1142660.00,New York Stock Exchange,NYSE,US,Financial Services,Insurance - Diversified,False,False,True,,outside_core_rank
WEN,The Wendy's Company,1401940160,7.36,5267644,38769859.84,NASDAQ,NASDAQ,US,Consumer Cyclical,Restaurants,False,False,True,,outside_core_rank
PNTG,"The Pennant Group, Inc.",1401827898,40.32,211584,8531066.88,NASDAQ Global Select,NASDAQ,US,Healthcare,Medical - Care Facilities,False,False,True,,outside_core_rank
HLX,"Helix Energy Solutions Group, Inc.",1400784960,9.51,681479,6480865.29,New York Stock Exchange,NYSE,US,Energy,Oil & Gas Equipment & Services,False,False,True,,outside_core_rank
GLUE,"Monte Rosa Therapeutics, Inc.",1395599985,16.52,7466874,123352758.48,NASDAQ Global Select,NASDAQ,US,Healthcare,Biotechnology,False,False,True,,outside_core_rank
XERS,"Xeris Biopharma Holdings, Inc.",1394947360,8.08,1623703,13119520.24,NASDAQ Global Select,NASDAQ,US,Healthcare,Biotechnology,False,False,True,,outside_core_rank
AI,"C3.ai, Inc.",1394891820,9.18,5271708,48394279.44,New York Stock Exchange,NYSE,US,Technology,Information Technology Services,False,False,True,,outside_core_rank
AVBP,"ArriVent BioPharma, Inc.",1388864413,29.82,419212,12500901.84,NASDAQ Global Market,NASDAQ,US,Healthcare,Biotechnology,False,False,True,,outside_core_rank
CNMD,CONMED Corporation,1386742782,46.3,506629,23456922.7,New York Stock Exchange,NYSE,US,Healthcare,Medical - Devices,False,False,True,,outside_core_rank
FMBH,"First Mid Bancshares, Inc.",1386417022,52.09,117620,6126825.80,NASDAQ Global Market,NASDAQ,US,Financial Services,Banks - Regional,False,False,True,,outside_core_rank
NKTR,Nektar Therapeutics,1380956816,70.67,475096,33575034.32,NASDAQ Global Select,NASDAQ,US,Healthcare,Biotechnology,False,False,True,,outside_core_rank
ODC,Oil-Dri Corporation of America,1380736127,99.21,53669,5324501.49,New York Stock Exchange,NYSE,US,Basic Materials,Chemicals - Specialty,False,False,True,,outside_core_rank
PRSU,"Pursuit Attractions and Hospitality, Inc.",1380403805,50.53,129392,6538177.76,New York Stock Exchange,NYSE,US,Industrials,Specialty Business Services,False,False,True,,outside_core_rank
AIP,"Arteris, Inc.",1379618822,29.88,506230,15126152.40,NASDAQ Global Market,NASDAQ,US,Technology,Semiconductors,False,False,True,,outside_core_rank
TBLA,Taboola.com Ltd.,1369354913,5.01,2325463,11650569.63,NASDAQ,NASDAQ,US,Communication Services,Internet Content & Information,False,False,True,,outside_core_rank
GIC,Global Industrial Co,1367451678,35.74,63816,2280783.84,New York Stock Exchange,NYSE,US,Industrials,Industrial - Distribution,False,False,True,,outside_core_rank
UAN,"CVR Partners, LP",1363372704,128.99,33528,4324776.72,New York Stock Exchange,NYSE,US,Basic Materials,Agricultural Inputs,False,False,True,,outside_core_rank
PUMP,ProPetro Holding Corp.,1361048700,11.1,4339830,48172113.0,New York Stock Exchange,NYSE,US,Energy,Oil & Gas Equipment & Services,False,False,True,,outside_core_rank
AMPX,"Amprius Technologies, Inc.",1359620832,9.6,5247910,50379936.0,New York Stock Exchange,NYSE,US,Industrials,Electrical Equipment & Parts,False,False,True,,outside_core_rank
PSNL,"Personalis, Inc.",1351466153,12.66,2737492,34656648.72,NASDAQ Global Market,NASDAQ,US,Healthcare,Medical - Diagnostics & Research,False,False,True,,outside_core_rank
LZ,"LegalZoom.com, Inc.",1350869760,7.87,1864980,14677392.60,NASDAQ Global Select,NASDAQ,US,Technology,Software - Application,False,False,True,,outside_core_rank
AFGE,"American Financial Group, Inc.",1348607572,16.19,19846,321306.74,New York Stock Exchange,NYSE,US,Financial Services,Insurance - Property & Casualty,False,False,True,,outside_core_rank
AESI,Atlas Energy Solutions Inc.,1347731251,10.79,2858409,30842233.11,New York Stock Exchange,NYSE,US,Energy,Oil & Gas Equipment & Services,False,False,True,,outside_core_rank
VTOL,Bristow Group Inc.,1341735490,45.32,134833,6110631.56,New York Stock Exchange,NYSE,US,Energy,Oil & Gas Equipment & Services,False,False,True,,outside_core_rank
FMC,FMC Corporation,1341177550,10.71,4643860,49735740.60,New York Stock Exchange,NYSE,US,Basic Materials,Agricultural Inputs,False,False,True,,outside_core_rank
LEG,"Leggett & Platt, Incorporated",1338297800,9.8,1430008,14014078.4,New York Stock Exchange,NYSE,US,Consumer Cyclical,"Furnishings, Fixtures & Appliances",False,False,True,,outside_core_rank
KMTS,"Kestra Medical Technologies, Ltd.",1337909252,22.83,274679,6270921.57,NASDAQ Global Select,NASDAQ,US,Healthcare,Medical - Instruments & Supplies,False,False,True,,outside_core_rank
TNDM,"Tandem Diabetes Care, Inc.",1336317236,19.5,1833987,35762746.5,NASDAQ Global Market,NASDAQ,US,Healthcare,Medical - Devices,False,False,True,,outside_core_rank
DMLP,"Dorchester Minerals, L.P.",1332332975,27.61,326108,9003841.88,NASDAQ Global Select,NASDAQ,US,Energy,Oil & Gas Exploration & Production,False,False,True,,outside_core_rank
BBAI,"BigBear.ai Holdings, Inc.",1331478220,2.78,37356273,103850438.94,New York Stock Exchange,NYSE,US,Technology,Information Technology Services,False,False,True,,outside_core_rank
LINC,Lincoln Educational Services Corporation,1326560845,41.82,288856,12079957.92,NASDAQ Global Select,NASDAQ,US,Consumer Defensive,Education & Training Services,False,False,True,,outside_core_rank
NSSC,"Napco Security Technologies, Inc.",1324768284,37.08,226303,8391315.24,NASDAQ Global Select,NASDAQ,US,Industrials,Security & Protection Services,False,False,True,,outside_core_rank
ECVT,Ecovyst Inc.,1320009017,12.06,743995,8972579.70,New York Stock Exchange,NYSE,US,Basic Materials,Chemicals - Specialty,False,False,True,,outside_core_rank
CDRE,"Cadre Holdings, Inc.",1319443842,30.83,377710,11644799.30,New York Stock Exchange,NYSE,US,Industrials,Aerospace & Defense,False,False,True,,outside_core_rank
ABSI,Absci Corporation,1317932000,7.78,2050833,15955480.74,NASDAQ Global Select,NASDAQ,US,Healthcare,Biotechnology,False,False,True,,outside_core_rank
UFCS,"United Fire Group, Inc.",1317700686,51.36,116556,5986316.16,NASDAQ Global Select,NASDAQ,US,Financial Services,Insurance - Property & Casualty,False,False,True,,outside_core_rank
UVV,Universal Corporation,1313335133,52.69,208975,11010892.75,New York Stock Exchange,NYSE,US,Consumer Defensive,Tobacco,False,False,True,,outside_core_rank
TRIN,Trinity Capital Inc.,1308451412,17.55,917005,16093437.75,New York Stock Exchange,NYSE,US,Financial Services,Asset Management,False,False,True,,outside_core_rank
ACVA,ACV Auctions Inc.,1307640856,7.49,4350831,32587724.19,New York Stock Exchange,NYSE,US,Consumer Cyclical,Auto - Dealerships,False,False,True,,outside_core_rank
KOS,Kosmos Energy Ltd.,1305375176,2.69,14369916,38655074.04,New York Stock Exchange,NYSE,US,Energy,Oil & Gas Exploration & Production,False,False,True,,outside_core_rank
AMN,"AMN Healthcare Services, Inc.",1304374929,33.63,492833,16573973.79,New York Stock Exchange,NYSE,US,Healthcare,Medical - Care Facilities,False,False,True,,outside_core_rank
HBT,"HBT Financial, Inc.",1303343534,35.84,96661,3464330.24,NASDAQ Global Select,NASDAQ,US,Financial Services,Banks - Regional,False,False,True,,outside_core_rank
AORT,"Artivion, Inc.",1302416739,26.83,614645,16490925.35,New York Stock Exchange,NYSE,US,Healthcare,Medical - Devices,False,False,True,,outside_core_rank
ALX,"Alexander's, Inc.",1302358950,255,41333,10539915,New York Stock Exchange,NYSE,US,Real Estate,REIT - Retail,False,False,True,,outside_core_rank
OSBC,"Old Second Bancorp, Inc.",1300725396,25.29,326762,8263810.98,NASDAQ Global Select,NASDAQ,US,Financial Services,Banks - Regional,False,False,True,,outside_core_rank
NRP,Natural Resource Partners L.P.,1299334224,98.06,87698,8599665.88,New York Stock Exchange,NYSE,US,Energy,Coal,False,False,True,,outside_core_rank
AZTA,"Azenta, Inc.",1296590577,28.13,444306,12498327.78,NASDAQ Global Select,NASDAQ,US,Healthcare,Medical - Instruments & Supplies,False,False,True,,outside_core_rank
IART,Integra LifeSciences Holdings Corporation,1294912225,16.65,907965,15117617.25,NASDAQ Global Select,NASDAQ,US,Healthcare,Medical - Devices,False,False,True,,outside_core_rank
HLF,Herbalife Nutrition Ltd.,1287574147,12.42,877217,10895035.14,New York Stock Exchange,NYSE,US,Consumer Defensive,Packaged Foods,False,False,True,,outside_core_rank
UMH,"UMH Properties, Inc.",1286861206,15.11,385732,5828410.52,New York Stock Exchange,NYSE,US,Real Estate,REIT - Residential,False,False,True,,outside_core_rank
LIFE,Ethos Technologies Inc.,1286602287,20.42,1020253,20833566.26,NASDAQ Global Select,NASDAQ,US,Financial Services,Insurance - Life,False,False,True,,outside_core_rank
MYE,"Myers Industries, Inc.",1282957368,34.16,475783,16252747.28,New York Stock Exchange,NYSE,US,Consumer Cyclical,Packaging & Containers,False,False,True,,outside_core_rank
PCT,"PureCycle Technologies, Inc.",1278570794,6.37,2883449,18367570.13,NASDAQ Capital Market,NASDAQ,US,Industrials,Industrial - Pollution & Treatment Controls,False,False,True,,outside_core_rank
TDAY,USA TODAY Co. Inc.,1278363732,8.69,1200192,10429668.48,New York Stock Exchange,NYSE,US,Communication Services,Publishing,False,False,True,,outside_core_rank
AVLN,Avalyn Pharma Inc. Common Stock,1276349805,28.79,125928,3625467.12,NASDAQ Global Market,NASDAQ,US,Healthcare,Biotechnology,False,False,True,,outside_core_rank
ETON,"Eton Pharmaceuticals, Inc.",1271553258,46.42,482329,22389712.18,NASDAQ,NASDAQ,US,Healthcare,Drug Manufacturers - Specialty & Generic,False,False,True,,outside_core_rank
TWO,Two Harbors Investment Corp.,1270006140,12.09,9157804,110717850.36,New York Stock Exchange,NYSE,US,Real Estate,REIT - Mortgage,False,False,True,,outside_core_rank
MHNC,"Maiden Holdings North America, Ltd.",1268748800,12.8,29278,374758.4,New York Stock Exchange,NYSE,US,Financial Services,Insurance - Life,False,False,True,,outside_core_rank
LGIH,"LGI Homes, Inc.",1267785465,54.57,522848,28531815.36,NASDAQ,NASDAQ,US,Consumer Cyclical,Residential Construction,False,False,True,,outside_core_rank
CBRL,Cracker Barrel Old Country Store,1260398829,56.39,562382,31712720.98,NASDAQ,NASDAQ,US,Consumer Cyclical,Restaurants,False,False,True,,outside_core_rank
CERT,"Certara, Inc.",1260073325,8.1,4442115,35981131.5,NASDAQ Global Select,NASDAQ,US,Healthcare,Medical - Healthcare Information Services,False,False,True,,outside_core_rank
BAND,Bandwidth Inc.,1259556081,39.14,1027202,40204686.28,NASDAQ Global Select,NASDAQ,US,Technology,Software - Infrastructure,False,False,True,,outside_core_rank
ROCK,"Gibraltar Industries, Inc.",1253512697,42.26,488370,20638516.20,NASDAQ Global Select,NASDAQ,US,Industrials,Construction,False,False,True,,outside_core_rank
HLIT,Harmonic Inc.,1253133836,11.55,1135651,13116769.05,NASDAQ Global Select,NASDAQ,US,Technology,Communication Equipment,False,False,True,,outside_core_rank
EPC,Edgewell Personal Care Company,1252951254,27.19,261968,7122909.92,New York Stock Exchange,NYSE,US,Consumer Defensive,Household & Personal Products,False,False,True,,outside_core_rank
UTZ,"Utz Brands, Inc.",1250143301,14.12,2513068,35484520.16,New York Stock Exchange,NYSE,US,Consumer Defensive,Packaged Foods,False,False,True,,outside_core_rank
HQH,Abrdn Healthcare Investors,1249077648,21.84,156665,3421563.60,New York Stock Exchange,NYSE,US,Financial Services,Asset Management,False,False,True,,outside_core_rank
BH,Biglari Holdings Inc.,1247728662,397.49,193634,76967578.66,New York Stock Exchange,NYSE,US,Consumer Cyclical,Restaurants,False,False,True,,outside_core_rank
THRM,Gentherm Incorporated,1244466170,40.58,476253,19326346.74,NASDAQ Global Select,NASDAQ,US,Consumer Cyclical,Auto - Parts,False,False,True,,outside_core_rank
RES,"RPC, Inc.",1243389180,5.61,1429063,8017043.43,New York Stock Exchange,NYSE,US,Energy,Oil & Gas Equipment & Services,False,False,True,,outside_core_rank
JCAP,"Jefferson Capital, Inc. Common Stock",1239048893,20.11,261710,5262988.10,NASDAQ Global Select,NASDAQ,US,Financial Services,Financial - Credit Services,False,False,True,,outside_core_rank
MSDL,Morgan Stanley Direct Lending Fund,1238412442,14.61,528405,7719997.05,New York Stock Exchange,NYSE,US,Financial Services,Financial - Conglomerates,False,False,True,,outside_core_rank
SPH,"Suburban Propane Partners, L.P.",1237961444,18.66,184726,3446987.16,New York Stock Exchange,NYSE,US,Utilities,Regulated Gas,False,False,True,,outside_core_rank
PFBC,Preferred Bank,1236773049,104.44,57697,6025874.68,NASDAQ Global Select,NASDAQ,US,Financial Services,Banks - Regional,False,False,True,,outside_core_rank
WBTN,WEBTOON Entertainment Inc. Common stock,1233340738,9.12,318681,2906370.72,NASDAQ Global Select,NASDAQ,US,Communication Services,Internet Content & Information,False,False,True,,outside_core_rank
CCO,"Clear Channel Outdoor Holdings, Inc.",1231741280,2.42,13230643,32018156.06,New York Stock Exchange,NYSE,US,Communication Services,Advertising Agencies,False,False,True,,outside_core_rank
CMP,"Compass Minerals International, Inc.",1231056522,29.34,226446,6643925.64,New York Stock Exchange,NYSE,US,Basic Materials,Industrial Materials,False,False,True,,outside_core_rank
WOLF,Wolfspeed Inc.,1227581002,23.62,3241632,76567347.84,New York Stock Exchange,NYSE,US,Technology,Semiconductors,False,False,True,,outside_core_rank
HFWA,Heritage Financial Corporation,1225434924,29.73,418572,12444145.56,NASDAQ Global Select,NASDAQ,US,Financial Services,Banks - Regional,False,False,True,,outside_core_rank
VPG,"Vishay Precision Group, Inc.",1224453518,92.05,476606,43871582.30,New York Stock Exchange,NYSE,US,Technology,"Hardware, Equipment & Parts",False,False,True,,outside_core_rank
XPEL,"XPEL, Inc.",1222880904,44.37,132930,5898104.10,NASDAQ Capital Market,NASDAQ,US,Consumer Cyclical,Auto - Parts,False,False,True,,outside_core_rank
ARDX,"Ardelyx, Inc.",1222793550,4.95,2736876,13547536.20,NASDAQ Global Market,NASDAQ,US,Healthcare,Biotechnology,False,False,True,,outside_core_rank
UVSP,Univest Financial Corporation,1220174592,44.24,247337,10942188.88,NASDAQ Global Select,NASDAQ,US,Financial Services,Banks - Regional,False,False,True,,outside_core_rank
UVE,"Universal Insurance Holdings, Inc.",1219994968,43.71,161756,7070354.76,New York Stock Exchange,NYSE,US,Financial Services,Insurance - Property & Casualty,False,False,True,,outside_core_rank
LQDT,"Liquidity Services, Inc.",1215444384,38.98,130599,5090749.02,NASDAQ Global Select,NASDAQ,US,Consumer Cyclical,Specialty Retail,False,False,True,,outside_core_rank
BV,"BrightView Holdings, Inc.",1215328000,13.04,582691,7598290.64,New York Stock Exchange,NYSE,US,Industrials,Specialty Business Services,False,False,True,,outside_core_rank
STAA,STAAR Surgical Company,1212847738,24.36,1337500,32581500.00,NASDAQ Global Market,NASDAQ,US,Healthcare,Medical - Instruments & Supplies,False,False,True,,outside_core_rank
LADR,Ladder Capital Corp,1212832402,9.56,938932,8976189.92,New York Stock Exchange,NYSE,US,Real Estate,REIT - Mortgage,False,False,True,,outside_core_rank
PDM,"Piedmont Office Realty Trust, Inc.",1212537074,9.69,772483,7485360.27,New York Stock Exchange,NYSE,US,Real Estate,REIT - Office,False,False,True,,outside_core_rank
TDOC,"Teladoc Health, Inc.",1211242230,6.71,7559552,50724593.92,New York Stock Exchange,NYSE,US,Healthcare,Medical - Healthcare Information Services,False,False,True,,outside_core_rank
MNKD,MannKind Corporation,1207995149,3.91,5330120,20840769.20,NASDAQ Global Market,NASDAQ,US,Healthcare,Biotechnology,False,False,True,,outside_core_rank
MRTN,"Marten Transport, Ltd.",1206703307,14.79,652457,9649839.03,NASDAQ Global Select,NASDAQ,US,Industrials,Trucking,False,False,True,,outside_core_rank
SBET,"Sharplink, Inc.",1206613080,6.12,9233574,56509472.88,NASDAQ Capital Market,NASDAQ,US,Financial Services,Financial - Capital Markets,False,False,True,,outside_core_rank
INBX,Inhibrx Biosciences Inc.,1203770811,82.05,108421,8895943.05,NASDAQ,NASDAQ,US,Healthcare,Biotechnology,False,False,True,,outside_core_rank
NVAX,"Novavax, Inc.",1203687031,7.32,3217064,23548908.48,NASDAQ Global Select,NASDAQ,US,Healthcare,Biotechnology,False,False,True,,outside_core_rank
USPH,"U.S. Physical Therapy, Inc.",1203198328,79.06,393180,31084810.80,New York Stock Exchange,NYSE,US,Healthcare,Medical - Care Facilities,False,False,True,,outside_core_rank
GOLD,"Gold.com, Inc.",1199620909,41.36,333276,13784295.36,New York Stock Exchange,NYSE,US,Financial Services,Financial - Capital Markets,False,False,True,,outside_core_rank
NTLA,"Intellia Therapeutics, Inc.",1198408418,10.68,2577510,27527806.80,NASDAQ Global Market,NASDAQ,US,Healthcare,Biotechnology,False,False,True,,outside_core_rank
WINA,Winmark Corporation,1197988362,333.5,54121,18049353.5,NASDAQ Global Market,NASDAQ,US,Consumer Cyclical,Specialty Retail,False,False,True,,outside_core_rank
NWPX,"NWPX Infrastructure, Inc.",1186122945,123.08,477887,58818331.96,NASDAQ Global Select,NASDAQ,US,Industrials,Manufacturing - Metal Fabrication,False,False,True,,outside_core_rank
AEVA,"Aeva Technologies, Inc.",1184567408,17.54,1764072,30941822.88,NASDAQ Global Select,NASDAQ,US,Technology,Semiconductors,False,False,True,,outside_core_rank
DLX,Deluxe Corporation,1184433658,25.87,177425,4589984.75,New York Stock Exchange,NYSE,US,Communication Services,Advertising Agencies,False,False,True,,outside_core_rank
DFIN,"Donnelley Financial Solutions, Inc.",1181667520,47.3,309170,14623741.0,New York Stock Exchange,NYSE,US,Technology,Software - Application,False,False,True,,outside_core_rank
GPRE,Green Plains Inc.,1180008432,16.85,1153728,19440316.80,NASDAQ Global Select,NASDAQ,US,Basic Materials,Chemicals,False,False,True,,outside_core_rank
AMPL,"Amplitude, Inc.",1179875814,8.88,1219701,10830944.88,NASDAQ Capital Market,NASDAQ,US,Technology,Software - Application,False,False,True,,outside_core_rank
OMDA,Omada Health,1179458339,19.84,1520739,30171461.76,NASDAQ Global Market,NASDAQ,US,Healthcare,Medical - Healthcare Information Services,False,False,True,,outside_core_rank
DFH,"Dream Finders Homes, Inc.",1179065348,12.79,811424,10378112.96,New York Stock Exchange,NYSE,US,Consumer Cyclical,Residential Construction,False,False,True,,outside_core_rank
AKTS,"Aktis Oncology, Inc.",1178639919,22.07,269667,5951550.69,NASDAQ Global Select,NASDAQ,US,Healthcare,Biotechnology,False,False,True,,outside_core_rank
AVNS,"Avanos Medical, Inc.",1170726897,24.99,432161,10799703.39,New York Stock Exchange,NYSE,US,Healthcare,Medical - Devices,False,False,True,,outside_core_rank
EFOR,"Everforth, Inc.",1166040000,28.44,1661326,47248111.44,New York Stock Exchange,NYSE,US,Technology,Information Technology Services,False,False,True,,outside_core_rank
ASTE,"Astec Industries, Inc.",1164806636,50.66,204968,10383678.88,NASDAQ Global Select,NASDAQ,US,Industrials,Industrial - Machinery,False,False,True,,outside_core_rank
BHRB,Burke & Herbert Financial Services Corp.,1164477152,73.25,132174,9681745.50,NASDAQ Capital Market,NASDAQ,US,Financial Services,Banks - Regional,False,False,True,,outside_core_rank
OCFC,OceanFirst Financial Corp.,1164210849,19.31,1309037,25277504.47,NASDAQ,NASDAQ,US,Financial Services,Banks - Regional,False,False,True,,outside_core_rank
MMI,"Marcus & Millichap, Inc.",1163020350,30.75,73906,2272609.50,New York Stock Exchange,NYSE,US,Real Estate,Real Estate - Services,False,False,True,,outside_core_rank
IRMD,IRadimed Corporation,1161463380,90.86,306979,27892111.94,NASDAQ Capital Market,NASDAQ,US,Healthcare,Medical - Devices,False,False,True,,outside_core_rank
RYZ,Ryerson Holding Corporation,1160928167,27.79,378189,10509872.31,New York Stock Exchange,NYSE,US,Industrials,Manufacturing - Metal Fabrication,False,False,True,,outside_core_rank
AMTB,Amerant Bancorp Inc.,1159809370,29.6,304984,9027526.4,New York Stock Exchange,NYSE,US,Financial Services,Banks - Regional,False,False,True,,outside_core_rank
SAFE,Safehold Inc.,1158649832,16.18,299840,4851411.20,New York Stock Exchange,NYSE,US,Real Estate,REIT - Diversified,False,False,True,,outside_core_rank
CRAI,"CRA International, Inc.",1157078051,179.03,160634,28758305.02,NASDAQ Global Select,NASDAQ,US,Industrials,Consulting Services,False,False,True,,outside_core_rank
ASIC,Ategrity Specialty Holdings LLC,1153744349,24.02,47971,1152263.42,New York Stock Exchange,NYSE,US,Financial Services,Insurance - Property & Casualty,False,False,True,,outside_core_rank
SCSC,"ScanSource, Inc.",1150774832,56.62,229115,12972491.30,NASDAQ Global Select,NASDAQ,US,Technology,Technology Distributors,False,False,True,,outside_core_rank
LBRX,LB Pharmaceuticals Inc Common Stock,1149360212,40.08,336457,13485196.56,NASDAQ Global Select,NASDAQ,US,Healthcare,Biotechnology,False,False,True,,outside_core_rank
COLL,"Collegium Pharmaceutical, Inc.",1147831439,35.39,265942,9411687.38,NASDAQ Global Select,NASDAQ,US,Healthcare,Drug Manufacturers - Specialty & Generic,False,False,True,,outside_core_rank
VOR,Vor Biopharma Inc.,1146031299,21.15,897834,18989189.10,NASDAQ Global Select,NASDAQ,US,Healthcare,Biotechnology,False,False,True,,outside_core_rank
ORIC,"ORIC Pharmaceuticals, Inc.",1145939411,11.07,1212167,13418688.69,NASDAQ Global Select,NASDAQ,US,Healthcare,Biotechnology,False,False,True,,outside_core_rank
FCEL,"FuelCell Energy, Inc.",1144852419,21.61,7895586,170623613.46,NASDAQ Global Market,NASDAQ,US,Industrials,Electrical Equipment & Parts,False,False,True,,outside_core_rank
QDEL,QuidelOrtho Corporation,1143562886,16.77,646625,10843901.25,NASDAQ Global Select,NASDAQ,US,Healthcare,Medical - Instruments & Supplies,False,False,True,,outside_core_rank
CNL,Collective Mining Ltd.,1142550726,12.32,33010,406683.20,New York Stock Exchange American,AMEX,US,Basic Materials,Gold,False,False,True,,outside_core_rank
SCCE,Sachem Capital Corp. 6.00% Note,1139835797,24.3164,14637,355919.1468,New York Stock Exchange American,AMEX,US,Real Estate,REIT - Industrial,False,False,True,,outside_core_rank
VYX,NCR Voyix Corporation,1139665337,8.27,1807859,14950993.93,New York Stock Exchange,NYSE,US,Technology,Information Technology Services,False,False,True,,outside_core_rank
CRSR,"Corsair Gaming, Inc.",1134018020,10.61,1206328,12799140.08,NASDAQ Global Select,NASDAQ,US,Technology,Computer Hardware,False,False,True,,outside_core_rank
DEA,"Easterly Government Properties, Inc.",1131506751,24.36,280479,6832468.44,New York Stock Exchange,NYSE,US,Real Estate,REIT - Office,False,False,True,,outside_core_rank
SENEA,Seneca Foods Corporation,1131455130,165.49,59041,9770695.09,NASDAQ Global Select,NASDAQ,US,Consumer Defensive,Packaged Foods,False,False,True,,outside_core_rank
UPWK,Upwork Inc.,1131426135,9.16,3283398,30075925.68,NASDAQ Global Select,NASDAQ,US,Industrials,Staffing & Employment Services,False,False,True,,outside_core_rank
SDGR,"Schrödinger, Inc.",1131271731,15.14,1218129,18442473.06,NASDAQ,NASDAQ,US,Technology,Software - Application,False,False,True,,outside_core_rank
OPY,Oppenheimer Holdings Inc.,1131269112,106.64,201546,21492865.44,New York Stock Exchange,NYSE,US,Financial Services,Financial - Capital Markets,False,False,True,,outside_core_rank
UPBD,"Upbound Group, Inc.",1130314843,19.39,4170028,80856842.92,NASDAQ Global Select,NASDAQ,US,Technology,Software - Application,False,False,True,,outside_core_rank
LNN,Lindsay Corporation,1126917498,110.82,89861,9958396.02,New York Stock Exchange,NYSE,US,Industrials,Agricultural - Machinery,False,False,True,,outside_core_rank
ORC,"Orchid Island Capital, Inc.",1126021217,6.49,4719356,30628620.44,New York Stock Exchange,NYSE,US,Real Estate,REIT - Mortgage,False,False,True,,outside_core_rank
TTI,"TETRA Technologies, Inc.",1125747700,7.7,1323331,10189648.7,New York Stock Exchange,NYSE,US,Energy,Oil & Gas Equipment & Services,False,False,True,,outside_core_rank
XIFR,"XPLR Infrastructure, LP",1121846261,11.9,934560,11121264.0,New York Stock Exchange,NYSE,US,Utilities,Renewable Utilities,False,False,True,,outside_core_rank
GHM,Graham Corporation,1121180326,95.9,172170,16511103.0,New York Stock Exchange,NYSE,US,Industrials,Industrial - Machinery,False,False,True,,outside_core_rank
SVRA,Savara Inc.,1118901420,5.46,1153515,6298191.90,NASDAQ Global Select,NASDAQ,US,Healthcare,Biotechnology,False,False,True,,outside_core_rank
EIG,"Employers Holdings, Inc.",1118484263,50.55,184894,9346391.70,New York Stock Exchange,NYSE,US,Financial Services,Insurance - Specialty,False,False,True,,outside_core_rank
ESQ,"Esquire Financial Holdings, Inc.",1116387145,129.22,150631,19464537.82,NASDAQ Capital Market,NASDAQ,US,Financial Services,Banks - Regional,False,False,True,,outside_core_rank
AMRC,"Ameresco, Inc.",1115686251,21.07,603011,12705441.77,New York Stock Exchange,NYSE,US,Industrials,Engineering & Construction,False,False,True,,outside_core_rank
CRVS,"Corvus Pharmaceuticals, Inc.",1115038704,13.26,758116,10052618.16,NASDAQ Global Market,NASDAQ,US,Healthcare,Biotechnology,False,False,True,,outside_core_rank
GNK,Genco Shipping & Trading Limited,1112957883,25.54,201040,5134561.60,New York Stock Exchange,NYSE,US,Industrials,Marine Shipping,False,False,True,,outside_core_rank
IAUX,i-80 Gold Corp.,1112045978,1.29,4694522,6055933.38,New York Stock Exchange American,AMEX,US,Basic Materials,Gold,False,False,True,,outside_core_rank
ASST,"Strive, Inc.",1110195514,11.11,3318621,36869879.31,NASDAQ Global Market,NASDAQ,US,Financial Services,Asset Management,False,False,True,,outside_core_rank
QUBT,"Quantum Computing, Inc.",1105650000,8.1,10431416,84494469.6,NASDAQ Capital Market,NASDAQ,US,Technology,Computer Hardware,False,False,True,,outside_core_rank
OI,"O-I Glass, Inc.",1096095000,7.15,3188080,22794772.00,New York Stock Exchange,NYSE,US,Consumer Cyclical,Packaging & Containers,False,False,True,,outside_core_rank
SPTX,"Seaport Therapeutics, Inc. Common Stock",1095235053,20.46,115274,2358506.04,NASDAQ Global Market,NASDAQ,US,Healthcare,Biotechnology,False,False,True,,outside_core_rank
MGTX,MeiraGTx Holdings plc,1091866005,11.79,504446,5947418.34,NASDAQ Global Select,NASDAQ,US,Healthcare,Biotechnology,False,False,True,,outside_core_rank
CFFN,"Capitol Federal Financial, Inc.",1090679607,8.84,1106307,9779753.88,NASDAQ Global Select,NASDAQ,US,Financial Services,Banks - Regional,False,False,True,,outside_core_rank
FSUN,FirstSun Capital Bancorp,1076058376,38.68,222800,8617904.00,NASDAQ Global Select,NASDAQ,US,Financial Services,Banks - Regional,False,False,True,,outside_core_rank
TRUP,"Trupanion, Inc.",1068265359,24.49,221898,5434282.02,NASDAQ Global Market,NASDAQ,US,Financial Services,Insurance - Specialty,False,False,True,,outside_core_rank
MSEX,Middlesex Water Company,1067172390,57.3,213213,12217104.9,NASDAQ Global Select,NASDAQ,US,Utilities,Regulated Water,False,False,True,,outside_core_rank
PSEC,Prospect Capital Corporation,1067146301,2.13,3214612,6847123.56,NASDAQ Global Select,NASDAQ,US,Financial Services,Asset Management,False,False,True,,outside_core_rank
BW,"Babcock & Wilcox Enterprises, Inc.",1066085265,9.32,3593214,33488754.48,New York Stock Exchange,NYSE,US,Industrials,Industrial - Machinery,False,False,True,,outside_core_rank
VRTS,"Virtus Investment Partners, Inc.",1064796141,159.35,287985,45890409.75,New York Stock Exchange,NYSE,US,Financial Services,Asset Management,False,False,True,,outside_core_rank
GDRX,"GoodRx Holdings, Inc.",1064152795,3.07,709049,2176780.43,NASDAQ Global Select,NASDAQ,US,Healthcare,Medical - Healthcare Information Services,False,False,True,,outside_core_rank
PRCT,PROCEPT BioRobotics Corporation,1059828838,18.62,1179116,21955139.92,NASDAQ Global Market,NASDAQ,US,Healthcare,Medical - Devices,False,False,True,,outside_core_rank
MBC,"MasterBrand, Inc.",1055872868,8.25,1607609,13262774.25,New York Stock Exchange,NYSE,US,Consumer Cyclical,"Furnishings, Fixtures & Appliances",False,False,True,,outside_core_rank
NPKI,NPK International Inc.,1054743030,12.49,807136,10081128.64,New York Stock Exchange,NYSE,US,Basic Materials,Construction Materials,False,False,True,,outside_core_rank
CIMP,Chimera Investment Corporation,1049986746,25.15,21931,551564.65,New York Stock Exchange,NYSE,US,Real Estate,REIT - Mortgage,False,False,True,,outside_core_rank
HBNC,"Horizon Bancorp, Inc.",1049694410,20.45,530900,10856905.00,NASDAQ Global Select,NASDAQ,US,Financial Services,Banks - Regional,False,False,True,,outside_core_rank
ARHS,"Arhaus, Inc.",1048811867,7.41,996488,7383976.08,NASDAQ Global Select,NASDAQ,US,Consumer Cyclical,Home Improvement,False,False,True,,outside_core_rank
RXT,"Rackspace Technology, Inc.",1048642518,4.13,4386509,18116282.17,NASDAQ Global Select,NASDAQ,US,Technology,Software - Infrastructure,False,False,True,,outside_core_rank
GRPN,"Groupon, Inc.",1047598720,27.58,767473,21166905.34,NASDAQ Global Select,NASDAQ,US,Communication Services,Internet Content & Information,False,False,True,,outside_core_rank
CIMN,Chimera Investment Corporation,1045171845,25.0199,17583,439924.9017,New York Stock Exchange,NYSE,US,Real Estate,REIT - Mortgage,False,False,True,,outside_core_rank
CIM,Chimera Investment Corporation,1043902080,12.48,917776,11453844.48,New York Stock Exchange,NYSE,US,Real Estate,REIT - Mortgage,False,False,True,,outside_core_rank
EQBK,"Equity Bancshares, Inc.",1042336016,50.68,71678,3632641.04,New York Stock Exchange,NYSE,US,Financial Services,Banks - Regional,False,False,True,,outside_core_rank
BFST,"Business First Bancshares, Inc.",1039812942,31.82,223564,7113806.48,NASDAQ Global Select,NASDAQ,US,Financial Services,Banks - Regional,False,False,True,,outside_core_rank
CCNE,CNB Financial Corporation,1039796047,35.1,158481,5562683.1,NASDAQ Global Select,NASDAQ,US,Financial Services,Banks - Regional,False,False,True,,outside_core_rank
PCRX,"Pacira BioSciences, Inc.",1038837350,26.41,522212,13791618.92,NASDAQ Global Select,NASDAQ,US,Healthcare,Drug Manufacturers - Specialty & Generic,False,False,True,,outside_core_rank
MBWM,Mercantile Bank Corporation,1037845952,60.08,89763,5392961.04,NASDAQ Global Select,NASDAQ,US,Financial Services,Banks - Regional,False,False,True,,outside_core_rank
WLDN,"Willdan Group, Inc.",1035529418,68.53,345295,23663066.35,NASDAQ Global Market,NASDAQ,US,Industrials,Engineering & Construction,False,False,True,,outside_core_rank
EVC,Entravision Communications,1032679622,11.22,847956,9514066.32,New York Stock Exchange,NYSE,US,Communication Services,Broadcasting,False,False,True,,outside_core_rank
PXED,"Phoenix Education Partners, Inc",1030594480,28.59,136866,3912998.94,New York Stock Exchange,NYSE,US,Consumer Defensive,Education & Training Services,False,False,True,,outside_core_rank
NBN,Northeast Bank,1028998653,124.17,112458,13963909.86,NASDAQ Global Market,NASDAQ,US,Financial Services,Banks - Regional,False,False,True,,outside_core_rank
CPF,Central Pacific Financial Corp.,1028387280,39.4,80677,3178673.8,New York Stock Exchange,NYSE,US,Financial Services,Banks - Regional,False,False,True,,outside_core_rank
EYPT,"EyePoint Pharmaceuticals, Inc.",1027055901,12.25,1711153,20961624.25,NASDAQ Global Market,NASDAQ,US,Healthcare,Biotechnology,False,False,True,,outside_core_rank
LXRX,"Lexicon Pharmaceuticals, Inc.",1026092760,2.31,2757196,6369122.76,NASDAQ Global Select,NASDAQ,US,Healthcare,Biotechnology,False,False,True,,outside_core_rank
OCSL,Oaktree Specialty Lending Corporation,1022672922,11.61,391801,4548809.61,NASDAQ Global Select,NASDAQ,US,Financial Services,Asset Management,False,False,True,,outside_core_rank
RHLD,"Resolute Holdings Management, Inc.",1021941022,123.76,124038,15350942.88,New York Stock Exchange,NYSE,US,Industrials,Specialty Business Services,False,False,True,,outside_core_rank
PLOW,"Douglas Dynamics, Inc.",1020514723,44.13,347851,15350664.63,New York Stock Exchange,NYSE,US,Industrials,Manufacturing - Tools & Accessories,False,False,True,,outside_core_rank
NUTX,"Nutex Health, Inc.",1014515956,147.43,155036,22856957.48,NASDAQ Capital Market,NASDAQ,US,Healthcare,Medical - Care Facilities,False,False,True,,outside_core_rank
CGEM,"Cullinan Therapeutics, Inc.",1014057000,16.5,839632,13853928.0,NASDAQ Global Select,NASDAQ,US,Healthcare,Biotechnology,False,False,True,,outside_core_rank
MCBS,"MetroCity Bankshares, Inc.",1013992286,35.38,106697,3774939.86,NASDAQ Global Select,NASDAQ,US,Financial Services,Banks - Regional,False,False,True,,outside_core_rank
KFRC,Kforce Inc.,1012322640,56.77,183063,10392486.51,New York Stock Exchange,NYSE,US,Industrials,Staffing & Employment Services,False,False,True,,outside_core_rank
FSBC,Five Star Bancorp,1008740660,47.19,123315,5819234.85,NASDAQ Global Select,NASDAQ,US,Financial Services,Banks - Regional,False,False,True,,outside_core_rank
FRBT,"Forbright, Inc. Class A Common Stock",1006259395,19.78,90586,1791791.08,NASDAQ Global Select,NASDAQ,US,Financial Services,Banks - Diversified,False,False,True,,outside_core_rank
BOW,Bowhead Specialty Holdings Inc.,1004515491,30.59,80327,2457202.93,New York Stock Exchange,NYSE,US,Financial Services,Insurance - Property & Casualty,False,False,True,,outside_core_rank
FSCO,FS Credit Opportunities Corp.,1001234743,4.95,892524,4417993.80,New York Stock Exchange,NYSE,US,Financial Services,Asset Management,False,False,True,,outside_core_rank
LMRI,"Lumexa Imaging Holdings, Inc. Common Stock",1000200451,10.41,330760,3443211.60,NASDAQ Global Select,NASDAQ,US,Healthcare,Medical - Devices,False,False,True,,outside_core_rank
OLMA,"Olema Pharmaceuticals, Inc.",1000128543,11.45,695916,7968238.20,NASDAQ Global Select,NASDAQ,US,Healthcare,Biotechnology,False,False,True,,outside_core_rank
LWLG,"Lightwave Logic, Inc.",995356800,6.46,4241672,27401201.12,NASDAQ,NASDAQ,US,Basic Materials,Chemicals - Specialty,False,False,True,,outside_core_rank
EVLV,"Evolv Technologies Holdings, Inc.",994688897,5.53,1314669,7270119.57,NASDAQ,NASDAQ,US,Industrials,Security & Protection Services,False,False,True,,outside_core_rank
ABX,"Abacus Global Management, Inc.",988959604,10.31,280384,2890759.04,New York Stock Exchange,NYSE,US,Financial Services,Insurance - Life,False,False,True,,outside_core_rank
SECZ,Securitize Corp.,987578509,6.67,833698,5560765.66,New York Stock Exchange,NYSE,US,Financial Services,Financial - Data & Stock Exchanges,False,False,True,,outside_core_rank
OPK,"OPKO Health, Inc.",985153257,1.32,2826235,3730630.20,NASDAQ Global Select,NASDAQ,US,Healthcare,Biotechnology,False,False,True,,outside_core_rank
CRCT,"Cricut, Inc.",984491839,4.69,297060,1393211.40,NASDAQ Global Select,NASDAQ,US,Technology,Computer Hardware,False,False,True,,outside_core_rank
PZZA,"Papa John's International, Inc.",983770219,29.9,1068314,31942588.6,NASDAQ Global Select,NASDAQ,US,Consumer Cyclical,Restaurants,False,False,True,,outside_core_rank
CAC,Camden National Corp.,979191983,57.89,105793,6124356.77,NASDAQ,NASDAQ,US,Financial Services,Banks - Regional,False,False,True,,outside_core_rank
RDVT,"Red Violet, Inc.",978876939,69.38,234772,16288481.36,NASDAQ Capital Market,NASDAQ,US,Technology,Software - Application,False,False,True,,outside_core_rank
EOSE,"Eos Energy Enterprises, Inc.",978732238,3.38,24887656,84120277.28,NASDAQ Capital Market,NASDAQ,US,Industrials,Electrical Equipment & Parts,False,False,True,,outside_core_rank
ACEL,"Accel Entertainment, Inc.",978342658,12.02,194476,2337601.52,New York Stock Exchange,NYSE,US,Consumer Cyclical,"Gambling, Resorts & Casinos",False,False,True,,outside_core_rank
COUR,"Coursera, Inc.",975004974,5.31,8574020,45528046.20,New York Stock Exchange,NYSE,US,Consumer Defensive,Education & Training Services,False,False,True,,outside_core_rank
APPS,"Digital Turbine, Inc.",974744160,8.06,2345188,18902215.28,NASDAQ Capital Market,NASDAQ,US,Technology,Software - Application,False,False,True,,outside_core_rank
DEC,Diversified Energy Company PLC,973473906,13.46,486588,6549474.48,New York Stock Exchange,NYSE,US,Energy,Oil & Gas Exploration & Production,False,False,True,,outside_core_rank
GTM,ZoomInfo Technologies Inc.,972569512,3.3,6511052,21486471.6,NASDAQ Global Select,NASDAQ,US,Technology,Software - Application,False,False,True,,outside_core_rank
MPB,"Mid Penn Bancorp, Inc.",971723466,38.34,151279,5800036.86,NASDAQ Global Market,NASDAQ,US,Financial Services,Banks - Regional,False,False,True,,outside_core_rank
UTL,Unitil Corporation,970423752,53.94,64518,3480100.92,New York Stock Exchange,NYSE,US,Utilities,Diversified Utilities,False,False,True,,outside_core_rank
TRST,TrustCo Bank Corp NY,970255440,56.98,108723,6195036.54,NASDAQ Global Select,NASDAQ,US,Financial Services,Banks - Regional,False,False,True,,outside_core_rank
GSBD,"Goldman Sachs BDC, Inc.",969219667,8.61,742784,6395370.24,New York Stock Exchange,NYSE,US,Financial Services,Asset Management,False,False,True,,outside_core_rank
FUBO,fuboTV Inc.,968128413,8.85,1039621,9200645.85,New York Stock Exchange,NYSE,US,Communication Services,Broadcasting,False,False,True,,outside_core_rank
JBSS,"John B. Sanfilippo & Son, Inc.",967429144,82.76,165844,13725249.44,NASDAQ Global Select,NASDAQ,US,Consumer Defensive,Packaged Foods,False,False,True,,outside_core_rank
MCB,Metropolitan Bank Holding Corp.,967304733,92.48,132000,12207360.00,New York Stock Exchange,NYSE,US,Financial Services,Banks - Regional,False,False,True,,outside_core_rank
SBSI,"Southside Bancshares, Inc.",967228125,32.51,90464,2940984.64,New York Stock Exchange,NYSE,US,Financial Services,Banks - Regional,False,False,True,,outside_core_rank
RJET,Republic Airways Holdings Inc.,967028679,20.65,158271,3268296.15,NASDAQ Global Select,NASDAQ,US,Industrials,"Airlines, Airports & Air Services",False,False,True,,outside_core_rank
PD,"PagerDuty, Inc.",965025277,10.58,1062274,11238858.92,New York Stock Exchange,NYSE,US,Technology,Software - Application,False,False,True,,outside_core_rank
ABR,Arbor Realty Trust,963728610,5.01,7373052,36938990.52,New York Stock Exchange,NYSE,US,Real Estate,REIT - Mortgage,False,False,True,,outside_core_rank
SCHL,Scholastic Corporation,963402642,40.65,253606,10309083.90,NASDAQ Global Select,NASDAQ,US,Communication Services,Publishing,False,False,True,,outside_core_rank
SBGI,"Sinclair, Inc.",960251584,13.74,327717,4502831.58,NASDAQ Global Select,NASDAQ,US,Communication Services,Broadcasting,False,False,True,,outside_core_rank
BBSI,"Barrett Business Services, Inc.",958808697,39.04,356428,13914949.12,NASDAQ Global Select,NASDAQ,US,Industrials,Staffing & Employment Services,False,False,True,,outside_core_rank
THFF,First Financial Corporation,957892223,80.55,71384,5749981.20,NASDAQ,NASDAQ,US,Financial Services,Banks - Regional,False,False,True,,outside_core_rank
NBBK,"NB Bancorp, Inc. Common Stock",954975884,23.01,352602,8113372.02,NASDAQ Capital Market,NASDAQ,US,Financial Services,Banks - Regional,False,False,True,,outside_core_rank
DAKT,"Daktronics, Inc.",954591366,19.77,288478,5703210.06,NASDAQ Global Select,NASDAQ,US,Technology,"Hardware, Equipment & Parts",False,False,True,,outside_core_rank
ANRO,"Alto Neuroscience, Inc.",949992956,27.07,239753,6490113.71,New York Stock Exchange,NYSE,US,Healthcare,Biotechnology,False,False,True,,outside_core_rank
AOSL,Alpha and Omega Semiconductor Limited,949964806,31.74,341481,10838606.94,NASDAQ Global Select,NASDAQ,US,Technology,Semiconductors,False,False,True,,outside_core_rank
HAFC,Hanmi Financial Corporation,948952832,31.88,279989,8926049.32,NASDAQ Global Select,NASDAQ,US,Financial Services,Banks - Regional,False,False,True,,outside_core_rank
HTLD,"Heartland Express, Inc.",947698982,12.23,838566,10255662.18,NASDAQ Global Select,NASDAQ,US,Industrials,Trucking,False,False,True,,outside_core_rank
CDNL,Cardinal Infrastructure Group Inc.,946480799,61.89,345810,21402180.90,NASDAQ,NASDAQ,US,Industrials,Engineering & Construction,False,False,True,,outside_core_rank
BKSY,BlackSky Technology Inc.,943242880,23.05,711814,16407312.70,New York Stock Exchange,NYSE,US,Industrials,Aerospace & Defense,False,False,True,,outside_core_rank
KOP,Koppers Holdings Inc.,942744111,49.02,110148,5399454.96,New York Stock Exchange,NYSE,US,Basic Materials,Chemicals - Specialty,False,False,True,,outside_core_rank
REPL,"Replimune Group, Inc.",940399040,11.2,33336627,373370222.4,NASDAQ Global Select,NASDAQ,US,Healthcare,Biotechnology,False,False,True,,outside_core_rank
EAI,"Entergy Arkansas, Inc. 1M BD 4.875%66",940073802,20.01,28590,572085.90,New York Stock Exchange,NYSE,US,Utilities,Regulated Electric,False,False,True,,outside_core_rank
AVEX,Aevex Corp.,939101638,16.63,1011855,16827148.65,New York Stock Exchange,NYSE,US,Industrials,Aerospace & Defense,False,False,True,,outside_core_rank
MHLA,"Maiden Holdings, Ltd. 6.625 NT 2046",933768990,10.78,20404,219955.12,New York Stock Exchange,NYSE,US,Financial Services,Insurance - Property & Casualty,False,False,True,,outside_core_rank
TROX,Tronox Holdings plc,931620709,5.84,2885683,16852388.72,New York Stock Exchange,NYSE,US,Basic Materials,Chemicals,False,False,True,,outside_core_rank
MFA,"MFA Financial, Inc.",930075101,9.11,2333006,21253684.66,New York Stock Exchange,NYSE,US,Real Estate,REIT - Mortgage,False,False,True,,outside_core_rank
HMH,HMH Holding Inc. Class A Common Stock,929069050,20.79,394524,8202153.96,NASDAQ Global Market,NASDAQ,US,Energy,Oil & Gas Equipment & Services,False,False,True,,outside_core_rank
JANX,"Janux Therapeutics, Inc.",925132650,15.17,493064,7479780.88,NASDAQ Global Market,NASDAQ,US,Healthcare,Biotechnology,False,False,True,,outside_core_rank
CSR,Centerspace,921482004,54.84,106932,5864150.88,New York Stock Exchange,NYSE,US,Real Estate,REIT - Residential,False,False,True,,outside_core_rank
ASA,ASA Gold and Precious Metals Limited,919294638,48.93,81053,3965923.29,New York Stock Exchange,NYSE,US,Financial Services,Asset Management,False,False,True,,outside_core_rank
LUCK,Lucky Strike Entertainment Corporation,916041487,6.7,81499,546043.3,New York Stock Exchange,NYSE,US,Consumer Cyclical,Leisure,False,False,True,,outside_core_rank
WYFI,"WhiteFiber, Inc. Ordinary Shares",915156919,23.7,1772387,42005571.9,NASDAQ Global Market,NASDAQ,US,Technology,Information Technology Services,False,False,True,,outside_core_rank
CEVA,"CEVA, Inc.",909608398,32.65,916544,29925161.60,NASDAQ Global Select,NASDAQ,US,Technology,Semiconductors,False,False,True,,outside_core_rank
GO,Grocery Outlet Holding Corp.,909099613,9.19,2128696,19562716.24,NASDAQ Global Select,NASDAQ,US,Consumer Defensive,Grocery Stores,False,False,True,,outside_core_rank
BWNB,"Babcock & Wilcox Enterprises, I",908952255,25.22,17118.3381,431724.486882,New York Stock Exchange,NYSE,US,Technology,Consumer Electronics,False,False,True,,outside_core_rank
HPK,"HighPeak Energy, Inc.",903459700,7.15,662787,4738927.05,NASDAQ Global Market,NASDAQ,US,Energy,Oil & Gas Exploration & Production,False,False,True,,outside_core_rank
RWAYI,Runway Growth Finance Corp. 7.25% Notes due 2031,902561974,24.8,8385,207948.0,NASDAQ Global Market,NASDAQ,US,Financial Services,Financial - Credit Services,False,False,True,,outside_core_rank
SMPL,The Simply Good Foods Company,900331487,10.18,1579701,16081356.18,NASDAQ Capital Market,NASDAQ,US,Consumer Defensive,Packaged Foods,False,False,True,,outside_core_rank
FCBC,"First Community Bankshares, Inc.",900320308,47.72,90805,4333214.60,NASDAQ Global Select,NASDAQ,US,Financial Services,Banks - Regional,False,False,True,,outside_core_rank
MCS,The Marcus Corporation,899400189,29.1,471053,13707642.3,New York Stock Exchange,NYSE,US,Communication Services,Entertainment,False,False,True,,outside_core_rank
ARKO,Arko Corp.,896363911,7.99,519600,4151604.00,NASDAQ Capital Market,NASDAQ,US,Consumer Cyclical,Specialty Retail,False,False,True,,outside_core_rank
SMBK,"SmartFinancial, Inc.",895959985,52.4,129142,6767040.8,New York Stock Exchange,NYSE,US,Financial Services,Banks - Regional,False,False,True,,outside_core_rank
OXLC,Oxford Lane Capital Corp.,894016000,9.16,1150678,10540210.48,NASDAQ Global Market,NASDAQ,US,Financial Services,Asset Management,False,False,True,,outside_core_rank
CVLG,"Covenant Logistics Group, Inc.",893562396,35.52,375804,13348558.08,New York Stock Exchange,NYSE,US,Industrials,Trucking,False,False,True,,outside_core_rank
ENVX,Enovix Corporation,892245770,4.09,4555480,18631913.20,NASDAQ Global Select,NASDAQ,US,Industrials,Electrical Equipment & Parts,False,False,True,,outside_core_rank
BVS,Bioventus Inc.,892241792,13.17,762378,10040518.26,NASDAQ,NASDAQ,US,Healthcare,Medical - Devices,False,False,True,,outside_core_rank
EVER,"EverQuote, Inc.",892114096,25.22,1317064,33216354.08,NASDAQ Global Market,NASDAQ,US,Communication Services,Internet Content & Information,False,False,True,,outside_core_rank
HRTG,"Heritage Insurance Holdings, Inc.",891376563,29.37,189724,5572193.88,New York Stock Exchange,NYSE,US,Financial Services,Insurance - Property & Casualty,False,False,True,,outside_core_rank
AVO,"Mission Produce, Inc.",891000886,12.61,472037,5952386.57,NASDAQ Global Select,NASDAQ,US,Consumer Defensive,Food Distribution,False,False,True,,outside_core_rank
NXP,Nuveen Select Tax-Free Income Portfolio,890411841,14.13,152818,2159318.34,New York Stock Exchange,NYSE,US,Financial Services,Asset Management - Income,False,False,True,,outside_core_rank
QNST,"QuinStreet, Inc.",890403235,15.5,402579,6239974.5,NASDAQ Global Select,NASDAQ,US,Communication Services,Advertising Agencies,False,False,True,,outside_core_rank
APEI,"American Public Education, Inc.",889843185,48.51,189607,9197835.57,NASDAQ Global Select,NASDAQ,US,Consumer Defensive,Education & Training Services,False,False,True,,outside_core_rank
CCBG,"Capital City Bank Group, Inc.",887049618,51.87,47629,2470516.23,NASDAQ Global Select,NASDAQ,US,Financial Services,Banks - Regional,False,False,True,,outside_core_rank
KBDC,"Kayne Anderson BDC, Inc.",882455027,13.3,332760,4425708.0,New York Stock Exchange,NYSE,US,Financial Services,Asset Management,False,False,True,,outside_core_rank
NABL,"N-able, Inc.",881609040,4.68,1603947,7506471.96,New York Stock Exchange,NYSE,US,Technology,Information Technology Services,False,False,True,,outside_core_rank
AMPH,"Amphastar Pharmaceuticals, Inc.",879212805,19.94,359023,7158918.62,NASDAQ Global Select,NASDAQ,US,Healthcare,Drug Manufacturers - Specialty & Generic,False,False,True,,outside_core_rank
BZH,"Beazer Homes USA, Inc.",877415783,32.1,284791,9141791.1,New York Stock Exchange,NYSE,US,Consumer Cyclical,Residential Construction,False,False,True,,outside_core_rank
GSBC,"Great Southern Bancorp, Inc.",874832892,80.31,68160,5473929.60,NASDAQ Global Select,NASDAQ,US,Financial Services,Banks - Regional,False,False,True,,outside_core_rank
TALK,"Talkspace, Inc.",874415595,5.22,1767201,9224789.22,NASDAQ Global Select,NASDAQ,US,Healthcare,Medical - Care Facilities,False,False,True,,outside_core_rank
TBPH,Theravance Biopharma Inc,873824362,16.86,346934,5849307.24,NASDAQ,NASDAQ,US,Healthcare,Biotechnology,False,False,True,,outside_core_rank
SANA,"Sana Biotechnology, Inc.",871052677,3.13,2279854,7135943.02,NASDAQ Global Select,NASDAQ,US,Healthcare,Biotechnology,False,False,True,,outside_core_rank
NPK,"National Presto Industries, Inc.",870100941,121.42,55503,6739174.26,New York Stock Exchange,NYSE,US,Industrials,Aerospace & Defense,False,False,True,,outside_core_rank
ESRT,"Empire State Realty Trust, Inc.",867587600,5.06,2438170,12337140.20,New York Stock Exchange,NYSE,US,Real Estate,REIT - Diversified,False,False,True,,outside_core_rank
ARI,"Apollo Commercial Real Estate Finance, Inc.",866870802,6.62,2730054,18072957.48,New York Stock Exchange,NYSE,US,Real Estate,REIT - Mortgage,False,False,True,,outside_core_rank
PSTL,"Postal Realty Trust, Inc.",865949460,23.04,296534,6832143.36,New York Stock Exchange,NYSE,US,Real Estate,REIT - Office,False,False,True,,outside_core_rank
MATW,Matthews International Corporation,865866600,27.75,231367,6420434.25,NASDAQ Global Select,NASDAQ,US,Industrials,Conglomerates,False,False,True,,outside_core_rank
BBDC,"Barings BDC, Inc.",863831793,8.25,648381,5349143.25,New York Stock Exchange,NYSE,US,Financial Services,Asset Management,False,False,True,,outside_core_rank
HTB,"HomeTrust Bancshares, Inc.",860268426,51.19,88161,4512961.59,New York Stock Exchange,NYSE,US,Financial Services,Banks - Regional,False,False,True,,outside_core_rank
NXDR,"Nextdoor Holdings, Inc.",859282624,2.22,1311490,2911507.80,New York Stock Exchange,NYSE,US,Communication Services,Internet Content & Information,False,False,True,,outside_core_rank
SPFI,"South Plains Financial, Inc.",858497672,44.84,89614,4018291.76,NASDAQ Global Select,NASDAQ,US,Financial Services,Banks - Regional,False,False,True,,outside_core_rank
ABUS,Arbutus Biopharma Corp,857313661,4.34,1167646,5067583.64,NASDAQ,NASDAQ,US,Healthcare,Biotechnology,False,False,True,,outside_core_rank
OMER,Omeros Corporation,856924203,11.84,1279189,15145597.76,NASDAQ Global Market,NASDAQ,US,Healthcare,Biotechnology,False,False,True,,outside_core_rank
WGO,"Winnebago Industries, Inc.",855982080,30.28,322333,9760243.24,New York Stock Exchange,NYSE,US,Consumer Cyclical,Auto - Recreational Vehicles,False,False,True,,outside_core_rank
LMB,"Limbach Holdings, Inc.",854740504,71.7,169842,12177671.4,NASDAQ,NASDAQ,US,Industrials,Engineering & Construction,False,False,True,,outside_core_rank
NNE,Nano Nuclear Energy Inc.,854337471,15.91,2100640,33421182.40,NASDAQ,NASDAQ,US,Industrials,Electrical Equipment & Parts,False,False,True,,outside_core_rank
SMBC,"Southern Missouri Bancorp, Inc.",852717596,77.41,73670,5702794.70,NASDAQ Global Market,NASDAQ,US,Financial Services,Banks - Regional,False,False,True,,outside_core_rank
FTK,"Flotek Industries, Inc.",851618350,23.54,187832,4421565.28,New York Stock Exchange,NYSE,US,Energy,Oil & Gas Equipment & Services,False,False,True,,outside_core_rank
SMP,"Standard Motor Products, Inc.",851125959,38.23,115698,4423134.54,New York Stock Exchange,NYSE,US,Consumer Cyclical,Auto - Parts,False,False,True,,outside_core_rank
CSTL,"Castle Biosciences, Inc.",849238656,28,1750143,49004004,NASDAQ Global Market,NASDAQ,US,Healthcare,Medical - Diagnostics & Research,False,False,True,,outside_core_rank
CAPL,CrossAmerica Partners LP,847407692,22.21,113853,2528675.13,New York Stock Exchange,NYSE,US,Energy,Oil & Gas Refining & Marketing,False,False,True,,outside_core_rank
EGBN,"Eagle Bancorp, Inc.",846252900,27.75,230983,6409778.25,NASDAQ Capital Market,NASDAQ,US,Financial Services,Banks - Regional,False,False,True,,outside_core_rank
KDK,"Kodiak AI, Inc. Common Stock",840205380,4.35,878727,3822462.45,NASDAQ Global Select,NASDAQ,US,Technology,Software - Application,False,False,True,,outside_core_rank
ORRF,"Orrstown Financial Services, Inc.",839551007,42.73,113013,4829045.49,NASDAQ Capital Market,NASDAQ,US,Financial Services,Banks - Regional,False,False,True,,outside_core_rank
MTUS,Metallus Inc.,837551457,20.12,248072,4991208.64,New York Stock Exchange,NYSE,US,Basic Materials,Steel,False,False,True,,outside_core_rank
ALRS,Alerus Financial Corporation,836028522,33.27,220718,7343287.86,NASDAQ Capital Market,NASDAQ,US,Financial Services,Banks - Regional,False,False,True,,outside_core_rank
PURR,Hyperliquid Strategies Inc Common Stock,835866000,6.21,8997228,55872785.88,NASDAQ Capital Market,NASDAQ,US,Financial Services,Financial - Capital Markets,False,False,True,,outside_core_rank
BFS,"Saul Centers, Inc.",835690560,34.07,55160,1879301.20,New York Stock Exchange,NYSE,US,Real Estate,REIT - Retail,False,False,True,,outside_core_rank
ANNX,"Annexon, Inc.",834777731,5.095,2729699,13907816.405,NASDAQ Global Select,NASDAQ,US,Healthcare,Biotechnology,False,False,True,,outside_core_rank
WRLD,World Acceptance Corporation,834376479,179.81,95900,17243779.00,NASDAQ Global Select,NASDAQ,US,Financial Services,Financial - Credit Services,False,False,True,,outside_core_rank
GERN,Geron Corporation,827562056,1.29,19593754,25275942.66,NASDAQ Global Select,NASDAQ,US,Healthcare,Biotechnology,False,False,True,,outside_core_rank
APOG,"Apogee Enterprises, Inc.",826384680,39.6,146127,5786629.2,NASDAQ,NASDAQ,US,Basic Materials,Construction Materials,False,False,True,,outside_core_rank
CTO,"CTO Realty Growth, Inc.",823555424,21.97,326488,7172941.36,New York Stock Exchange,NYSE,US,Real Estate,REIT - Diversified,False,False,True,,outside_core_rank
BLZE,"Backblaze, Inc.",823402109,13.72,2406729,33020321.88,NASDAQ Global Market,NASDAQ,US,Technology,Software - Infrastructure,False,False,True,,outside_core_rank
KODK,Eastman Kodak Company,822417758,8.4,622905,5232402.0,New York Stock Exchange,NYSE,US,Industrials,Industrial - Machinery,False,False,True,,outside_core_rank
SHBI,"Shore Bancshares, Inc.",819669550,24.5,208494,5108103.0,NASDAQ,NASDAQ,US,Financial Services,Banks - Regional,False,False,True,,outside_core_rank
NX,Quanex Building Products Corporation,819355520,17.84,170267,3037563.28,New York Stock Exchange,NYSE,US,Basic Materials,Construction Materials,False,False,True,,outside_core_rank
HSTM,"HealthStream, Inc.",819193872,28.04,149089,4180455.56,NASDAQ Global Select,NASDAQ,US,Healthcare,Medical - Healthcare Information Services,False,False,True,,outside_core_rank
SKYH,Sky Harbour Group Corp,818849033,10.7,142304,1522652.8,New York Stock Exchange,NYSE,US,Real Estate,Real Estate - Development,False,False,True,,outside_core_rank
HIPO,Hippo Holdings Inc.,818829055,31.45,162807,5120280.15,New York Stock Exchange,NYSE,US,Financial Services,Insurance - Specialty,False,False,True,,outside_core_rank
JBGS,JBG SMITH Properties,818495395,14.05,347823,4886913.15,New York Stock Exchange,NYSE,US,Real Estate,REIT - Diversified,False,False,True,,outside_core_rank
FISI,"Financial Institutions, Inc.",816196900,41.46,125357,5197301.22,NASDAQ,NASDAQ,US,Financial Services,Banks - Regional,False,False,True,,outside_core_rank
ADAM,"Adamas Trust, Inc.",815040177,9.07,1530763,13884020.41,NASDAQ Global Market,NASDAQ,US,Real Estate,REIT - Mortgage,False,False,True,,outside_core_rank
PGC,Peapack-Gladstone Financial Corporation,814692032,45.98,197140,9064497.20,NASDAQ Global Select,NASDAQ,US,Financial Services,Banks - Regional,False,False,True,,outside_core_rank
RCAT,"Red Cat Holdings, Inc.",812079243,7.53,7779081,58576479.93,NASDAQ Capital Market,NASDAQ,US,Technology,Computer Hardware,False,False,True,,outside_core_rank
CLYM,"Climb Bio, Inc.",811394741,11.9,621068,7390709.2,NASDAQ Global Market,NASDAQ,US,Healthcare,Biotechnology,False,False,True,,outside_core_rank
DJCO,Daily Journal Corporation,808860586,587.1,33200,19491720.0,NASDAQ Capital Market,NASDAQ,US,Technology,Software - Application,False,False,True,,outside_core_rank
EVEX,"Eve Holding, Inc.",808067600,2.32,655872,1521623.04,New York Stock Exchange,NYSE,US,Industrials,Aerospace & Defense,False,False,True,,outside_core_rank
SNDA,"Sonida Senior Living, Inc.",807153869,40.36,278568,11243004.48,New York Stock Exchange,NYSE,US,Healthcare,Medical - Care Facilities,False,False,True,,outside_core_rank
BCSF,"Bain Capital Specialty Finance, Inc.",805666857,12.42,286631,3559957.02,New York Stock Exchange,NYSE,US,Financial Services,Asset Management,False,False,True,,outside_core_rank
VRRM,Verra Mobility Corporation,803586194,5.29,5220361,27615709.69,NASDAQ Capital Market,NASDAQ,US,Technology,Information Technology Services,False,False,True,,outside_core_rank
KRT,Karat Packaging Inc.,803340535,40.24,140511,5654162.64,NASDAQ Global Select,NASDAQ,US,Consumer Cyclical,Packaging & Containers,False,False,True,,outside_core_rank
ARRY,"Array Technologies, Inc.",802973693,5.22,6471033,33778792.26,NASDAQ Global Market,NASDAQ,US,Energy,Solar,False,False,True,,outside_core_rank
OPFI,OppFi Inc.,800134734,9.37,284566,2666383.42,New York Stock Exchange,NYSE,US,Financial Services,Financial - Credit Services,False,False,True,,outside_core_rank
KURA,"Kura Oncology, Inc.",799857029,9.01,1146714,10331893.14,NASDAQ,NASDAQ,US,Healthcare,Biotechnology,False,False,True,,outside_core_rank
TRNS,"Transcat, Inc.",799046894,85.37,72519,6190947.03,NASDAQ Global Market,NASDAQ,US,Industrials,Industrial - Distribution,False,False,True,,outside_core_rank
WOOF,"Petco Health and Wellness Company, Inc.",796727039,2.79,803445,2241611.55,NASDAQ Global Select,NASDAQ,US,Consumer Cyclical,Specialty Retail,False,False,True,,outside_core_rank
SSII,"SS Innovations International, Inc.",796523509,3.98,31315,124633.70,NASDAQ Capital Market,NASDAQ,US,Healthcare,Medical - Devices,False,False,True,,outside_core_rank
SLDB,Solid Biosciences Inc.,793503776,8.06,1042541,8402880.46,NASDAQ Global Select,NASDAQ,US,Healthcare,Biotechnology,False,False,True,,outside_core_rank
WEST,"Westrock Coffee Company, LLC",792170635,8.12,370475,3008257.00,NASDAQ Global Market,NASDAQ,US,Consumer Defensive,Packaged Foods,False,False,True,,outside_core_rank
FWRG,"First Watch Restaurant Group, Inc.",792136772,12.85,735540,9451689.00,NASDAQ Global Select,NASDAQ,US,Consumer Cyclical,Restaurants,False,False,True,,outside_core_rank
NAVI,Navient Corporation,788571209,8.39,746820,6265819.80,NASDAQ Global Select,NASDAQ,US,Financial Services,Financial - Credit Services,False,False,True,,outside_core_rank
SIBN,"SI-BONE, Inc.",787643266,17.76,356893,6338419.68,NASDAQ Global Market,NASDAQ,US,Healthcare,Medical - Devices,False,False,True,,outside_core_rank
MFIC,MidCap Financial Investment Corporation,787482324,9.56,627790,6001672.40,NASDAQ Global Market,NASDAQ,US,Financial Services,Asset Management,False,False,True,,outside_core_rank
IBCP,Independent Bank Corporation,787155197,38.2,167117,6383869.4,NASDAQ Global Select,NASDAQ,US,Financial Services,Banks - Regional,False,False,True,,outside_core_rank
LXU,"LSB Industries, Inc.",782694144,10.88,1018768,11084195.84,New York Stock Exchange,NYSE,US,Basic Materials,Chemicals,False,False,True,,outside_core_rank
DSP,Viant Technology Inc.,772334677,11.77,226756,2668918.12,NASDAQ Global Select,NASDAQ,US,Technology,Software - Application,False,False,True,,outside_core_rank
CARE,"Carter Bankshares, Inc.",768436760,34.58,394831,13653255.98,NASDAQ Global Select,NASDAQ,US,Financial Services,Banks - Regional,False,False,True,,outside_core_rank
SG,"Sweetgreen, Inc.",766438420,6.45,2685661,17322513.45,New York Stock Exchange,NYSE,US,Consumer Cyclical,Restaurants,False,False,True,,outside_core_rank
WLKP,Westlake Chemical Partners LP,762720822,21.64,47672,1031622.08,New York Stock Exchange,NYSE,US,Basic Materials,Chemicals,False,False,True,,outside_core_rank
CNNE,"Cannae Holdings, Inc.",762456593,14.55,253653,3690651.15,New York Stock Exchange,NYSE,US,Consumer Cyclical,Restaurants,False,False,True,,outside_core_rank
DSGN,"Design Therapeutics, Inc.",760725943,12.18,624956,7611964.08,NASDAQ Global Select,NASDAQ,US,Healthcare,Biotechnology,False,False,True,,outside_core_rank
CYRX,"Cryoport, Inc.",760570903,15.09,387322,5844688.98,NASDAQ Capital Market,NASDAQ,US,Industrials,Integrated Freight & Logistics,False,False,True,,outside_core_rank
HZO,"MarineMax, Inc.",759310468,34.47,140211,4833073.17,New York Stock Exchange,NYSE,US,Consumer Cyclical,Specialty Retail,False,False,True,,outside_core_rank
ROOT,"Root, Inc.",759186249,54.15,283058,15327590.70,NASDAQ Global Select,NASDAQ,US,Financial Services,Insurance - Property & Casualty,False,False,True,,outside_core_rank
ONT,"Onterris, Inc.",758562375,20.99,276078,5794877.22,New York Stock Exchange,NYSE,US,Industrials,Waste Management,False,False,True,,outside_core_rank
CODI,Compass Diversified,758378537,10.08,321796,3243703.68,New York Stock Exchange,NYSE,US,Industrials,Conglomerates,False,False,True,,outside_core_rank
HIVE,HIVE Digital Technologies Ltd.,756829727,2.83,22768822,64435766.26,NASDAQ Capital Market,NASDAQ,US,Technology,Information Technology Services,False,False,True,,outside_core_rank
FOXF,Fox Factory Holding Corp.,754849800,18,778116,14006088,NASDAQ Global Select,NASDAQ,US,Consumer Cyclical,Auto - Parts,False,False,True,,outside_core_rank
MAMA,"Mama's Creations, Inc.",754555531,18.43,304479,5611547.97,NASDAQ Capital Market,NASDAQ,US,Consumer Defensive,Packaged Foods,False,False,True,,outside_core_rank
MITK,"Mitek Systems, Inc.",754152812,16.7,471839,7879711.3,NASDAQ Capital Market,NASDAQ,US,Technology,Software - Application,False,False,True,,outside_core_rank
SGP,"SpyGlass Pharma, Inc. Common Stock",753253421,22.53,60891,1371874.23,NASDAQ Global Market,NASDAQ,US,Healthcare,Biotechnology,False,False,True,,outside_core_rank
UAMY,United States Antimony Corporation,751301104,5.07,4672612,23690142.84,New York Stock Exchange,NYSE,US,Basic Materials,Industrial Materials,False,False,True,,outside_core_rank
FDUS,Fidus Investment Corporation,749219145,19.74,217009,4283757.66,NASDAQ Global Select,NASDAQ,US,Financial Services,Asset Management,False,False,True,,outside_core_rank
HPP,"Hudson Pacific Properties, Inc.",746912340,13.77,349479,4812325.83,New York Stock Exchange,NYSE,US,Real Estate,REIT - Office,False,False,True,,outside_core_rank
TDUP,ThredUp Inc.,745856078,5.78,1225383,7082713.74,NASDAQ Global Select,NASDAQ,US,Consumer Cyclical,Specialty Retail,False,False,True,,outside_core_rank
INN,"Summit Hotel Properties, Inc.",745551737,6.88,691490,4757451.20,New York Stock Exchange,NYSE,US,Real Estate,REIT - Hotel & Motel,False,False,True,,outside_core_rank
REPX,"Riley Exploration Permian, Inc.",743520104,34.27,178300,6110341.00,New York Stock Exchange American,AMEX,US,Energy,Oil & Gas Exploration & Production,False,False,True,,outside_core_rank
WASH,"Washington Trust Bancorp, Inc.",743177088,38.98,113393,4420059.14,NASDAQ Global Select,NASDAQ,US,Financial Services,Banks - Regional,False,False,True,,outside_core_rank
GDOT,Green Dot Corporation,743078733,13.11,187790,2461926.90,New York Stock Exchange,NYSE,US,Financial Services,Financial - Credit Services,False,False,True,,outside_core_rank
TXO,"TXO Partners, L.P.",741906869,13.43,68492,919847.56,New York Stock Exchange,NYSE,US,Energy,Oil & Gas Exploration & Production,False,False,True,,outside_core_rank
BLMN,"Bloomin' Brands, Inc.",741419725,8.66,1597921,13837995.86,NASDAQ Global Select,NASDAQ,US,Consumer Cyclical,Restaurants,False,False,True,,outside_core_rank
TYG,Tortoise Energy Infrastructure Corporation,738787238,42.88,111393,4776531.84,New York Stock Exchange,NYSE,US,Financial Services,Asset Management,False,False,True,,outside_core_rank
NGVC,"Natural Grocers by Vitamin Cottage, Inc.",738687599,32.06,62754,2011893.24,New York Stock Exchange,NYSE,US,Consumer Defensive,Grocery Stores,False,False,True,,outside_core_rank
GLAS,Glass House Brands Inc,737872639,9.53,321728,3066067.84,New York Stock Exchange,NYSE,US,Basic Materials,Agricultural Inputs,False,False,True,,outside_core_rank
PKE,Park Aerospace Corp.,737365680,33.9,227656,7717538.4,New York Stock Exchange,NYSE,US,Industrials,Aerospace & Defense,False,False,True,,outside_core_rank
CADL,"Candel Therapeutics, Inc.",733434702,10.01,1103982,11050859.82,NASDAQ Global Market,NASDAQ,US,Healthcare,Biotechnology,False,False,True,,outside_core_rank
SABR,Sabre Corporation,731329050,1.85,3705398,6854986.30,NASDAQ Global Select,NASDAQ,US,Consumer Cyclical,Travel Services,False,False,True,,outside_core_rank
ACDC,ProFrac Holding Corp.,730919842,4.04,1201737,4855017.48,NASDAQ Global Select,NASDAQ,US,Energy,Oil & Gas Equipment & Services,False,False,True,,outside_core_rank
LYTS,LSI Industries Inc.,729068639,23.39,216880,5072823.20,NASDAQ Global Select,NASDAQ,US,Industrials,Electrical Equipment & Parts,False,False,True,,outside_core_rank
RMT,"Royce Micro-Cap Trust, Inc.",728377456,13.62,67198,915236.76,New York Stock Exchange,NYSE,US,Financial Services,Asset Management,False,False,True,,outside_core_rank
DGICA,Donegal Group Inc.,727328729,19.74,146766,2897160.84,NASDAQ,NASDAQ,US,Financial Services,Insurance - Property & Casualty,False,False,True,,outside_core_rank
ACRS,"Aclaris Therapeutics, Inc.",726251136,5.2,1625681,8453541.2,NASDAQ Global Select,NASDAQ,US,Healthcare,Biotechnology,False,False,True,,outside_core_rank
LCLN,Lincoln International Inc.,725978638,20.9,454393,9496813.7,New York Stock Exchange,NYSE,US,Financial Services,Financial - Capital Markets,False,False,True,,outside_core_rank
MNPR,Monopar Therapeutics Inc.,725843151,108.35,431271,46728212.85,NASDAQ,NASDAQ,US,Healthcare,Biotechnology,False,False,True,,outside_core_rank
TE,T1 Energy Inc,724041387,4.17,25558348,106578311.16,New York Stock Exchange,NYSE,US,Industrials,Electrical Equipment & Parts,False,False,True,,outside_core_rank
CASS,"Cass Information Systems, Inc.",719751912,55.92,146656,8201003.52,NASDAQ Global Select,NASDAQ,US,Industrials,Specialty Business Services,False,False,True,,outside_core_rank
SXC,"SunCoke Energy, Inc.",719555119,8.48,2283302,19362400.96,New York Stock Exchange,NYSE,US,Basic Materials,Steel,False,False,True,,outside_core_rank
DRUG,Bright Minds Biosciences Inc.,717007342,73.26,212577,15573391.02,NASDAQ,NASDAQ,US,Healthcare,Biotechnology,False,False,True,,outside_core_rank
UMAC,"Unusual Machines, Inc.",713023886,21.16,2950137,62424898.92,New York Stock Exchange Arca,AMEX,US,Technology,Consumer Electronics,False,False,True,,outside_core_rank
FET,"Forum Energy Technologies, Inc.",708440481,62.67,378631,23728804.77,New York Stock Exchange,NYSE,US,Energy,Oil & Gas Equipment & Services,False,False,True,,outside_core_rank
FMNB,Farmers National Banc Corp.,705259831,15.86,395808,6277514.88,NASDAQ Capital Market,NASDAQ,US,Financial Services,Banks - Regional,False,False,True,,outside_core_rank
PFIS,Peoples Financial Services Corp.,704365587,70.36,172168,12113740.48,NASDAQ Global Select,NASDAQ,US,Financial Services,Banks - Regional,False,False,True,,outside_core_rank
JBI,"Janus International Group, Inc.",699693315,5.13,898978,4611757.14,New York Stock Exchange,NYSE,US,Basic Materials,Construction Materials,False,False,True,,outside_core_rank
PAR,PAR Technology Corporation,699123073,16.95,973510,16500994.50,New York Stock Exchange,NYSE,US,Technology,Software - Application,False,False,True,,outside_core_rank
MSBI,"Midland States Bancorp, Inc.",697972366,33.67,175148,5897233.16,NASDAQ,NASDAQ,US,Financial Services,Banks - Regional,False,False,True,,outside_core_rank
PHAT,"Phathom Pharmaceuticals, Inc.",697864125,8.75,3311723,28977576.25,NASDAQ Global Select,NASDAQ,US,Healthcare,Biotechnology,False,False,True,,outside_core_rank
IPX,IperionX Limited,696370000,20.75,138990,2884042.50,NASDAQ Capital Market,NASDAQ,US,Basic Materials,Industrial Materials,False,False,True,,outside_core_rank
IRWD,"Ironwood Pharmaceuticals, Inc.",696312990,4.23,3534940,14952796.20,NASDAQ Global Select,NASDAQ,US,Healthcare,Drug Manufacturers - Specialty & Generic,False,False,True,,outside_core_rank
CGBD,"Carlyle Secured Lending, Inc.",694276309,9.99,566195,5656288.05,NASDAQ Global Select,NASDAQ,US,Financial Services,Asset Management,False,False,True,,outside_core_rank
NMAX,"Newsmax, Inc.",693293593,7.71,532564,4106068.44,New York Stock Exchange,NYSE,US,Communication Services,Broadcasting,False,False,True,,outside_core_rank
KRO,"Kronos Worldwide, Inc.",692619758,6.02,289041,1740026.82,New York Stock Exchange,NYSE,US,Basic Materials,Chemicals - Specialty,False,False,True,,outside_core_rank
ANL,Adlai Nortye Ltd.,690040000,13,120404,1565252,NASDAQ Global Market,NASDAQ,US,Healthcare,Biotechnology,False,False,True,,outside_core_rank
ADTN,ADTRAN Holdings Inc.,689293831,8.51,3207110,27292506.10,NASDAQ,NASDAQ,US,Technology,Communication Equipment,False,False,True,,outside_core_rank
PFLT,PennantPark Floating Rate Capital Ltd.,688572198,6.94,1130409,7845038.46,New York Stock Exchange,NYSE,US,Financial Services,Asset Management,False,False,True,,outside_core_rank
VEL,"Velocity Financial, Inc.",688537629,17.54,83190,1459152.60,New York Stock Exchange,NYSE,US,Financial Services,Financial - Mortgages,False,False,True,,outside_core_rank
SLRC,SLR Investment Corp.,686297296,12.58,332648,4184711.84,NASDAQ,NASDAQ,US,Financial Services,Asset Management,False,False,True,,outside_core_rank
BCAL,California BanCorp,685110240,21.3,230403,4907583.9,NASDAQ,NASDAQ,US,Financial Services,Banks - Regional,False,False,True,,outside_core_rank
INDI,"indie Semiconductor, Inc.",682462149,3.23,7362132,23779686.36,NASDAQ Capital Market,NASDAQ,US,Technology,Semiconductors,False,False,True,,outside_core_rank
BALY,Bally's Corporation,681856728,13.93,34223,476726.39,New York Stock Exchange,NYSE,US,Consumer Cyclical,"Gambling, Resorts & Casinos",False,False,True,,outside_core_rank
MNTN,"MNTN, Inc Class A",681580054,9.22,540047,4979233.34,New York Stock Exchange,NYSE,US,Technology,Software - Application,False,False,True,,outside_core_rank
RIGL,"Rigel Pharmaceuticals, Inc.",681061565,36.81,172381,6345344.61,NASDAQ,NASDAQ,US,Healthcare,Biotechnology,False,False,True,,outside_core_rank
SSYS,Stratasys Ltd.,678885480,7.82,336914,2634667.48,NASDAQ Global Select,NASDAQ,US,Technology,Computer Hardware,False,False,True,,outside_core_rank
AHRT,"AH Realty Trust, Inc.",677010371,6.96,727097,5060595.12,New York Stock Exchange,NYSE,US,Real Estate,REIT - Diversified,False,False,True,,outside_core_rank
CCOI,"Cogent Communications Holdings, Inc.",676048950,13.5,889701,12010963.5,NASDAQ Global Select,NASDAQ,US,Communication Services,Telecommunications Services,False,False,True,,outside_core_rank
RPC,"Ridgepost Capital, Inc.",674255538,8.62,357773,3084003.26,New York Stock Exchange,NYSE,US,Financial Services,Asset Management,False,False,True,,outside_core_rank
RSVR,"Reservoir Media, Inc.",673938432,10.24,30643,313784.32,NASDAQ Global Market,NASDAQ,US,Communication Services,Entertainment,False,False,True,,outside_core_rank
CBLL,"CeriBell, Inc.",671206363,17.69,403290,7134200.10,NASDAQ Global Select,NASDAQ,US,Healthcare,Medical - Devices,False,False,True,,outside_core_rank
HNRG,Hallador Energy Company,670194174,14.22,759241,10796407.02,NASDAQ Capital Market,NASDAQ,US,Energy,Coal,False,False,True,,outside_core_rank
CCSI,"Consensus Cloud Solutions, Inc.",669685380,36.4,109988,4003563.2,NASDAQ Global Select,NASDAQ,US,Technology,Software - Infrastructure,False,False,True,,outside_core_rank
DCH,Dauch Corp.,668966159,5.65,1897363,10720100.95,New York Stock Exchange,NYSE,US,Consumer Cyclical,Auto - Parts,False,False,True,,outside_core_rank
TIPT,Tiptree Inc.,667620677,17.77,257664,4578689.28,NASDAQ Capital Market,NASDAQ,US,Financial Services,Insurance - Specialty,False,False,True,,outside_core_rank
AGNT,"AGNT, Inc.",665511892,4.05,1790960,7253388.00,NASDAQ Global Market,NASDAQ,US,Real Estate,Real Estate - Services,False,False,True,,outside_core_rank
BHB,Bar Harbor Bankshares,664828791,39.71,54430,2161415.30,New York Stock Exchange American,AMEX,US,Financial Services,Banks - Regional,False,False,True,,outside_core_rank
SHEN,Shenandoah Telecommunications Company,663822513,11.99,714402,8565679.98,NASDAQ Global Select,NASDAQ,US,Communication Services,Telecommunications Services,False,False,True,,outside_core_rank
PHR,"Phreesia, Inc.",663241569,10.73,660587,7088098.51,New York Stock Exchange,NYSE,US,Healthcare,Medical - Healthcare Information Services,False,False,True,,outside_core_rank
NXRT,"NexPoint Residential Trust, Inc.",662625768,26.11,145969,3811250.59,New York Stock Exchange,NYSE,US,Real Estate,REIT - Residential,False,False,True,,outside_core_rank
PRAA,"PRA Group, Inc.",662507225,17.37,325340,5651155.80,NASDAQ Global Select,NASDAQ,US,Financial Services,Financial - Credit Services,False,False,True,,outside_core_rank
CARS,Cars.com Inc.,662450870,11.85,473021,5605298.85,New York Stock Exchange,NYSE,US,Communication Services,Internet Content & Information,False,False,True,,outside_core_rank
RRBI,"Red River Bancshares, Inc.",662091183,100.55,107977,10857087.35,NASDAQ Global Select,NASDAQ,US,Financial Services,Banks - Regional,False,False,True,,outside_core_rank
ACHV,"Achieve Life Sciences, Inc.",659070780,6.42,1173314,7532675.88,NASDAQ Capital Market,NASDAQ,US,Healthcare,Biotechnology,False,False,True,,outside_core_rank
AROW,Arrow Financial Corporation,658516117,39.84,73229,2917443.36,NASDAQ Global Select,NASDAQ,US,Financial Services,Banks - Regional,False,False,True,,outside_core_rank
ACNB,ACNB Corporation,658472597,64.48,53540,3452259.20,NASDAQ Capital Market,NASDAQ,US,Financial Services,Banks - Regional,False,False,True,,outside_core_rank
NHPAP,"National Healthcare Properties, Inc.",657456699,23.22,10615,246480.30,NASDAQ Global Market,NASDAQ,US,Real Estate,REIT - Healthcare Facilities,False,False,True,,outside_core_rank
MAX,"MediaAlpha, Inc.",655839302,12.38,1317447,16309993.86,New York Stock Exchange,NYSE,US,Communication Services,Internet Content & Information,False,False,True,,outside_core_rank
YEXT,"Yext, Inc.",655631657,5.46,638062,3483818.52,New York Stock Exchange,NYSE,US,Technology,Software - Application,False,False,True,,outside_core_rank
NRDS,"NerdWallet, Inc.",655218504,9,456853,4111677,NASDAQ Global Market,NASDAQ,US,Communication Services,Internet Content & Information,False,False,True,,outside_core_rank
ANGX,"Angel Studios, Inc.",654345442,4.06,839691,3409145.46,New York Stock Exchange,NYSE,US,Communication Services,Entertainment,False,False,True,,outside_core_rank
YSWY,"Yesway, Inc.",652401957,20.92,163735,3425336.20,NASDAQ Global Select,NASDAQ,US,Consumer Defensive,Grocery Stores,False,False,True,,outside_core_rank
KOPN,Kopin Corp.,652259520,3.52,3113717,10960283.84,NASDAQ,NASDAQ,US,Technology,Semiconductors,False,False,True,,outside_core_rank
SWBI,"Smith & Wesson Brands, Inc.",650778839,14.55,354154,5152940.70,NASDAQ Global Select,NASDAQ,US,Industrials,Aerospace & Defense,False,False,True,,outside_core_rank
NMFC,New Mountain Finance Corporation,650777036,6.89,616554,4248057.06,NASDAQ Global Market,NASDAQ,US,Financial Services,Asset Management,False,False,True,,outside_core_rank
VTS,"Vitesse Energy, Inc.",650713814,15.6,311655,4861818.0,New York Stock Exchange,NYSE,US,Energy,Oil & Gas Exploration & Production,False,False,True,,outside_core_rank
VLGEA,"Village Super Market, Inc.",650710448,43.94,35519,1560704.86,NASDAQ Global Select,NASDAQ,US,Consumer Defensive,Grocery Stores,False,False,True,,outside_core_rank
ALLO,"Allogene Therapeutics, Inc.",648891400,1.88,5520367,10378289.96,NASDAQ Global Select,NASDAQ,US,Healthcare,Biotechnology,False,False,True,,outside_core_rank
NTGR,"NETGEAR, Inc.",648452056,24.16,451715,10913434.40,NASDAQ Global Select,NASDAQ,US,Technology,Communication Equipment,False,False,True,,outside_core_rank
BBOT,BridgeBio Oncology Therapeutics Inc.,648066471,8.09,356204,2881690.36,NASDAQ Global Market,NASDAQ,US,Healthcare,Biotechnology,False,False,True,,outside_core_rank
RPD,"Rapid7, Inc.",644915290,9.65,1345597,12985011.05,NASDAQ Global Market,NASDAQ,US,Technology,Software - Infrastructure,False,False,True,,outside_core_rank
JBIO,"Jade Biosciences, Inc.",644359787,19.75,588934,11631446.50,NASDAQ Global Market,NASDAQ,US,Healthcare,Biotechnology,False,False,True,,outside_core_rank
GAIN,Gladstone Investment Corp.,643125300,16.15,193419,3123716.85,NASDAQ,NASDAQ,US,Financial Services,Asset Management,False,False,True,,outside_core_rank
IBTA,"Ibotta, Inc.",641013384,24,160039,3840936,New York Stock Exchange,NYSE,US,Technology,Software - Application,False,False,True,,outside_core_rank
CSV,"Carriage Services, Inc.",640764751,40.37,75584,3051326.08,New York Stock Exchange,NYSE,US,Consumer Cyclical,Personal Products & Services,False,False,True,,outside_core_rank
NHPBP,"National Healthcare Properties, Inc.",640615388,22.6252,3297,74595.2844,NASDAQ Global Market,NASDAQ,US,Real Estate,REIT - Healthcare Facilities,False,False,True,,outside_core_rank
NFBK,"Northfield Bancorp, Inc.",639406779,15.31,1078251,16508022.81,NASDAQ Global Select,NASDAQ,US,Financial Services,Banks - Regional,False,False,True,,outside_core_rank
PSIX,"Power Solutions International, Inc.",636422925,27.61,419616,11585597.76,NASDAQ Capital Market,NASDAQ,US,Industrials,Industrial - Machinery,False,False,True,,outside_core_rank
TCMD,"Tactile Systems Technology, Inc.",635410971,28.17,142729,4020675.93,NASDAQ Global Market,NASDAQ,US,Healthcare,Medical - Devices,False,False,True,,outside_core_rank
HYLN,Hyliion Holdings Corp.,634844974,3.56,1522078,5418597.68,New York Stock Exchange American,AMEX,US,Consumer Cyclical,Auto - Parts,False,False,True,,outside_core_rank
BRSP,"BrightSpire Capital, Inc.",633886142,5.01,2227817,11161363.17,New York Stock Exchange,NYSE,US,Real Estate,REIT - Mortgage,False,False,True,,outside_core_rank
KLC,"KinderCare Learning Companies, Inc.",633591400,5.35,398576,2132381.60,New York Stock Exchange,NYSE,US,Consumer Defensive,Education & Training Services,False,False,True,,outside_core_rank
FBRT,"Franklin BSP Realty Trust, Inc.",630314707,7.59,1632205,12388435.95,New York Stock Exchange,NYSE,US,Real Estate,REIT - Mortgage,False,False,True,,outside_core_rank
SWIM,"Latham Group, Inc.",629326117,5.36,482401,2585669.36,NASDAQ Global Select,NASDAQ,US,Industrials,Construction,False,False,True,,outside_core_rank
HOV,"Hovnanian Enterprises, Inc.",628382391,123.9,216860,26868954.0,New York Stock Exchange,NYSE,US,Consumer Cyclical,Residential Construction,False,False,True,,outside_core_rank
GRNT,"Granite Ridge Resources, Inc",626505995,4.75,521727,2478203.25,New York Stock Exchange,NYSE,US,Energy,Oil & Gas Exploration & Production,False,False,True,,outside_core_rank
CCB,Coastal Financial Corporation,625048312,40.99,1509960,61893260.40,NASDAQ Global Select,NASDAQ,US,Financial Services,Banks - Regional,False,False,True,,outside_core_rank
LEGH,Legacy Housing Corporation,624504842,26.26,154045,4045221.70,NASDAQ Global Select,NASDAQ,US,Consumer Cyclical,Residential Construction,False,False,True,,outside_core_rank
HIFS,Hingham Institution for Savings,621763695,285.18,53690,15311314.20,NASDAQ Global Market,NASDAQ,US,Financial Services,Banks - Regional,False,False,True,,outside_core_rank
NB,NioCorp Developments Ltd.,619472889,4.255,3320364,14128148.820,NASDAQ,NASDAQ,US,Basic Materials,Industrial Materials,False,False,True,,outside_core_rank
AOMN,"Angel Oak Mortgage REIT, Inc. 9",619127810,24.85,6508,161723.80,New York Stock Exchange,NYSE,US,Real Estate,REIT - Mortgage,False,False,True,,outside_core_rank
TCBX,"Third Coast Bancshares, Inc.",618190427,43.84,65547,2873580.48,New York Stock Exchange,NYSE,US,Financial Services,Banks - Regional,False,False,True,,outside_core_rank
TRTX,"TPG RE Finance Trust, Inc.",611849010,7.97,976849,7785486.53,New York Stock Exchange,NYSE,US,Real Estate,REIT - Mortgage,False,False,True,,outside_core_rank
ANGO,"AngioDynamics, Inc.",611306033,14.79,447382,6616779.78,NASDAQ Global Select,NASDAQ,US,Healthcare,Medical - Instruments & Supplies,False,False,True,,outside_core_rank
CBNK,"Capital Bancorp, Inc.",608034773,37.33,31497,1175783.01,NASDAQ Global Select,NASDAQ,US,Financial Services,Banks - Regional,False,False,True,,outside_core_rank
DC,Dakota Gold Corp.,608033560,4.54,1364028,6192687.12,New York Stock Exchange Arca,AMEX,US,Basic Materials,Gold,False,False,True,,outside_core_rank
WHK,WhiteHawk Minerals Corp,608029549,26.44,77982,2061844.08,New York Stock Exchange,NYSE,US,Energy,Oil & Gas Midstream,False,False,True,,outside_core_rank
RMR,The RMR Group Inc.,606798860,19.04,148052,2818910.08,NASDAQ Capital Market,NASDAQ,US,Real Estate,Real Estate - Services,False,False,True,,outside_core_rank
NPB,"Northpointe Bancshares, Inc.",605182235,17.5,241965,4234387.5,New York Stock Exchange,NYSE,US,Financial Services,Banks - Regional,False,False,True,,outside_core_rank
GOOD,Gladstone Commercial Corporation,605087413,12.5,414619,5182737.5,NASDAQ Global Select,NASDAQ,US,Real Estate,REIT - Diversified,False,False,True,,outside_core_rank
CIVB,"Civista Bancshares, Inc.",603964093,29.06,99578,2893736.68,NASDAQ Capital Market,NASDAQ,US,Financial Services,Banks - Regional,False,False,True,,outside_core_rank
RYAM,Rayonier Advanced Materials Inc.,603574575,8.95,560848,5019589.60,New York Stock Exchange,NYSE,US,Basic Materials,Chemicals - Specialty,False,False,True,,outside_core_rank
KRNY,Kearny Financial Corp.,603526214,9.59,421154,4038866.86,NASDAQ Global Select,NASDAQ,US,Financial Services,Banks - Regional,False,False,True,,outside_core_rank
MOV,"Movado Group, Inc.",602159688,38.18,93499,3569791.82,New York Stock Exchange,NYSE,US,Consumer Cyclical,Luxury Goods,False,False,True,,outside_core_rank
MDXG,"MiMedx Group, Inc.",601990733,4.13,2985374,12329594.62,NASDAQ Capital Market,NASDAQ,US,Healthcare,Biotechnology,False,False,True,,outside_core_rank
ALOY,REalloys Inc.,599068514,8.78,4279531,37574282.18,NASDAQ Capital Market,NASDAQ,US,Basic Materials,Other Precious Metals,False,False,True,,outside_core_rank
NCDL,Nuveen Churchill Direct Lending Corp.,598571228,12.12,172670,2092760.40,New York Stock Exchange,NYSE,US,Financial Services,Asset Management,False,False,True,,outside_core_rank
OOMA,"Ooma, Inc.",597577400,21.75,300934,6545314.50,New York Stock Exchange,NYSE,US,Communication Services,Telecommunications Services,False,False,True,,outside_core_rank
KE,"Kimball Electronics, Inc.",594729915,24.73,132136,3267723.28,NASDAQ Global Select,NASDAQ,US,Industrials,Electrical Equipment & Parts,False,False,True,,outside_core_rank
RGR,"Sturm, Ruger & Company, Inc.",593911776,37.17,209615,7791389.55,New York Stock Exchange,NYSE,US,Industrials,Aerospace & Defense,False,False,True,,outside_core_rank
IIIN,"Insteel Industries, Inc.",593330271,30.65,225581,6914057.65,New York Stock Exchange,NYSE,US,Industrials,Manufacturing - Metal Fabrication,False,False,True,,outside_core_rank
HY,"Hyster-Yale Materials Handling, Inc.",592923907,33.43,75350,2518950.50,New York Stock Exchange,NYSE,US,Industrials,Industrial - Machinery,False,False,True,,outside_core_rank
UNTY,"Unity Bancorp, Inc.",591308719,58.89,53447,3147493.83,NASDAQ Global Market,NASDAQ,US,Financial Services,Banks - Regional,False,False,True,,outside_core_rank
CRMD,CorMedix Inc.,590742739,7.53,621200,4677636.00,NASDAQ Global Market,NASDAQ,US,Healthcare,Biotechnology,False,False,True,,outside_core_rank
SFST,"Southern First Bancshares, Inc.",590001984,62.4,89513,5585611.2,NASDAQ Global Market,NASDAQ,US,Financial Services,Banks - Regional,False,False,True,,outside_core_rank
GMRS,GMR Solutions Inc.,589864008,12.88,206728,2662656.64,New York Stock Exchange,NYSE,US,Healthcare,Medical - Care Facilities,False,False,True,,outside_core_rank
NRIM,"Northrim BanCorp, Inc.",589708747,26.51,173953,4611494.03,NASDAQ Global Select,NASDAQ,US,Financial Services,Banks - Regional,False,False,True,,outside_core_rank
PUBM,"PubMatic, Inc.",588462399,12.6,382207,4815808.2,NASDAQ Global Market,NASDAQ,US,Technology,Software - Application,False,False,True,,outside_core_rank
FBIZ,"First Business Financial Services, Inc.",587107675,70.21,151592,10643274.32,NASDAQ,NASDAQ,US,Financial Services,Banks - Regional,False,False,True,,outside_core_rank
IVR,Invesco Mortgage Capital Inc.,580804040,7.41,2662418,19728517.38,New York Stock Exchange,NYSE,US,Real Estate,REIT - Mortgage,False,False,True,,outside_core_rank
HQL,Tekla Life Sciences Investors,580792800,19.1,146238,2793145.8,New York Stock Exchange,NYSE,US,Financial Services,Asset Management,False,False,True,,outside_core_rank
CTNM,"Contineum Therapeutics, Inc.",579114933,15.49,448490,6947110.10,NASDAQ,NASDAQ,US,Healthcare,Biotechnology,False,False,True,,outside_core_rank
BBNX,"Beta Bionics, Inc.",577217697,12.83,2004324,25715476.92,NASDAQ Global Market,NASDAQ,US,Healthcare,Medical - Devices,False,False,True,,outside_core_rank
GDYN,"Grid Dynamics Holdings, Inc.",576183829,6.89,4428416,30511786.24,NASDAQ Capital Market,NASDAQ,US,Technology,Information Technology Services,False,False,True,,outside_core_rank
PKOH,Park-Ohio Holdings Corp.,574920126,39.93,77861,3108989.73,NASDAQ Global Select,NASDAQ,US,Industrials,Industrial - Machinery,False,False,True,,outside_core_rank
OSPN,OneSpan Inc.,573887718,15.48,309892,4797128.16,NASDAQ Capital Market,NASDAQ,US,Technology,Software - Infrastructure,False,False,True,,outside_core_rank
MLR,"Miller Industries, Inc.",573203710,50.3,61835,3110300.5,New York Stock Exchange,NYSE,US,Consumer Cyclical,Auto - Parts,False,False,True,,outside_core_rank
RWT,"Redwood Trust, Inc.",572237120,4.57,1963586,8973588.02,New York Stock Exchange,NYSE,US,Real Estate,REIT - Mortgage,False,False,True,,outside_core_rank
ODTX,"Odyssey Therapeutics, Inc.",572226849,18.93,181360,3433144.80,NASDAQ Global Market,NASDAQ,US,Healthcare,Biotechnology,False,False,True,,outside_core_rank
FEIM,"Frequency Electronics, Inc.",572168538,57.97,327014,18957001.58,NASDAQ Global Market,NASDAQ,US,Technology,Communication Equipment,False,False,True,,outside_core_rank
NVCT,"Nuvectis Pharma, Inc.",571063974,21.52,158398,3408724.96,NASDAQ Capital Market,NASDAQ,US,Healthcare,Biotechnology,False,False,True,,outside_core_rank
BWB,"Bridgewater Bancshares, Inc.",570998784,20.48,165482,3389071.36,NASDAQ Capital Market,NASDAQ,US,Financial Services,Banks - Regional,False,False,True,,outside_core_rank
ETD,Ethan Allen Interiors Inc.,569997994,22.4,550362,12328108.8,New York Stock Exchange,NYSE,US,Consumer Cyclical,"Furnishings, Fixtures & Appliances",False,False,True,,outside_core_rank
GCBC,"Greene County Bancorp, Inc.",569673230,33.46,45368,1518013.28,NASDAQ Capital Market,NASDAQ,US,Financial Services,Banks - Regional,False,False,True,,outside_core_rank
FISN,"Deep Fission, Inc.",567736447,9.41,53888,507086.08,NASDAQ,NASDAQ,US,Utilities,Renewable Utilities,False,False,True,,outside_core_rank
OXM,"Oxford Industries, Inc.",566180941,37.92,156444,5932356.48,New York Stock Exchange,NYSE,US,Consumer Cyclical,Apparel - Manufacturers,False,False,True,,outside_core_rank
GOGO,Gogo Inc.,565297026,4.18,1898288,7934843.84,NASDAQ Global Select,NASDAQ,US,Communication Services,Telecommunications Services,False,False,True,,outside_core_rank
ELA,Envela Corporation,562888160,21.68,74457,1614227.76,New York Stock Exchange American,AMEX,US,Consumer Cyclical,Specialty Retail,False,False,True,,outside_core_rank
NVEC,NVE Corporation,562417291,116.27,202255,23516188.85,NASDAQ,NASDAQ,US,Technology,Semiconductors,False,False,True,,outside_core_rank
ZVRA,"Zevra Therapeutics, Inc.",562184449,9.51,944109,8978476.59,NASDAQ Global Select,NASDAQ,US,Healthcare,Biotechnology,False,False,True,,outside_core_rank
HBCP,"Home Bancorp, Inc.",561313036,71.34,91801,6549083.34,NASDAQ Global Select,NASDAQ,US,Financial Services,Banks - Regional,False,False,True,,outside_core_rank
KRUS,"Kura Sushi USA, Inc.",559742945,46.07,190288,8766568.16,NASDAQ Global Market,NASDAQ,US,Consumer Cyclical,Restaurants,False,False,True,,outside_core_rank
MLAB,"Mesa Laboratories, Inc.",556968294,100.81,140302,14143844.62,NASDAQ,NASDAQ,US,Healthcare,Medical - Equipment & Services,False,False,True,,outside_core_rank
RLMD,"Relmada Therapeutics, Inc.",556965900,5.31,1689971,8973746.01,NASDAQ,NASDAQ,US,Healthcare,Biotechnology,False,False,True,,outside_core_rank
EGY,"VAALCO Energy, Inc.",555695140,5.33,751968,4007989.44,New York Stock Exchange,NYSE,US,Energy,Oil & Gas Exploration & Production,False,False,True,,outside_core_rank
CTRN,"Citi Trends, Inc.",555350966,66.67,55555,3703851.85,NASDAQ Global Select,NASDAQ,US,Consumer Cyclical,Apparel - Retail,False,False,True,,outside_core_rank
CMCO,Columbus McKinnon Corporation,552717089,19.17,2069388,39670167.96,NASDAQ Global Select,NASDAQ,US,Industrials,Industrial - Machinery,False,False,True,,outside_core_rank
EBF,"Ennis, Inc.",551502940,21.8,85282,1859147.6,New York Stock Exchange,NYSE,US,Industrials,Business Equipment & Supplies,False,False,True,,outside_core_rank
XMAX,"XMAX, Inc.",548252050,8.62,622052,5362088.24,NASDAQ Global Market,NASDAQ,US,Consumer Cyclical,"Furnishings, Fixtures & Appliances",False,False,True,,outside_core_rank
DNUT,"Krispy Kreme, Inc.",548232000,3.18,1943533,6180434.94,NASDAQ Global Select,NASDAQ,US,Consumer Cyclical,Restaurants,False,False,True,,outside_core_rank
TASK,"TaskUs, Inc.",547597123,6.07,437582,2656122.74,NASDAQ Global Select,NASDAQ,US,Technology,Information Technology Services,False,False,True,,outside_core_rank
ITIC,Investors Title Company,546178363,289.29,32828,9496812.12,NASDAQ Global Select,NASDAQ,US,Financial Services,Insurance - Specialty,False,False,True,,outside_core_rank
VITL,"Vital Farms, Inc.",545461405,12.73,1369066,17428210.18,NASDAQ Global Market,NASDAQ,US,Consumer Defensive,Agricultural Farm Products,False,False,True,,outside_core_rank
CTKB,"Cytek Biosciences, Inc.",544981717,4.22,577968,2439024.96,NASDAQ Global Select,NASDAQ,US,Healthcare,Medical - Devices,False,False,True,,outside_core_rank
BWFG,"Bankwell Financial Group, Inc.",543372217,68.15,49459,3370630.85,NASDAQ Global Market,NASDAQ,US,Financial Services,Banks - Regional,False,False,True,,outside_core_rank
AMSF,"AMERISAFE, Inc.",543157539,29.04,369412,10727724.48,NASDAQ Global Select,NASDAQ,US,Financial Services,Insurance - Specialty,False,False,True,,outside_core_rank
MBUU,"Malibu Boats, Inc.",541392090,27.57,199678,5505122.46,NASDAQ Global Market,NASDAQ,US,Consumer Cyclical,Auto - Recreational Vehicles,False,False,True,,outside_core_rank
ASIX,AdvanSix Inc.,540798262,20.06,141206,2832592.36,New York Stock Exchange,NYSE,US,Basic Materials,Chemicals - Specialty,False,False,True,,outside_core_rank
CRD-A,Crawford & Company,537045601,10.91,37905,413543.55,New York Stock Exchange,NYSE,US,Financial Services,Insurance - Brokers,False,False,True,,outside_core_rank
SFIX,"Stitch Fix, Inc.",536371913,4.02,1286524,5171826.48,NASDAQ Global Select,NASDAQ,US,Consumer Cyclical,Apparel - Retail,False,False,True,,outside_core_rank
QUAD,"Quad/Graphics, Inc.",535703454,10.39,644382,6695128.98,New York Stock Exchange,NYSE,US,Industrials,Specialty Business Services,False,False,True,,outside_core_rank
PRTH,"Priority Technology Holdings, Inc.",535308605,6.5,162906,1058889.0,NASDAQ Capital Market,NASDAQ,US,Technology,Software - Infrastructure,False,False,True,,outside_core_rank
ALTI,"AlTi Global, Inc.",534574588,3.6,65475,235710.0,NASDAQ Capital Market,NASDAQ,US,Financial Services,Asset Management - Global,False,False,True,,outside_core_rank
WTI,"W&T Offshore, Inc.",534111936,3.59,2830918,10162995.62,New York Stock Exchange,NYSE,US,Energy,Oil & Gas Exploration & Production,False,False,True,,outside_core_rank
BSRR,Sierra Bancorp,533108192,40.76,49785,2029236.60,NASDAQ Global Select,NASDAQ,US,Financial Services,Banks - Regional,False,False,True,,outside_core_rank
FDMT,"4D Molecular Therapeutics, Inc.",532172266,10.18,698811,7113895.98,NASDAQ Global Select,NASDAQ,US,Healthcare,Biotechnology,False,False,True,,outside_core_rank
OLP,"One Liberty Properties, Inc.",530429614,24.31,54063,1314271.53,New York Stock Exchange,NYSE,US,Real Estate,REIT - Diversified,False,False,True,,outside_core_rank
TECX,"Tectonic Therapeutic, Inc.",528903284,28.03,242426,6795200.78,NASDAQ Global Market,NASDAQ,US,Healthcare,Biotechnology,False,False,True,,outside_core_rank
DNA,"Ginkgo Bioworks Holdings, Inc.",528475124,8.09,629579,5093294.11,New York Stock Exchange,NYSE,US,Healthcare,Biotechnology,False,False,True,,outside_core_rank
PRME,"Prime Medicine, Inc.",527402954,2.92,1828568,5339418.56,NASDAQ Global Market,NASDAQ,US,Healthcare,Biotechnology,False,False,True,,outside_core_rank
CWBC,Community West Bancshares,526994260,25.03,206444,5167293.32,NASDAQ,NASDAQ,US,Financial Services,Banks - Regional,False,False,True,,outside_core_rank
SOC,Sable Offshore Corp.,526393353,5.29,14904743,78846090.47,New York Stock Exchange,NYSE,US,Energy,Oil & Gas Drilling,False,False,True,,outside_core_rank
AIOT,"PowerFleet, Inc.",525989042,3.92,789770,3095898.40,NASDAQ Global Market,NASDAQ,US,Technology,Software - Infrastructure,False,False,True,,outside_core_rank
GYRE,"Gyre Therapeutics, Inc.",525497244,5.75,48228,277311.00,NASDAQ Capital Market,NASDAQ,US,Healthcare,Biotechnology,False,False,True,,outside_core_rank
MEC,"Mayville Engineering Company, Inc.",525091273,25.67,511438,13128613.46,New York Stock Exchange,NYSE,US,Industrials,Manufacturing - Metal Fabrication,False,False,True,,outside_core_rank
CPS,Cooper-Standard Holdings Inc.,523248219,29.47,144449,4256912.03,New York Stock Exchange,NYSE,US,Consumer Cyclical,Auto - Parts,False,False,True,,outside_core_rank
ADV,Advantage Solutions Inc.,521706787,39.24,61769,2423815.56,NASDAQ Global Select,NASDAQ,US,Communication Services,Advertising Agencies,False,False,True,,outside_core_rank
BTGO,"BitGo Holdings, Inc.",520525571,4.86,682259,3315778.74,New York Stock Exchange,NYSE,US,Financial Services,Financial - Capital Markets,False,False,True,,outside_core_rank
WEAV,"Weave Communications, Inc.",520359253,6.54,472190,3088122.60,New York Stock Exchange,NYSE,US,Technology,Software - Application,False,False,True,,outside_core_rank
NGNE,Neurogene Inc.,519738502,32.89,160537,5280061.93,NASDAQ Global Market,NASDAQ,US,Healthcare,Biotechnology,False,False,True,,outside_core_rank
KIDS,OrthoPediatrics Corp.,518580150,20.19,113981,2301276.39,NASDAQ Global Market,NASDAQ,US,Healthcare,Medical - Devices,False,False,True,,outside_core_rank
ARVN,"Arvinas, Inc.",518105220,8.03,655746,5265640.38,NASDAQ Global Select,NASDAQ,US,Healthcare,Biotechnology,False,False,True,,outside_core_rank
PROK,ProKidney Corp.,517830972,1.54,806353,1241783.62,NASDAQ Capital Market,NASDAQ,US,Healthcare,Biotechnology,False,False,True,,outside_core_rank
NRGV,"Energy Vault Holdings, Inc.",516531150,2.85,2430573,6927133.05,New York Stock Exchange,NYSE,US,Industrials,Electrical Equipment & Parts,False,False,True,,outside_core_rank
PWRL,Powerlaw Corp. Common Stock,516320596,11.94,78713,939833.22,NASDAQ Global Market,NASDAQ,US,Financial Services,Asset Management,False,False,True,,outside_core_rank
ZURA,Zura Bio Limited,515837565,5.43,533308,2895862.44,NASDAQ Capital Market,NASDAQ,US,Healthcare,Biotechnology,False,False,True,,outside_core_rank
SPT,"Sprout Social, Inc.",515705525,8.58,840408,7210700.64,NASDAQ Capital Market,NASDAQ,US,Technology,Software - Application,False,False,True,,outside_core_rank
ACIC,American Coastal Insurance Corporation,514687680,10.62,153917,1634598.54,NASDAQ,NASDAQ,US,Financial Services,Insurance - Property & Casualty,False,False,True,,outside_core_rank
KELYA,"Kelly Services, Inc.",514490809,14.84,573203,8506332.52,NASDAQ Global Select,NASDAQ,US,Industrials,Staffing & Employment Services,False,False,True,,outside_core_rank
SD,"SandRidge Energy, Inc.",513902165,13.92,170603,2374793.76,New York Stock Exchange,NYSE,US,Energy,Oil & Gas Exploration & Production,False,False,True,,outside_core_rank
OBT,"Orange County Bancorp, Inc.",512852175,38.25,52086,1992289.50,NASDAQ,NASDAQ,US,Financial Services,Banks - Regional,False,False,True,,outside_core_rank
ECC,Eagle Point Credit Company Inc.,511648830,3.87,858780,3323478.60,New York Stock Exchange,NYSE,US,Financial Services,Asset Management,False,False,True,,outside_core_rank
WNC,Wabash National Corporation,510865440,12.56,816685,10257563.60,New York Stock Exchange,NYSE,US,Industrials,Agricultural - Machinery,False,False,True,,outside_core_rank
VSTM,"Verastem, Inc.",509666880,5.8,1852867,10746628.6,NASDAQ Global Market,NASDAQ,US,Healthcare,Biotechnology,False,False,True,,outside_core_rank
SPRY,"ARS Pharmaceuticals, Inc.",509425734,5.13,2078656,10663505.28,NASDAQ Global Market,NASDAQ,US,Healthcare,Biotechnology,False,False,True,,outside_core_rank
ECCV,Eagle Point Credit Company Inc.,508947002,24.15,17882,431850.30,New York Stock Exchange,NYSE,US,Financial Services,Asset Management,False,False,True,,outside_core_rank
COFS,"ChoiceOne Financial Services, Inc.",508765515,34.03,73129,2488579.87,NASDAQ Capital Market,NASDAQ,US,Financial Services,Banks - Regional,False,False,True,,outside_core_rank
IIIV,"i3 Verticals, Inc.",503270778,21.06,258046,5434448.76,NASDAQ Global Select,NASDAQ,US,Technology,Software - Infrastructure,False,False,True,,outside_core_rank
YORW,The York Water Company,502001990,30.97,111353,3448602.41,NASDAQ Global Select,NASDAQ,US,Utilities,Regulated Water,False,False,True,,outside_core_rank
LOCO,"El Pollo Loco Holdings, Inc.",501294205,16.46,164231,2703242.26,NASDAQ Global Select,NASDAQ,US,Consumer Cyclical,Restaurants,False,False,True,,outside_core_rank
RGNX,REGENXBIO Inc.,500947389,9.69,1140990,11056193.10,NASDAQ Global Select,NASDAQ,US,Healthcare,Biotechnology,False,False,True,,outside_core_rank
PAYS,"Paysign, Inc.",500915726,8.96,266775,2390304.00,NASDAQ,NASDAQ,US,Industrials,Specialty Business Services,False,False,True,,outside_core_rank
HTZ,"Hertz Global Holdings, Inc.",500436421,1.585,23011501,36473229.085,NASDAQ Global Select,NASDAQ,US,Industrials,Rental & Leasing Services,False,False,True,,outside_core_rank
EIKN,"Eikon Therapeutics, Inc. Common Stock",498616764,9.21,211041,1943687.61,NASDAQ Global Market,NASDAQ,US,Healthcare,Biotechnology,False,False,True,,outside_core_rank
CLMB,"Climb Global Solutions, Inc.",498590932,26.81,121548,3258701.88,NASDAQ Global Market,NASDAQ,US,Technology,Technology Distributors,False,False,True,,outside_core_rank
CTMX,"CytomX Therapeutics, Inc.",498552940,3.1,3502165,10856711.5,NASDAQ Global Select,NASDAQ,US,Healthcare,Biotechnology,False,False,True,,outside_core_rank
PANL,"Pangaea Logistics Solutions, Ltd.",497807389,7.61,292819,2228352.59,NASDAQ Capital Market,NASDAQ,US,Industrials,Marine Shipping,False,False,True,,outside_core_rank
MTW,"The Manitowoc Company, Inc.",497347738,13.85,265516,3677396.60,New York Stock Exchange,NYSE,US,Industrials,Industrial - Machinery,False,False,True,,outside_core_rank
LPTH,"LightPath Technologies, Inc.",496506578,10.37,1724739,17885543.43,NASDAQ Capital Market,NASDAQ,US,Technology,"Hardware, Equipment & Parts",False,False,True,,outside_core_rank
MEI,"Methode Electronics, Inc.",496250482,13.99,401079,5611095.21,New York Stock Exchange,NYSE,US,Technology,"Hardware, Equipment & Parts",False,False,True,,outside_core_rank
ECCU,Eagle Point Credit Company Inc.,496020449,25.135,7255,182354.425,New York Stock Exchange,NYSE,US,Financial Services,Asset Management,False,False,True,,outside_core_rank
EVGO,"EVgo, Inc.",495897764,1.58,2743481,4334699.98,NASDAQ Global Select,NASDAQ,US,Consumer Cyclical,Specialty Retail,False,False,True,,outside_core_rank
EROC,"ERock, Inc.",494265476,10.26,2077925,21319510.50,New York Stock Exchange,NYSE,US,Industrials,Industrial - Machinery,False,False,True,,outside_core_rank
METC,"Ramaco Resources, Inc.",493390933,9.17,3364058,30848411.86,NASDAQ Global Select,NASDAQ,US,Energy,Coal,False,False,True,,outside_core_rank
SATL,Satellogic Inc.,492826380,3.58,3577459,12807303.22,NASDAQ Capital Market,NASDAQ,US,Industrials,Aerospace & Defense,False,False,True,,outside_core_rank
NINE,"Nine Energy Service, Inc.",491577580,11.35,96559,1095944.65,New York Stock Exchange American,AMEX,US,Energy,Oil & Gas Equipment & Services,False,False,True,,outside_core_rank
JOUT,Johnson Outdoors Inc.,491367802,46.91,160719,7539328.29,NASDAQ,NASDAQ,US,Consumer Cyclical,Leisure,False,False,True,,outside_core_rank
CLB,Core Laboratories N.V.,490468696,10.64,621049,6607961.36,New York Stock Exchange,NYSE,US,Energy,Oil & Gas Equipment & Services,False,False,True,,outside_core_rank
BBCP,"Concrete Pumping Holdings, Inc.",490327977,9.73,149323,1452912.79,NASDAQ Capital Market,NASDAQ,US,Industrials,Engineering & Construction,False,False,True,,outside_core_rank
OIS,"Oil States International, Inc.",488168596,8.11,1007842,8173598.62,New York Stock Exchange,NYSE,US,Energy,Oil & Gas Equipment & Services,False,False,True,,outside_core_rank
PDLB,"Ponce Financial Group, Inc.",488111822,20.18,84690,1709044.20,NASDAQ Global Market,NASDAQ,US,Financial Services,Banks - Regional,False,False,True,,outside_core_rank
FBYD,"Falcon's Beyond Global, Inc. Class A Common Stock",487181268,9.94,158484,1575330.96,NASDAQ Global Market,NASDAQ,US,Industrials,Conglomerates,False,False,True,,outside_core_rank
TOI,"The Oncology Institute, Inc.",485916894,4.86,985521,4789632.06,NASDAQ Capital Market,NASDAQ,US,Healthcare,Medical - Care Facilities,False,False,True,,outside_core_rank
URG,Ur-Energy Inc.,484744857,1.22,5178608,6317901.76,New York Stock Exchange Arca,AMEX,US,Energy,Uranium,False,False,True,,outside_core_rank
MG,"Mistras Group, Inc.",483931718,15.21,145038,2206027.98,New York Stock Exchange,NYSE,US,Industrials,Security & Protection Services,False,False,True,,outside_core_rank
MATV,"Mativ Holdings, Inc.",481174902,8.73,355528,3103759.44,New York Stock Exchange,NYSE,US,Basic Materials,"Paper, Lumber & Forest Products",False,False,True,,outside_core_rank
BSVN,Bank7 Corp.,478631912,50.28,38536,1937590.08,NASDAQ,NASDAQ,US,Financial Services,Banks - Regional,False,False,True,,outside_core_rank
WTBA,"West Bancorporation, Inc.",477638177,28.05,56626,1588359.30,NASDAQ Global Select,NASDAQ,US,Financial Services,Banks - Regional,False,False,True,,outside_core_rank
OFIX,Orthofix Medical Inc.,476975494,11.8,253865,2995607.0,NASDAQ Global Select,NASDAQ,US,Healthcare,Medical - Devices,False,False,True,,outside_core_rank
GEMI,"Gemini Space Station, Inc.",476503736,3.9,1910701,7451733.9,NASDAQ,NASDAQ,US,Technology,Software - Application,False,False,True,,outside_core_rank
IBEX,IBEX Limited,473171359,35.34,84114,2972588.76,NASDAQ Global Market,NASDAQ,US,Technology,Information Technology Services,False,False,True,,outside_core_rank
SHAZ,"SharonAI Holdings, Inc. Class A Common Stock",472437125,48.25,3383011,163230280.75,NASDAQ Capital Market,NASDAQ,US,Technology,Information Technology Services,False,False,True,,outside_core_rank
BMRC,Bank of Marin Bancorp,472091623,29.16,145313,4237327.08,NASDAQ Capital Market,NASDAQ,US,Financial Services,Banks - Regional,False,False,True,,outside_core_rank
MAGN,Magnera Corp,471700000,13.25,318966,4226299.50,New York Stock Exchange,NYSE,US,Consumer Defensive,Household & Personal Products,False,False,True,,outside_core_rank
SI,"Shoulder Innovations, Inc.",471587259,22.74,56569,1286379.06,New York Stock Exchange,NYSE,US,Healthcare,Medical - Specialties,False,False,True,,outside_core_rank
VREX,Varex Imaging Corporation,471099000,11.19,297780,3332158.20,NASDAQ Global Select,NASDAQ,US,Healthcare,Medical - Devices,False,False,True,,outside_core_rank
BWMN,Bowman Consulting Group Ltd.,470081745,26.85,133761,3591482.85,NASDAQ Global Market,NASDAQ,US,Industrials,Engineering & Construction,False,False,True,,outside_core_rank
FLGT,"Fulgent Genetics, Inc.",470030311,16.55,1319104,21831171.20,NASDAQ Global Market,NASDAQ,US,Healthcare,Medical - Diagnostics & Research,False,False,True,,outside_core_rank
XRN,Chiron Real Estate Inc.,469835400,35.5,67212,2386026.0,New York Stock Exchange,NYSE,US,Real Estate,REIT - Healthcare Facilities,False,False,True,,outside_core_rank
CBK,"Commercial Bancgroup, Inc. Common Stock",469131451,34.24,60350,2066384.00,NASDAQ Global Select,NASDAQ,US,Financial Services,Banks - Regional,False,False,True,,outside_core_rank
IHRT,"iHeartMedia, Inc.",466922580,3.59,644963,2315417.17,NASDAQ,NASDAQ,US,Communication Services,Broadcasting,False,False,True,,outside_core_rank
FRBA,First Bank,465740432,18.53,94606,1753049.18,NASDAQ Global Market,NASDAQ,US,Financial Services,Banks - Regional,False,False,True,,outside_core_rank
TWI,"Titan International, Inc.",464765840,7.22,578373,4175853.06,New York Stock Exchange,NYSE,US,Industrials,Agricultural - Machinery,False,False,True,,outside_core_rank
CBAN,"Colony Bankcorp, Inc.",463792128,21.92,156307,3426249.44,New York Stock Exchange,NYSE,US,Financial Services,Banks - Regional,False,False,True,,outside_core_rank
AQST,"Aquestive Therapeutics, Inc.",463600565,3.695,1774142,6555454.690,NASDAQ Global Market,NASDAQ,US,Healthcare,Drug Manufacturers - Specialty & Generic,False,False,True,,outside_core_rank
SLDP,"Solid Power, Inc.",463467040,2.06,3199264,6590483.84,NASDAQ,NASDAQ,US,Consumer Cyclical,Auto - Parts,False,False,True,,outside_core_rank
NGS,"Natural Gas Services Group, Inc.",462931744,36.64,99634,3650589.76,New York Stock Exchange,NYSE,US,Energy,Oil & Gas Equipment & Services,False,False,True,,outside_core_rank
FVR,"FrontView REIT, Inc.",460742229,20.34,95019,1932686.46,New York Stock Exchange,NYSE,US,Real Estate,REIT - Diversified,False,False,True,,outside_core_rank
FMAO,"Farmers & Merchants Bancorp, Inc.",459306752,33.36,80770,2694487.20,NASDAQ Capital Market,NASDAQ,US,Financial Services,Banks - Regional,False,False,True,,outside_core_rank
BTBT,"Bit Digital, Inc.",457438900,1.31,25002875,32753766.25,NASDAQ Capital Market,NASDAQ,US,Financial Services,Financial - Capital Markets,False,False,True,,outside_core_rank
TRC,Tejon Ranch Co.,457181106,16.93,171014,2895267.02,New York Stock Exchange,NYSE,US,Industrials,Conglomerates,False,False,True,,outside_core_rank
IPI,"Intrepid Potash, Inc.",456184680,33.96,115939,3937288.44,New York Stock Exchange,NYSE,US,Basic Materials,Agricultural Inputs,False,False,True,,outside_core_rank
DIN,"Dine Brands Global, Inc.",455905190,35.94,173761,6244970.34,New York Stock Exchange,NYSE,US,Consumer Cyclical,Restaurants,False,False,True,,outside_core_rank
LXFR,Luxfer Holdings PLC,455709874,17.03,267783,4560344.49,New York Stock Exchange,NYSE,US,Industrials,Industrial - Machinery,False,False,True,,outside_core_rank
LWAY,"Lifeway Foods, Inc.",455094625,29.78,56917,1694988.26,NASDAQ Global Market,NASDAQ,US,Consumer Defensive,Packaged Foods,False,False,True,,outside_core_rank
CZNC,Citizens & Northern Corporation,454902474,25.39,72300,1835697.00,NASDAQ Capital Market,NASDAQ,US,Financial Services,Banks - Regional,False,False,True,,outside_core_rank
RZLT,"Rezolute, Inc.",454499656,4.72,776968,3667288.96,NASDAQ,NASDAQ,US,Healthcare,Biotechnology,False,False,True,,outside_core_rank
IMMX,"Immix Biopharma, Inc.",452623783,8.32,1584918,13186517.76,NASDAQ Capital Market,NASDAQ,US,Healthcare,Biotechnology,False,False,True,,outside_core_rank
AURA,"Aura Biosciences, Inc.",450040430,7.01,290573,2036916.73,NASDAQ Global Market,NASDAQ,US,Healthcare,Biotechnology,False,False,True,,outside_core_rank
CLPT,"ClearPoint Neuro, Inc.",448044071,14.94,603076,9009955.44,NASDAQ Capital Market,NASDAQ,US,Healthcare,Medical - Devices,False,False,True,,outside_core_rank
AVBC,"Avidia Bancorp, Inc.",447700375,22.3,84269,1879198.7,New York Stock Exchange,NYSE,US,Financial Services,Banks - Regional,False,False,True,,outside_core_rank
VMD,"Viemed Healthcare, Inc.",447390479,11.67,450980,5262936.60,NASDAQ,NASDAQ,US,Healthcare,Medical - Care Facilities,False,False,True,,outside_core_rank
ALIT,"Alight, Inc.",447293120,16.98,535818,9098189.64,New York Stock Exchange,NYSE,US,Technology,Information Technology Services,False,False,True,,outside_core_rank
RBB,RBB Bancorp,446599683,26.37,185993,4904635.41,NASDAQ Global Select,NASDAQ,US,Financial Services,Banks - Regional,False,False,True,,outside_core_rank
ERII,"Energy Recovery, Inc.",445866490,8.65,1417274,12259420.10,NASDAQ Global Select,NASDAQ,US,Industrials,Industrial - Pollution & Treatment Controls,False,False,True,,outside_core_rank
RMNI,"Rimini Street, Inc.",445213600,4.81,797658,3836734.98,NASDAQ Global Market,NASDAQ,US,Technology,Software - Application,False,False,True,,outside_core_rank
TREE,"LendingTree, Inc.",444542580,31.86,554530,17667325.80,NASDAQ Global Select,NASDAQ,US,Financial Services,Financial - Credit Services,False,False,True,,outside_core_rank
FWRD,Forward Air Corporation,444331896,14.05,489030,6870871.50,NASDAQ Global Select,NASDAQ,US,Industrials,Integrated Freight & Logistics,False,False,True,,outside_core_rank
KYTX,"Kyverna Therapeutics, Inc.",443805033,7.3,523948,3824820.4,NASDAQ,NASDAQ,US,Healthcare,Biotechnology,False,False,True,,outside_core_rank
IDR,"Idaho Strategic Resources, Inc.",443782742,28.07,170142,4775885.94,New York Stock Exchange American,AMEX,US,Basic Materials,Gold,False,False,True,,outside_core_rank
FIP,FTAI Infrastructure Inc.,440750042,3.73,1032246,3850277.58,NASDAQ Global Select,NASDAQ,US,Industrials,Conglomerates,False,False,True,,outside_core_rank
NRC,NRC Health,439691017,19.51,166864,3255516.64,NASDAQ Global Select,NASDAQ,US,Healthcare,Medical - Healthcare Information Services,False,False,True,,outside_core_rank
NPCE,"NeuroPace, Inc.",439468373,12.89,332027,4279828.03,NASDAQ,NASDAQ,US,Healthcare,Medical - Devices,False,False,True,,outside_core_rank
PACK,Ranpak Holdings Corp.,437989760,5.12,879675,4503936.00,New York Stock Exchange,NYSE,US,Consumer Cyclical,Packaging & Containers,False,False,True,,outside_core_rank
CABA,"Cabaletta Bio, Inc.",436986853,2.68,1817863,4871872.84,NASDAQ Global Select,NASDAQ,US,Healthcare,Biotechnology,False,False,True,,outside_core_rank
STRZ,Starz Entertainment Corp.,436859277,26.02,102202,2659296.04,NASDAQ Global Select,NASDAQ,US,Communication Services,Entertainment,False,False,True,,outside_core_rank
PACB,"Pacific Biosciences of California, Inc.",434842363,1.4,3131659,4384322.6,NASDAQ Global Select,NASDAQ,US,Healthcare,Medical - Devices,False,False,True,,outside_core_rank
SRTA,"Strata Critical Medical, Inc.",434363381,5.02,751643,3773247.86,NASDAQ Global Market,NASDAQ,US,Healthcare,Medical - Care Facilities,False,False,True,,outside_core_rank
PBFS,"Pioneer Bancorp, Inc.",431822496,17.22,14477,249293.94,NASDAQ Capital Market,NASDAQ,US,Financial Services,Banks - Regional,False,False,True,,outside_core_rank
CAL,"Caleres, Inc.",431292313,12.84,339833,4363455.72,New York Stock Exchange,NYSE,US,Consumer Cyclical,Apparel - Retail,False,False,True,,outside_core_rank
DDD,3D Systems Corporation,431218909,2.64,2228538,5883340.32,New York Stock Exchange,NYSE,US,Technology,Computer Hardware,False,False,True,,outside_core_rank
BLND,"Blend Labs, Inc.",430967658,1.78,925955,1648199.90,New York Stock Exchange,NYSE,US,Technology,Software - Application,False,False,True,,outside_core_rank
BNED,"Barnes & Noble Education, Inc.",430963548,12.44,84333,1049102.52,New York Stock Exchange,NYSE,US,Consumer Cyclical,Specialty Retail,False,False,True,,outside_core_rank
CERS,Cerus Corporation,430793294,2.15,8321176,17890528.40,NASDAQ Global Market,NASDAQ,US,Healthcare,Medical - Devices,False,False,True,,outside_core_rank
FSTR,L.B. Foster Company,430165508,41.13,81711,3360773.43,NASDAQ Global Select,NASDAQ,US,Industrials,Railroads,False,False,True,,outside_core_rank
NEWT,"NewtekOne, Inc.",428455013,14.83,133829,1984684.07,NASDAQ Global Market,NASDAQ,US,Financial Services,Banks - Regional,False,False,True,,outside_core_rank
BOC,Boston Omaha Corporation,428445807,14.18,52359,742450.62,New York Stock Exchange,NYSE,US,Communication Services,Advertising Agencies,False,False,True,,outside_core_rank
CCRN,"Cross Country Healthcare, Inc.",428060926,13.25,1784165,23640186.25,NASDAQ Global Select,NASDAQ,US,Industrials,Staffing & Employment Services,False,False,True,,outside_core_rank
ACTG,Acacia Research Corporation,427889713,4.43,122375,542121.25,NASDAQ Global Select,NASDAQ,US,Industrials,Specialty Business Services,False,False,True,,outside_core_rank
FRPH,"FRP Holdings, Inc.",427880538,22.32,79718,1779305.76,NASDAQ Global Select,NASDAQ,US,Real Estate,Real Estate - Development,False,False,True,,outside_core_rank
CLNE,Clean Energy Fuels Corp.,427235790,1.94,1197617,2323376.98,NASDAQ Global Select,NASDAQ,US,Energy,Oil & Gas Refining & Marketing,False,False,True,,outside_core_rank
PLBC,Plumas Bancorp,426962840,61.31,34914,2140577.34,NASDAQ Capital Market,NASDAQ,US,Financial Services,Banks - Regional,False,False,True,,outside_core_rank
SMC,Summit Midstream Corp.,425756726,30.82,37803,1165088.46,New York Stock Exchange,NYSE,US,Energy,Oil & Gas Midstream,False,False,True,,outside_core_rank
BBW,"Build-A-Bear Workshop, Inc.",425268608,33.92,205875,6983280.00,New York Stock Exchange,NYSE,US,Consumer Cyclical,Specialty Retail,False,False,True,,outside_core_rank
GCO,Genesco Inc.,424508508,38.22,73442,2806953.24,New York Stock Exchange,NYSE,US,Consumer Cyclical,Apparel - Retail,False,False,True,,outside_core_rank
BXC,BlueLinx Holdings Inc.,421961728,54.22,148465,8049772.30,New York Stock Exchange,NYSE,US,Industrials,Industrial - Distribution,False,False,True,,outside_core_rank
DCTH,"Delcath Systems, Inc.",421854526,12.22,370146,4523184.12,NASDAQ Capital Market,NASDAQ,US,Healthcare,Medical - Devices,False,False,True,,outside_core_rank
GLAD,Gladstone Capital Corporation,421812598,18.67,229726,4288984.42,NASDAQ Global Select,NASDAQ,US,Financial Services,Asset Management,False,False,True,,outside_core_rank
ELMT,Elmet Group Co.,417019880,13.91,233074,3242059.34,NASDAQ Capital Market,NASDAQ,US,Industrials,Aerospace & Defense,False,False,True,,outside_core_rank
OCGN,"Ocugen, Inc.",416381883,1.23,4027084,4953313.32,NASDAQ Capital Market,NASDAQ,US,Healthcare,Biotechnology,False,False,True,,outside_core_rank
OVID,Ovid Therapeutics Inc.,414340800,2.22,1735225,3852199.50,NASDAQ Global Select,NASDAQ,US,Healthcare,Biotechnology,False,False,True,,outside_core_rank
SHOE,"Shoe Carnival, Inc. Common Stock",412699882,15.2,333825,5074140.0,NASDAQ Global Market,NASDAQ,US,Consumer Cyclical,Apparel - Retail,False,False,True,,outside_core_rank
SCVL,"Shoe Carnival, Inc.",412699882,15.2,73637,1119282.4,NASDAQ,NASDAQ,US,Consumer Cyclical,Apparel - Retail,False,False,True,,outside_core_rank
SGU,"Star Group, L.P.",411737520,12.54,14653,183748.62,New York Stock Exchange,NYSE,US,Energy,Oil & Gas Refining & Marketing,False,False,True,,outside_core_rank
CLFD,"Clearfield, Inc.",411218270,30.26,195530,5916737.80,NASDAQ Global Market,NASDAQ,US,Technology,Communication Equipment,False,False,True,,outside_core_rank
USNA,"USANA Health Sciences, Inc.",408217173,22.11,51040,1128494.40,New York Stock Exchange,NYSE,US,Consumer Defensive,Household & Personal Products,False,False,True,,outside_core_rank
FPI,Farmland Partners Inc.,407820820,9.35,424528,3969336.80,New York Stock Exchange,NYSE,US,Real Estate,REIT - Specialty,False,False,True,,outside_core_rank
IMSR,Terrestrial Energy Inc.,406148164,4.91,8234425,40431026.75,NASDAQ Global Market,NASDAQ,US,Utilities,Regulated Electric,False,False,True,,outside_core_rank
PKBK,"Parke Bancorp, Inc.",404424688,34.15,37065,1265769.75,NASDAQ Capital Market,NASDAQ,US,Financial Services,Banks - Regional,False,False,True,,outside_core_rank
PBYI,"Puma Biotechnology, Inc.",403632686,7.93,245268,1944975.24,NASDAQ Global Select,NASDAQ,US,Healthcare,Biotechnology,False,False,True,,outside_core_rank
CCAP,"Crescent Capital BDC, Inc.",402726780,10.93,170826,1867128.18,NASDAQ Global Market,NASDAQ,US,Financial Services,Asset Management,False,False,True,,outside_core_rank
BNTC,Benitec Biopharma Inc.,402288853,11.71,107252,1255920.92,NASDAQ Capital Market,NASDAQ,US,Healthcare,Biotechnology,False,False,True,,outside_core_rank
HNST,"The Honest Company, Inc.",401786945,3.65,992925,3624176.25,NASDAQ Global Select,NASDAQ,US,Consumer Defensive,Household & Personal Products,False,False,True,,outside_core_rank
NATH,"Nathan's Famous, Inc.",401702075,98.11,17136,1681212.96,NASDAQ Global Select,NASDAQ,US,Consumer Cyclical,Restaurants,False,False,True,,outside_core_rank
USCB,"USCB Financial Holdings, Inc.",401257883,21.97,54654,1200748.38,NASDAQ,NASDAQ,US,Financial Services,Banks - Regional,False,False,True,,outside_core_rank
SWMR,"Swarmer, Inc Common Stock",399230753,36.77,207357,7624516.89,NASDAQ Capital Market,NASDAQ,US,Technology,Software - Infrastructure,False,False,True,,outside_core_rank
ASMB,"Assembly Biosciences, Inc.",399070744,25.11,99991,2510774.01,NASDAQ Global Select,NASDAQ,US,Healthcare,Biotechnology,False,False,True,,outside_core_rank
CBIO,"Crescent Biopharma, Inc.",398965393,14.47,291144,4212853.68,NASDAQ Capital Market,NASDAQ,US,Healthcare,Biotechnology,False,False,True,,outside_core_rank
FRST,Primis Financial Corp,398555172,16.02,157874,2529141.48,NASDAQ,NASDAQ,US,Financial Services,Banks - Regional,False,False,True,,outside_core_rank
SAV,Saratoga Investment Corp 7.50%,398452542,24.62,12745,313781.90,New York Stock Exchange,NYSE,US,Financial Services,Asset Management,False,False,True,,outside_core_rank
AII,"American Integrity Insurance Group, Inc.",397497657,20.29,85068,1726029.72,New York Stock Exchange,NYSE,US,Financial Services,Insurance - Property & Casualty,False,False,True,,outside_core_rank
LRMR,"Larimar Therapeutics, Inc.",396833060,3.82,994723,3799841.86,NASDAQ Global Market,NASDAQ,US,Healthcare,Biotechnology,False,False,True,,outside_core_rank
PCB,PCB Bancorp,396721089,27.87,66630,1856978.10,NASDAQ,NASDAQ,US,Financial Services,Banks - Regional,False,False,True,,outside_core_rank
HVT,"Haverty Furniture Companies, Inc.",396589498,24.64,36242,893002.88,New York Stock Exchange,NYSE,US,Consumer Cyclical,Home Improvement,False,False,True,,outside_core_rank
FLXS,"Flexsteel Industries, Inc.",396469886,74.03,68167,5046403.01,NASDAQ Global Select,NASDAQ,US,Consumer Cyclical,"Furnishings, Fixtures & Appliances",False,False,True,,outside_core_rank
ORN,"Orion Group Holdings, Inc.",396043887,9.78,1103015,10787486.70,New York Stock Exchange,NYSE,US,Industrials,Engineering & Construction,False,False,True,,outside_core_rank
TMS,Teamshares Inc.,395921757,5.5,195075,1072912.5,NASDAQ,NASDAQ,US,Financial Services,Financial - Conglomerates,False,False,True,,outside_core_rank
TITN,Titan Machinery Inc.,395904038,16.99,313709,5329915.91,NASDAQ Global Select,NASDAQ,US,Industrials,Industrial - Distribution,False,False,True,,outside_core_rank
FNLC,"The First Bancorp, Inc.",395780580,35.1,24707,867215.7,NASDAQ Global Select,NASDAQ,US,Financial Services,Banks - Regional,False,False,True,,outside_core_rank
RMIX,"Suncrete, Inc. Class A Common Stock",395656678,16.89,94520,1596442.80,NASDAQ Global Market,NASDAQ,US,Basic Materials,Construction Materials,False,False,True,,outside_core_rank
GTN,"Gray Media, Inc.",394555050,4.04,601150,2428646.00,New York Stock Exchange,NYSE,US,Communication Services,Broadcasting,False,False,True,,outside_core_rank
MVBF,MVB Financial Corp.,393849435,30.65,45294,1388261.10,NASDAQ Capital Market,NASDAQ,US,Financial Services,Banks - Regional,False,False,True,,outside_core_rank
GBLI,"Global Indemnity Group, LLC",393613990,27.5,6935,190712.5,NASDAQ Global Select,NASDAQ,US,Financial Services,Insurance - Property & Casualty,False,False,True,,outside_core_rank
CYH,"Community Health Systems, Inc.",393415110,2.79,1802811,5029842.69,New York Stock Exchange,NYSE,US,Healthcare,Medical - Care Facilities,False,False,True,,outside_core_rank
CWH,"Camping World Holdings, Inc.",393187463,6.19,2361617,14618409.23,New York Stock Exchange,NYSE,US,Consumer Cyclical,Auto - Dealerships,False,False,True,,outside_core_rank
NEO,"NeoGenomics, Inc.",392876550,15.29,2751034,42063309.86,NASDAQ Capital Market,NASDAQ,US,Healthcare,Medical - Diagnostics & Research,False,False,True,,outside_core_rank
CHMG,Chemung Financial Corporation,392767132,81.49,56799,4628550.51,NASDAQ Global Select,NASDAQ,US,Financial Services,Banks - Regional,False,False,True,,outside_core_rank
ABTC,American Bitcoin Corp,391654328,5.52,1404652,7753679.04,NASDAQ Global Market,NASDAQ,US,Financial Services,Financial - Capital Markets,False,False,True,,outside_core_rank
MCFT,"MasterCraft Boat Holdings, Inc.",389415567,23.92,169235,4048101.20,NASDAQ Global Market,NASDAQ,US,Consumer Cyclical,Auto - Recreational Vehicles,False,False,True,,outside_core_rank
ACCO,ACCO Brands Corporation,389327916,4.22,622556,2627186.32,New York Stock Exchange,NYSE,US,Industrials,Business Equipment & Supplies,False,False,True,,outside_core_rank
CTEV,Claritev Corporation,387155288,22.71,59670,1355105.70,New York Stock Exchange,NYSE,US,Healthcare,Medical - Healthcare Information Services,False,False,True,,outside_core_rank
AIV,Apartment Investment and Management Company,386972640,2.69,466251,1254215.19,New York Stock Exchange,NYSE,US,Real Estate,REIT - Residential,False,False,True,,outside_core_rank
RLGT,"Radiant Logistics, Inc.",385892928,8.24,120514,993035.36,New York Stock Exchange American,AMEX,US,Industrials,Integrated Freight & Logistics,False,False,True,,outside_core_rank
XRX,Xerox Holdings Corporation,385799852,2.95,11664702,34410870.90,NASDAQ Global Select,NASDAQ,US,Technology,Information Technology Services,False,False,True,,outside_core_rank
CRNC,Cerence Inc.,385000056,8.52,608819,5187137.88,NASDAQ Global Select,NASDAQ,US,Technology,Software - Application,False,False,True,,outside_core_rank
CCCC,"C4 Therapeutics, Inc.",384773160,3.48,1947937,6778820.76,NASDAQ Global Select,NASDAQ,US,Healthcare,Biotechnology,False,False,True,,outside_core_rank
EOLS,"Evolus, Inc.",384591746,5.84,608873,3555818.32,NASDAQ Global Market,NASDAQ,US,Healthcare,Drug Manufacturers - Specialty & Generic,False,False,True,,outside_core_rank
ASPN,"Aspen Aerogels, Inc.",383722607,4.63,991256,4589515.28,New York Stock Exchange,NYSE,US,Basic Materials,Chemicals - Specialty,False,False,True,,outside_core_rank
SOR,"Source Capital, Inc.",383398536,46.58,17328,807138.24,New York Stock Exchange,NYSE,US,Financial Services,Asset Management,False,False,True,,outside_core_rank
MNRO,Monro Inc.,382774525,12.25,2016040,24696490.00,NASDAQ,NASDAQ,US,Consumer Cyclical,Auto - Parts,False,False,True,,outside_core_rank
VHI,"Valhi, Inc.",380382818,13.44,6142,82548.48,New York Stock Exchange,NYSE,US,Basic Materials,Chemicals,False,False,True,,outside_core_rank
MGPI,"MGP Ingredients, Inc.",379029145,17.7,149513,2646380.1,NASDAQ Global Select,NASDAQ,US,Consumer Defensive,Beverages - Wineries & Distilleries,False,False,True,,outside_core_rank
FCBM,First Carolina Financial Services,378374358,12.51,83634,1046261.34,New York Stock Exchange,NYSE,US,Financial Services,Banks - Regional,False,False,True,,outside_core_rank
PLAY,"Dave & Buster's Entertainment, Inc.",377109443,10.84,1016317,11016876.28,NASDAQ Global Select,NASDAQ,US,Consumer Cyclical,Leisure,False,False,True,,outside_core_rank
RBBN,Ribbon Communications Inc.,376937603,2.14,788956,1688365.84,NASDAQ Global Select,NASDAQ,US,Technology,Software - Application,False,False,True,,outside_core_rank
BBBY,Bed Bath & Beyond Inc.,376915335,5.05,1599843,8079207.15,New York Stock Exchange,NYSE,US,Consumer Cyclical,Specialty Retail,False,False,True,,outside_core_rank
AVIR,"Atea Pharmaceuticals, Inc.",376127365,4.7,467754,2198443.8,NASDAQ,NASDAQ,US,Healthcare,Biotechnology,False,False,True,,outside_core_rank
NCMI,"National CineMedia, Inc.",376058959,4.01,251870,1009998.70,NASDAQ,NASDAQ,US,Communication Services,Advertising Agencies,False,False,True,,outside_core_rank
RNGR,"Ranger Energy Services, Inc.",375602469,16.05,207583,3331707.15,New York Stock Exchange,NYSE,US,Energy,Oil & Gas Equipment & Services,False,False,True,,outside_core_rank
XFOR,"X4 Pharmaceuticals, Inc.",375392390,3.98,412726,1642649.48,NASDAQ Capital Market,NASDAQ,US,Healthcare,Biotechnology,False,False,True,,outside_core_rank
SPIR,"Spire Global, Inc.",372866823,11.46,460975,5282773.50,New York Stock Exchange,NYSE,US,Industrials,Specialty Business Services,False,False,True,,outside_core_rank
EBS,Emergent BioSolutions Inc.,372525286,7.22,383283,2767303.26,New York Stock Exchange,NYSE,US,Healthcare,Biotechnology,False,False,True,,outside_core_rank
CZFS,"Citizens Financial Services, Inc.",372478639,77.52,28818,2233971.36,NASDAQ Capital Market,NASDAQ,US,Financial Services,Banks - Regional,False,False,True,,outside_core_rank
XPER,Xperi Inc.,372172926,7.71,203023,1565307.33,New York Stock Exchange,NYSE,US,Technology,Software - Application,False,False,True,,outside_core_rank
WEYS,"Weyco Group, Inc.",371755800,39,12935,504465,NASDAQ Global Select,NASDAQ,US,Consumer Cyclical,Apparel - Footwear & Accessories,False,False,True,,outside_core_rank
BMBL,Bumble Inc.,371728829,2.85,1854077,5284119.45,NASDAQ Global Select,NASDAQ,US,Communication Services,Internet Content & Information,False,False,True,,outside_core_rank
MOBI,"Mobia Medical, Inc. Common Stock",371723887,11.18,85851,959814.18,NASDAQ Global Select,NASDAQ,US,Healthcare,Medical - Specialties,False,False,True,,outside_core_rank
LVWR,"LiveWire Group, Inc.",370618912,1.81,3063268,5544515.08,New York Stock Exchange,NYSE,US,Consumer Cyclical,Auto - Manufacturers,False,False,True,,outside_core_rank
WSBF,"Waterstone Financial, Inc.",370449243,20.52,62072,1273717.44,NASDAQ Global Select,NASDAQ,US,Financial Services,Banks - Regional,False,False,True,,outside_core_rank
NWFL,Norwood Financial Corp.,370174893,33.99,40941,1391584.59,NASDAQ Global Market,NASDAQ,US,Financial Services,Banks - Regional,False,False,True,,outside_core_rank
LE,"Lands' End, Inc.",369505221,12.02,166277,1998649.54,NASDAQ Capital Market,NASDAQ,US,Consumer Cyclical,Apparel - Retail,False,False,True,,outside_core_rank
FPH,"Five Point Holdings, LLC",368960380,5.19,224475,1165025.25,New York Stock Exchange,NYSE,US,Real Estate,Real Estate - Development,False,False,True,,outside_core_rank
NECB,"Northeast Community Bancorp, Inc.",368871180,26.7,33795,902326.5,NASDAQ Capital Market,NASDAQ,US,Financial Services,Banks - Regional,False,False,True,,outside_core_rank
ALTO,"Alto Ingredients, Inc.",368829328,4.76,1718550,8180298.00,NASDAQ Capital Market,NASDAQ,US,Basic Materials,Chemicals - Specialty,False,False,True,,outside_core_rank
SLP,"Simulations Plus, Inc.",368698797,18.23,377352,6879126.96,NASDAQ Global Select,NASDAQ,US,Technology,Software - Application,False,False,True,,outside_core_rank
RCKY,"Rocky Brands, Inc.",368320022,48.84,96976,4736307.84,NASDAQ Global Select,NASDAQ,US,Consumer Cyclical,Apparel - Footwear & Accessories,False,False,True,,outside_core_rank
BETR,Better Home & Finance Holding Company,368224273,23.5,386595,9084982.5,NASDAQ Global Market,NASDAQ,US,Financial Services,Financial - Mortgages,False,False,True,,outside_core_rank
GNE,Genie Energy Ltd.,367299629,13.91,60901,847132.91,New York Stock Exchange,NYSE,US,Utilities,Regulated Electric,False,False,True,,outside_core_rank
STRT,Strattec Security Corporation,367274732,87.89,84504,7427056.56,NASDAQ Global Market,NASDAQ,US,Consumer Cyclical,Auto - Parts,False,False,True,,outside_core_rank
ENTA,"Enanta Pharmaceuticals, Inc.",366387840,12.6,136501,1719912.6,NASDAQ Global Select,NASDAQ,US,Healthcare,Biotechnology,False,False,True,,outside_core_rank
ATNI,"ATN International, Inc.",366218110,23.81,75354,1794178.74,NASDAQ Global Select,NASDAQ,US,Communication Services,Telecommunications Services,False,False,True,,outside_core_rank
ABEO,Abeona Therapeutics Inc.,365908824,6.42,649748,4171382.16,NASDAQ Capital Market,NASDAQ,US,Healthcare,Biotechnology,False,False,True,,outside_core_rank
MRLN,"Merlin, Inc.",363895676,3.77,930703,3508750.31,NASDAQ Global Market,NASDAQ,US,Industrials,Aerospace & Defense,False,False,True,,outside_core_rank
AMCX,AMC Global Media Inc.,363364960,11.2,3207564,35924716.8,NASDAQ,NASDAQ,US,Communication Services,Entertainment,False,False,True,,outside_core_rank
DGXX,Digi Power X Inc.,362639546,3.68,1833376,6746823.68,NASDAQ Capital Market,NASDAQ,US,Financial Services,Asset Management - Cryptocurrency,False,False,True,,outside_core_rank
GEVO,"Gevo, Inc.",360248280,1.48,1953926,2891810.48,NASDAQ Capital Market,NASDAQ,US,Basic Materials,Chemicals - Specialty,False,False,True,,outside_core_rank
XE,"X-Energy, Inc. Class A Common Stock",357985222,16.31,15426187,251601109.97,NASDAQ Global Select,NASDAQ,US,Industrials,Industrial - Machinery,False,False,True,,outside_core_rank
ENHA,Enhanced Group Inc. Class A,357666980,2.78,154986,430861.08,New York Stock Exchange,NYSE,US,Financial Services,Financial - Conglomerates,False,False,True,,outside_core_rank
AVBH,"Avidbank Holdings, Inc.",357249072,32.61,140609,4585259.49,NASDAQ Global Select,NASDAQ,US,Financial Services,Banks - Regional,False,False,True,,outside_core_rank
IMXI,"International Money Express, Inc.",356920675,11.86,1604343,19027507.98,NASDAQ Capital Market,NASDAQ,US,Technology,Software - Infrastructure,False,False,True,,outside_core_rank
ARTNA,Artesian Resources Corporation,354644411,34.35,16452,565126.20,NASDAQ Global Select,NASDAQ,US,Utilities,Regulated Water,False,False,True,,outside_core_rank
NATR,"Nature's Sunshine Products, Inc.",354335151,20.15,92008,1853961.20,NASDAQ Capital Market,NASDAQ,US,Consumer Defensive,Packaged Foods,False,False,True,,outside_core_rank
AKBA,"Akebia Therapeutics, Inc.",354100559,1.32,2029905,2679474.60,NASDAQ Global Market,NASDAQ,US,Healthcare,Biotechnology,False,False,True,,outside_core_rank
NC,"NACCO Industries, Inc.",353259260,47.4,9201,436127.4,New York Stock Exchange,NYSE,US,Energy,Coal,False,False,True,,outside_core_rank
ULH,"Universal Logistics Holdings, Inc.",352826466,13.38,43994,588639.72,NASDAQ Global Select,NASDAQ,US,Industrials,Trucking,False,False,True,,outside_core_rank
TCI,"Transcontinental Realty Investors, Inc.",352397863,40.79,83387,3401355.73,New York Stock Exchange,NYSE,US,Real Estate,Real Estate - Services,False,False,True,,outside_core_rank
RPAY,Repay Holdings Corporation,352347308,4,542720,2170880,NASDAQ Capital Market,NASDAQ,US,Technology,Software - Infrastructure,False,False,True,,outside_core_rank
PESI,"Perma-Fix Environmental Services, Inc.",351978963,16.6,319718,5307318.8,NASDAQ Capital Market,NASDAQ,US,Industrials,Waste Management,False,False,True,,outside_core_rank
TSBK,"Timberland Bancorp, Inc.",350927133,44.83,69251,3104522.33,NASDAQ,NASDAQ,US,Financial Services,Banks - Regional,False,False,True,,outside_core_rank
AIAI,AIAI Holdings Corporation Class A Common Stock,350866810,4.99,127928,638360.72,NASDAQ Global Market,NASDAQ,US,Industrials,Conglomerates,False,False,True,,outside_core_rank
LAND,Gladstone Land Corporation,349837607,8.11,970493,7870698.23,NASDAQ Global Market,NASDAQ,US,Real Estate,REIT - Industrial,False,False,True,,outside_core_rank
CIX,CompX International Inc.,348866961,28.31,3706,104916.86,New York Stock Exchange American,AMEX,US,Industrials,Security & Protection Services,False,False,True,,outside_core_rank
REAX,The Real Brokerage Inc.,348710624,1.6,4844571,7751313.6,NASDAQ Capital Market,NASDAQ,US,Real Estate,Real Estate - Services,False,False,True,,outside_core_rank
TWFG,"TWFG, Inc. Common Stock",348322602,26.8,61464,1647235.2,NASDAQ Global Select,NASDAQ,US,Financial Services,Insurance - Brokers,False,False,True,,outside_core_rank
EVH,"Evolent Health, Inc.",347566497,3.09,4524013,13979200.17,New York Stock Exchange,NYSE,US,Healthcare,Medical - Healthcare Information Services,False,False,True,,outside_core_rank
CVEO,Civeo Corporation,344823257,31.51,179046,5641739.46,New York Stock Exchange,NYSE,US,Industrials,Specialty Business Services,False,False,True,,outside_core_rank
MLP,"Maui Land & Pineapple Company, Inc.",344452268,17.34,22082,382901.88,New York Stock Exchange,NYSE,US,Real Estate,Real Estate - Development,False,False,True,,outside_core_rank
CMPX,"Compass Therapeutics, Inc.",343968080,1.91,2638275,5039105.25,NASDAQ Capital Market,NASDAQ,US,Healthcare,Biotechnology,False,False,True,,outside_core_rank
UPB,"Upstream Bio, Inc.",343390112,6.31,270425,1706381.75,NASDAQ Global Select,NASDAQ,US,Healthcare,Biotechnology,False,False,True,,outside_core_rank
CARL,"Carlsmed, Inc.",342258306,12.59,79651,1002806.09,NASDAQ,NASDAQ,US,Healthcare,Medical - Devices,False,False,True,,outside_core_rank
DMAC,DiaMedica Therapeutics Inc.,341620122,6.34,93077,590108.18,NASDAQ Capital Market,NASDAQ,US,Healthcare,Biotechnology,False,False,True,,outside_core_rank
MRAM,"Everspin Technologies, Inc.",340693294,14.53,967315,14055086.95,NASDAQ Global Market,NASDAQ,US,Technology,Semiconductors,False,False,True,,outside_core_rank
BIOA,BioAge Labs Inc.,340352700,9.04,9955484,89997575.36,NASDAQ,NASDAQ,US,Healthcare,Biotechnology,False,False,True,,outside_core_rank
ZIP,"ZipRecruiter, Inc.",339893698,3.94,498774,1965169.56,New York Stock Exchange,NYSE,US,Industrials,Staffing & Employment Services,False,False,True,,outside_core_rank
GORO,Gold Resource Corporation,339857440,2.08,1187814,2470653.12,New York Stock Exchange Arca,AMEX,US,Basic Materials,Other Precious Metals,False,False,True,,outside_core_rank
MCI,Barings Corporate Investors,339827692,16.532,21708,358876.656,New York Stock Exchange,NYSE,US,Financial Services,Asset Management,False,False,True,,outside_core_rank
RCKT,"Rocket Pharmaceuticals, Inc.",339591937,3.11,1270002,3949706.22,NASDAQ Global Market,NASDAQ,US,Healthcare,Biotechnology,False,False,True,,outside_core_rank
AIRS,"AirSculpt Technologies, Inc.",339324726,4.81,357334,1718776.54,NASDAQ,NASDAQ,US,Healthcare,Medical - Care Facilities,False,False,True,,outside_core_rank
CLW,Clearwater Paper Corporation,339166877,21.03,152079,3198221.37,New York Stock Exchange,NYSE,US,Basic Materials,"Paper, Lumber & Forest Products",False,False,True,,outside_core_rank
STTK,"Shattuck Labs, Inc.",338675730,7.07,660496,4669706.72,NASDAQ Global Select,NASDAQ,US,Healthcare,Biotechnology,False,False,True,,outside_core_rank
PAMT,Pamt Corp.,337500264,16.115,20868,336287.820,NASDAQ Global Market,NASDAQ,US,Industrials,Trucking,False,False,True,,outside_core_rank
ZNTL,"Zentalis Pharmaceuticals, Inc.",337423290,4.74,940327,4457149.98,NASDAQ,NASDAQ,US,Healthcare,Biotechnology,False,False,True,,outside_core_rank
ELMD,"Electromed, Inc.",337247007,40.73,43272,1762468.56,New York Stock Exchange Arca,AMEX,US,Healthcare,Medical - Devices,False,False,True,,outside_core_rank
SEG,Seaport Entertainment Group Inc.,335794099,26.23,74342,1949990.66,New York Stock Exchange,NYSE,US,Consumer Cyclical,Travel Lodging,False,False,True,,outside_core_rank
FVCB,"FVCBankcorp, Inc.",334560363,18.59,103544,1924882.96,NASDAQ Capital Market,NASDAQ,US,Financial Services,Banks - Regional,False,False,True,,outside_core_rank
PINE,"Alpine Income Property Trust, Inc.",333468628,20.18,173330,3497799.40,New York Stock Exchange,NYSE,US,Real Estate,REIT - Retail,False,False,True,,outside_core_rank
FENC,Fennec Pharmaceuticals Inc.,332433377,9.57,86391,826761.87,NASDAQ Capital Market,NASDAQ,US,Healthcare,Biotechnology,False,False,True,,outside_core_rank
ASPI,ASP Isotopes Inc. Common Stock,332390240,4,2330315,9321260,NASDAQ Global Market,NASDAQ,US,Basic Materials,Chemicals,False,False,True,,outside_core_rank
TLS,Telos Corporation,332197248,4.44,315181,1399403.64,NASDAQ Global Market,NASDAQ,US,Technology,Information Technology Services,False,False,True,,outside_core_rank
ZUMZ,Zumiez Inc.,331876469,19.67,186127,3661118.09,NASDAQ Global Select,NASDAQ,US,Consumer Cyclical,Apparel - Retail,False,False,True,,outside_core_rank
PTLO,Portillo's Inc.,330780978,4.57,712352,3255448.64,NASDAQ Global Select,NASDAQ,US,Consumer Cyclical,Restaurants,False,False,True,,outside_core_rank
BCML,BayCom Corp,329243187,30.18,50191,1514764.38,NASDAQ,NASDAQ,US,Financial Services,Banks - Regional,False,False,True,,outside_core_rank
TWIN,"Twin Disc, Incorporated",328984684,22.81,45728,1043055.68,NASDAQ Global Select,NASDAQ,US,Industrials,Industrial - Machinery,False,False,True,,outside_core_rank
PALI,"Palisade Bio, Inc.",328933475,1.895,1837831,3482689.745,NASDAQ Capital Market,NASDAQ,US,Healthcare,Biotechnology,False,False,True,,outside_core_rank
CV,"CapsoVision, Inc.",328760396,6.58,65974,434108.92,NASDAQ,NASDAQ,US,Healthcare,Medical - Devices,False,False,True,,outside_core_rank
MASS,908 Devices Inc.,328627872,8.01,335294,2685704.94,NASDAQ,NASDAQ,US,Healthcare,Medical - Specialties,False,False,True,,outside_core_rank
COSO,"CoastalSouth Bancshares, Inc.",328208085,27.27,41345,1127478.15,New York Stock Exchange,NYSE,US,Financial Services,Banks - Regional,False,False,True,,outside_core_rank
BRCC,BRC Inc.,327709226,1.03,437125,450238.75,New York Stock Exchange,NYSE,US,Consumer Defensive,Packaged Foods,False,False,True,,outside_core_rank
JMSB,"John Marshall Bancorp, Inc.",327403574,23.2,36780,853296.0,NASDAQ Capital Market,NASDAQ,US,Financial Services,Banks - Regional,False,False,True,,outside_core_rank
ISSC,"Innovative Aerosystems, Inc.",327258343,18.29,253030,4627918.70,NASDAQ Global Select,NASDAQ,US,Industrials,Aerospace & Defense,False,False,True,,outside_core_rank
MTRX,Matrix Service Company,326352080,11.6,212610,2466276.0,NASDAQ Global Select,NASDAQ,US,Industrials,Engineering & Construction,False,False,True,,outside_core_rank
ISTR,Investar Holding Corporation,325650452,30.12,153689,4629112.68,NASDAQ Global Market,NASDAQ,US,Financial Services,Banks - Regional,False,False,True,,outside_core_rank
FNKO,"Funko, Inc.",325544775,5.83,1109566,6468769.78,NASDAQ Global Select,NASDAQ,US,Consumer Cyclical,Leisure,False,False,True,,outside_core_rank
TTGT,"TechTarget, Inc.",324624499,4.49,451127,2025560.23,NASDAQ Global Market,NASDAQ,US,Communication Services,Internet Content & Information,False,False,True,,outside_core_rank
LXEO,"Lexeo Therapeutics, Inc. Common Stock",324294348,4.13,709341,2929578.33,NASDAQ Global Market,NASDAQ,US,Healthcare,Biotechnology,False,False,True,,outside_core_rank
KROS,"Keros Therapeutics, Inc.",322220575,10.07,144092,1451006.44,NASDAQ Global Market,NASDAQ,US,Healthcare,Biotechnology,False,False,True,,outside_core_rank
HLLY,Holley Inc.,321387494,2.67,452042,1206952.14,New York Stock Exchange,NYSE,US,Consumer Cyclical,Auto - Parts,False,False,True,,outside_core_rank
FCCO,First Community Corporation,321034314,34.16,47240,1613718.40,NASDAQ Capital Market,NASDAQ,US,Financial Services,Banks - Regional,False,False,True,,outside_core_rank
BKKT,"Bakkt Holdings, Inc.",319870191,7.17,1027284,7365626.28,New York Stock Exchange,NYSE,US,Technology,Software - Infrastructure,False,False,True,,outside_core_rank
NREF,"NexPoint Real Estate Finance, Inc.",319662572,16.96,34505,585204.80,New York Stock Exchange,NYSE,US,Real Estate,REIT - Mortgage,False,False,True,,outside_core_rank
SERV,Serve Robotics Inc.,318360256,4.78,2218057,10602312.46,NASDAQ Global Select,NASDAQ,US,Industrials,Industrial - Machinery,False,False,True,,outside_core_rank
FSBW,"FS Bancorp, Inc.",318157997,42.91,15581,668580.71,NASDAQ Capital Market,NASDAQ,US,Financial Services,Banks - Regional,False,False,True,,outside_core_rank
LYEL,"Lyell Immunopharma, Inc.",317086393,12.94,125081,1618548.14,NASDAQ,NASDAQ,US,Healthcare,Biotechnology,False,False,True,,outside_core_rank
NNDM,Nano Dimension Ltd.,315760349,1.5,1305683,1958524.5,NASDAQ Capital Market,NASDAQ,US,Technology,Computer Hardware,False,False,True,,outside_core_rank
BRBS,"Blue Ridge Bankshares, Inc.",315590067,3.51,171830,603123.30,New York Stock Exchange American,AMEX,US,Financial Services,Banks - Regional,False,False,True,,outside_core_rank
SCTX,Scribe Therapeutics Inc.,315225555,19.48,96535,1880501.80,NASDAQ,NASDAQ,US,Healthcare,Biotechnology,False,False,True,,outside_core_rank
SBC,SBC Medical Group Holdings Incorporated,314711667,3.06,50686,155099.16,NASDAQ Global Market,NASDAQ,US,Industrials,Consulting Services,False,False,True,,outside_core_rank
AGEN,Agenus Inc.,312318233,7.5,1571330,11784975.0,NASDAQ Capital Market,NASDAQ,US,Healthcare,Biotechnology,False,False,True,,outside_core_rank
JACK,Jack in the Box Inc.,312235094,16.37,597494,9780976.78,NASDAQ Global Select,NASDAQ,US,Consumer Cyclical,Restaurants,False,False,True,,outside_core_rank
CHSCL,CHS Inc.,312076960,25.43,70231,1785974.33,NASDAQ,NASDAQ,US,Consumer Defensive,Agricultural Farm Products,False,False,True,,outside_core_rank
SAR,Saratoga Investment Corp.,311532479,19.1,94147,1798207.7,New York Stock Exchange,NYSE,US,Financial Services,Asset Management,False,False,True,,outside_core_rank
HBB,Hamilton Beach Brands Holding Company,310420521,22.99,13715,315307.85,New York Stock Exchange,NYSE,US,Consumer Cyclical,"Furnishings, Fixtures & Appliances",False,False,True,,outside_core_rank
NODK,"NI Holdings, Inc.",310293771,15.15,18450,279517.50,NASDAQ Capital Market,NASDAQ,US,Financial Services,Insurance - Property & Casualty,False,False,True,,outside_core_rank
SMTI,Sanara MedTech Inc.,310292024,33.86,576473,19519375.78,NASDAQ Capital Market,NASDAQ,US,Healthcare,Medical - Instruments & Supplies,False,False,True,,outside_core_rank
ONIT,Onity Group Inc.,309122252,36.66,58615,2148825.90,New York Stock Exchange,NYSE,US,Financial Services,Financial - Mortgages,False,False,True,,outside_core_rank
VLOS,M3-Brigade Acquisition V Corp. Class A,307912500,10.71,3951,42315.21,NASDAQ,NASDAQ,US,Financial Services,Financial - Conglomerates,False,False,True,,outside_core_rank
DBI,Designer Brands Inc.,306693581,6.04,224253,1354488.12,New York Stock Exchange,NYSE,US,Consumer Cyclical,Apparel - Footwear & Accessories,False,False,True,,outside_core_rank
VNDA,Vanda Pharmaceuticals Inc.,306691366,5.1,539508,2751490.8,NASDAQ Global Market,NASDAQ,US,Healthcare,Biotechnology,False,False,True,,outside_core_rank
IRD,"Opus Genetics, Inc.",306319248,3.71,969831,3598073.01,NASDAQ Global Market,NASDAQ,US,Healthcare,Biotechnology,False,False,True,,outside_core_rank
AIRJ,AirJoule Technologies Corporation,306254487,4.23,784594,3318832.62,NASDAQ Capital Market,NASDAQ,US,Industrials,Electrical Equipment & Parts,False,False,True,,outside_core_rank
FDBC,"Fidelity D & D Bancorp, Inc.",305352468,52.6,16671,876894.6,NASDAQ Global Market,NASDAQ,US,Financial Services,Banks - Regional,False,False,True,,outside_core_rank
ORGO,Organogenesis Holdings Inc.,304958679,2.37,1056958,2504990.46,NASDAQ Capital Market,NASDAQ,US,Healthcare,Drug Manufacturers - Specialty & Generic,False,False,True,,outside_core_rank
MYFW,"First Western Financial, Inc.",303057416,31.15,61254,1908062.10,NASDAQ,NASDAQ,US,Financial Services,Banks - Regional,False,False,True,,outside_core_rank
OSS,"One Stop Systems, Inc.",302925078,12.23,1227877,15016935.71,NASDAQ Capital Market,NASDAQ,US,Technology,Computer Hardware,False,False,True,,outside_core_rank
FNRN,First Northern Community Bancorp,301888910,18.4,86444,1590569.6,NASDAQ Capital Market,NASDAQ,US,Financial Services,Banks - Regional,False,False,True,,outside_core_rank
JAKK,"JAKKS Pacific, Inc.",301331052,26.33,150004,3949605.32,NASDAQ Global Select,NASDAQ,US,Consumer Cyclical,Leisure,False,False,True,,outside_core_rank
GBFH,GBank Financial Holdings Inc.,301272729,20.82,178476,3715870.32,NASDAQ Capital Market,NASDAQ,US,Financial Services,Banks - Regional,False,False,True,,outside_core_rank
VOXR,Vox Royalty Corp.,299722830,4.35,375941,1635343.35,NASDAQ Capital Market,NASDAQ,US,Basic Materials,Other Precious Metals,False,False,True,,outside_core_rank
BKTI,BK Technologies Corporation,299535840,80,22966,1837280,New York Stock Exchange American,AMEX,US,Technology,Communication Equipment,False,False,True,,outside_core_rank
CBNA,"Chain Bridge Bancorp, Inc.",298825101,45.54,29878,1360644.12,New York Stock Exchange,NYSE,US,Financial Services,Banks - Regional,False,False,True,,outside_core_rank
NMRA,"Neumora Therapeutics, Inc. Common Stock",298307626,1.61,1626667,2618933.87,NASDAQ Global Select,NASDAQ,US,Healthcare,Biotechnology,False,False,True,,outside_core_rank
PNRG,PrimeEnergy Resources Corporation,297873800,184.1,87639,16134339.9,NASDAQ,NASDAQ,US,Energy,Oil & Gas Exploration & Production,False,False,True,,outside_core_rank
OFLX,"Omega Flex, Inc.",297378726,29.46,19264,567517.44,NASDAQ Global Market,NASDAQ,US,Industrials,Industrial - Machinery,False,False,True,,outside_core_rank
FWDI,"Forward Industries, Inc.",297225561,4.03,862143,3474436.29,NASDAQ Capital Market,NASDAQ,US,Consumer Cyclical,Personal Products & Services,False,False,True,,outside_core_rank
RM,Regional Management Corp.,297147001,32.27,106074,3423007.98,New York Stock Exchange,NYSE,US,Financial Services,Financial - Credit Services,False,False,True,,outside_core_rank
PSBD,Palmer Square Capital BDC Inc.,296892566,9.54,51145,487923.30,New York Stock Exchange,NYSE,US,Financial Services,Asset Management,False,False,True,,outside_core_rank
CION,CION Investment Corporation,296743692,5.96,708074,4220121.04,New York Stock Exchange,NYSE,US,Financial Services,Asset Management,False,False,True,,outside_core_rank
ALMU,"Aeluma, Inc.",296546411,16.2,540460,8755452.0,NASDAQ Capital Market,NASDAQ,US,Technology,Semiconductors,False,False,True,,outside_core_rank
ASLE,AerSale Corporation,292967360,6.2,215350,1335170.0,NASDAQ Capital Market,NASDAQ,US,Industrials,"Airlines, Airports & Air Services",False,False,True,,outside_core_rank
FOSL,"Fossil Group, Inc.",292552910,4.95,870582,4309380.90,NASDAQ Global Select,NASDAQ,US,Consumer Cyclical,Apparel - Footwear & Accessories,False,False,True,,outside_core_rank
ISBA,Isabella Bank Corporation,291175958,39.71,98089,3895114.19,NASDAQ Capital Market,NASDAQ,US,Financial Services,Banks - Regional,False,False,True,,outside_core_rank
LTBR,Lightbridge Corporation,289612104,8.24,3759319,30976788.56,NASDAQ Capital Market,NASDAQ,US,Industrials,Electrical Equipment & Parts,False,False,True,,outside_core_rank
KINS,"Kingstone Companies, Inc.",289261456,19.97,63339,1264879.83,NASDAQ Capital Market,NASDAQ,US,Financial Services,Insurance - Property & Casualty,False,False,True,,outside_core_rank
AVR,Anteris Technologies Global Corp.,288421534,7.84,1034826,8113035.84,NASDAQ Global Market,NASDAQ,US,Healthcare,Medical - Devices,False,False,True,,outside_core_rank
IKT,"Inhibikase Therapeutics, Inc.",287831938,2.18,367922,802069.96,NASDAQ,NASDAQ,US,Healthcare,Biotechnology,False,False,True,,outside_core_rank
RILY,"BRC Group Holdings, Inc.",287794023,7.16,532153,3810215.48,NASDAQ Global Market,NASDAQ,US,Financial Services,Financial - Conglomerates,False,False,True,,outside_core_rank
FXNC,First National Corporation,287050798,31.75,44583,1415510.25,NASDAQ Capital Market,NASDAQ,US,Financial Services,Banks - Regional,False,False,True,,outside_core_rank
BGS,"B&G Foods, Inc.",286519514,3.53,1704385,6016479.05,New York Stock Exchange,NYSE,US,Consumer Defensive,Packaged Foods,False,False,True,,outside_core_rank
SGHT,"Sight Sciences, Inc.",286196074,5.26,94454,496828.04,NASDAQ Global Select,NASDAQ,US,Healthcare,Medical - Devices,False,False,True,,outside_core_rank
FATE,"Fate Therapeutics, Inc.",285569550,2.45,924829,2265831.05,NASDAQ Global Market,NASDAQ,US,Healthcare,Biotechnology,False,False,True,,outside_core_rank
ABAT,American Battery Technology Company Common Stock,285105260,2.09,5534402,11566900.18,NASDAQ Capital Market,NASDAQ,US,Basic Materials,Industrial Materials,False,False,True,,outside_core_rank
OVLY,Oak Valley Bancorp,284963822,33.87,22032,746223.84,NASDAQ Capital Market,NASDAQ,US,Financial Services,Banks - Regional,False,False,True,,outside_core_rank
FUNC,First United Corporation,284872321,44.14,21090,930912.60,NASDAQ Global Select,NASDAQ,US,Financial Services,Banks - Regional,False,False,True,,outside_core_rank
FRAF,Franklin Financial Services Corporation,283779775,63.16,28765,1816797.40,NASDAQ Capital Market,NASDAQ,US,Financial Services,Banks - Regional,False,False,True,,outside_core_rank
LCNB,LCNB Corp.,282213260,19.81,52509,1040203.29,NASDAQ Capital Market,NASDAQ,US,Financial Services,Banks - Regional,False,False,True,,outside_core_rank
BPRN,Princeton Bancorp Inc.,280891826,41.24,49229,2030203.96,NASDAQ,NASDAQ,US,Financial Services,Banks - Regional,False,False,True,,outside_core_rank
BRT,BRT Apartments Corp.,280640791,14.91,59749,890857.59,New York Stock Exchange,NYSE,US,Real Estate,REIT - Residential,False,False,True,,outside_core_rank
NL,"NLI Holdings, Inc.",280471898,5.74,12665,72697.10,New York Stock Exchange,NYSE,US,Industrials,Security & Protection Services,False,False,True,,outside_core_rank
ALCO,"Alico, Inc.",280040621,37.76,22218,838951.68,NASDAQ Global Select,NASDAQ,US,Consumer Defensive,Agricultural Farm Products,False,False,True,,outside_core_rank
TMCI,"Treace Medical Concepts, Inc.",279602527,4.31,206262,888989.22,NASDAQ,NASDAQ,US,Healthcare,Medical - Devices,False,False,True,,outside_core_rank
OSUR,"OraSure Technologies, Inc.",278836830,4.05,393535,1593816.75,NASDAQ Global Select,NASDAQ,US,Healthcare,Medical - Instruments & Supplies,False,False,True,,outside_core_rank
NEGG,"Newegg Commerce, Inc.",278527057,13.28,47941,636656.48,NASDAQ Capital Market,NASDAQ,US,Consumer Cyclical,Specialty Retail,False,False,True,,outside_core_rank
TSSI,"TSS, Inc.",278493644,9.92,580749,5761030.08,NASDAQ Capital Market,NASDAQ,US,Technology,Information Technology Services,False,False,True,,outside_core_rank
AENT,Alliance Entertainment Holding Corp.,275799636,5.41,46898,253718.18,NASDAQ,NASDAQ,US,Technology,Media & Entertainment,False,False,True,,outside_core_rank
ESCA,"Escalade, Incorporated",274167300,19.86,79694,1582722.84,NASDAQ Global Market,NASDAQ,US,Consumer Cyclical,Leisure,False,False,True,,outside_core_rank
PPHC,"Public Policy Holding Company, Inc.",273214610,10.85,134117,1455169.45,NASDAQ Global Market,NASDAQ,US,Industrials,Consulting Services,False,False,True,,outside_core_rank
TCPC,BlackRock TCP Capital Corp.,272684100,3.25,565334,1837335.50,NASDAQ Global Select,NASDAQ,US,Financial Services,Asset Management,False,False,True,,outside_core_rank
ATLO,Ames National Corporation,270942360,30.59,19842,606966.78,NASDAQ,NASDAQ,US,Financial Services,Banks - Regional,False,False,True,,outside_core_rank
NAGE,Niagen Bioscience Inc,270790712,3.4,648501,2204903.4,NASDAQ Capital Market,NASDAQ,US,Healthcare,Biotechnology,False,False,True,,outside_core_rank
MYGN,"Myriad Genetics, Inc.",270121881,2.86,15094493,43170249.98,NASDAQ,NASDAQ,US,Healthcare,Medical - Diagnostics & Research,False,False,True,,outside_core_rank
HCKT,"The Hackett Group, Inc.",270025008,10.72,327900,3515088.00,NASDAQ Global Select,NASDAQ,US,Technology,Information Technology Services,False,False,True,,outside_core_rank
EGHT,"8x8, Inc.",269385800,1.9,1116706,2121741.4,NASDAQ Global Select,NASDAQ,US,Technology,Software - Application,False,False,True,,outside_core_rank
LCTX,"Lineage Cell Therapeutics, Inc.",269242159,1.08,875630,945680.40,New York Stock Exchange Arca,AMEX,US,Healthcare,Biotechnology,False,False,True,,outside_core_rank
HWBK,"Hawthorn Bancshares, Inc.",269057435,38.99,13082,510067.18,NASDAQ Global Select,NASDAQ,US,Financial Services,Banks - Regional,False,False,True,,outside_core_rank
CFFI,C&F Financial Corporation,268777592,82.59,4878,402874.02,NASDAQ Global Select,NASDAQ,US,Financial Services,Banks - Regional,False,False,True,,outside_core_rank
NSLR,Neostellar Capital Corp.,268702980,10.15,151106,1533725.90,NASDAQ,NASDAQ,US,Financial Services,Asset Management,False,False,True,,outside_core_rank
ESOA,Energy Services of America Corporation,268326184,14.38,223894,3219595.72,NASDAQ Capital Market,NASDAQ,US,Industrials,Engineering & Construction,False,False,True,,outside_core_rank
TKNO,"Alpha Teknova, Inc.",268070000,5,46730,233650,NASDAQ Global Market,NASDAQ,US,Healthcare,Drug Manufacturers - Specialty & Generic,False,False,True,,outside_core_rank
NUAI,"New Era Energy & Digital, Inc.",266891066,4.66,5866712,27338877.92,NASDAQ Global Market,NASDAQ,US,Energy,Oil & Gas Energy,False,False,True,,outside_core_rank
FHTX,Foghorn Therapeutics Inc.,265974067,4.53,157609,713968.77,NASDAQ Global Market,NASDAQ,US,Healthcare,Biotechnology,False,False,True,,outside_core_rank
RELL,"Richardson Electronics, Ltd.",265829549,18.29,201238,3680643.02,NASDAQ,NASDAQ,US,Technology,"Hardware, Equipment & Parts",False,False,True,,outside_core_rank
AVNW,"Aviat Networks, Inc.",265000202,20.48,186708,3823779.84,NASDAQ Global Select,NASDAQ,US,Technology,Communication Equipment,False,False,True,,outside_core_rank
GLOO,"Gloo Holdings, Inc.",264940346,3.23,131522,424816.06,NASDAQ Global Market,NASDAQ,US,Technology,Software - Application,False,False,True,,outside_core_rank
TG,Tredegar Corporation,264877922,7.59,91535,694750.65,New York Stock Exchange,NYSE,US,Basic Materials,Industrial Materials,False,False,True,,outside_core_rank
TRDA,"Entrada Therapeutics, Inc.",263591983,6.79,350339,2378801.81,NASDAQ Global Market,NASDAQ,US,Healthcare,Biotechnology,False,False,True,,outside_core_rank
OPTX,"Syntec Optics Holdings, Inc.",263027603,6.53,314843,2055924.79,NASDAQ Capital Market,NASDAQ,US,Technology,"Hardware, Equipment & Parts",False,False,True,,outside_core_rank
PRLD,Prelude Therapeutics Incorporated,261890774,4.6,285123,1311565.8,NASDAQ Global Select,NASDAQ,US,Healthcare,Biotechnology,False,False,True,,outside_core_rank
ALXO,ALX Oncology Holdings Inc.,261052059,1.94,638174,1238057.56,NASDAQ,NASDAQ,US,Healthcare,Biotechnology,False,False,True,,outside_core_rank
ELDN,"Eledon Pharmaceuticals, Inc.",260894764,3.38,642048,2170122.24,NASDAQ Capital Market,NASDAQ,US,Healthcare,Biotechnology,False,False,True,,outside_core_rank
RR,Richtech Robotics Inc. Class B Common Stock,260798800,1.42,3575538,5077263.96,NASDAQ Capital Market,NASDAQ,US,Industrials,Industrial - Machinery,False,False,True,,outside_core_rank
MBI,MBIA Inc.,260782080,5.12,392799,2011130.88,New York Stock Exchange,NYSE,US,Financial Services,Insurance - Specialty,False,False,True,,outside_core_rank
WNEB,"Western New England Bancorp, Inc.",260218836,12.93,69885,903613.05,NASDAQ Global Select,NASDAQ,US,Financial Services,Banks - Regional,False,False,True,,outside_core_rank
NKSH,"National Bankshares, Inc.",258557446,40.6,46538,1889442.8,NASDAQ,NASDAQ,US,Financial Services,Banks - Regional,False,False,True,,outside_core_rank
CMRC,"Commerce.com, Inc.",258263324,3.13,366166,1146099.58,NASDAQ Global Market,NASDAQ,US,Technology,Software - Application,False,False,True,,outside_core_rank
REI,"Ring Energy, Inc.",258077728,1.24,3627899,4498594.76,New York Stock Exchange American,AMEX,US,Energy,Oil & Gas Exploration & Production,False,False,True,,outside_core_rank
ANIK,"Anika Therapeutics, Inc.",258023584,19.28,166729,3214535.12,NASDAQ Global Select,NASDAQ,US,Healthcare,Medical - Devices,False,False,True,,outside_core_rank
NHP,"National Healthcare Properties, Inc. (NHP)",257945801,15.29,309888,4738187.52,NASDAQ Global Select,NASDAQ,US,Real Estate,REIT - Healthcare Facilities,False,False,True,,outside_core_rank
KWY,Kingsway Corporation,257915097,8.91,47194,420498.54,New York Stock Exchange,NYSE,US,Financial Services,Insurance - Diversified,False,False,True,,outside_core_rank
INBK,First Internet Bancorp,256792863,29.46,272788,8036334.48,NASDAQ,NASDAQ,US,Financial Services,Banks - Regional,False,False,True,,outside_core_rank
SMHI,SEACOR Marine Holdings Inc.,255862304,9.43,96246,907599.78,New York Stock Exchange,NYSE,US,Industrials,Marine Shipping,False,False,True,,outside_core_rank
AVXL,Anavex Life Sciences Corp.,254847335,2.75,1196249,3289684.75,NASDAQ Global Select,NASDAQ,US,Healthcare,Biotechnology,False,False,True,,outside_core_rank
SVCO,"Silvaco Group, Inc. Common Stock",254797334,7.78,342418,2664012.04,NASDAQ Global Select,NASDAQ,US,Technology,Software - Application,False,False,True,,outside_core_rank
OPRT,Oportun Financial Corporation,254300404,5.54,353401,1957841.54,NASDAQ Global Select,NASDAQ,US,Financial Services,Financial - Credit Services,False,False,True,,outside_core_rank
HDSN,"Hudson Technologies, Inc.",254095480,6.04,470221,2840134.84,NASDAQ Capital Market,NASDAQ,US,Basic Materials,Chemicals - Specialty,False,False,True,,outside_core_rank
CURV,Torrid Holdings Inc.,253776972,2.55,267678,682578.90,New York Stock Exchange,NYSE,US,Consumer Cyclical,Apparel - Retail,False,False,True,,outside_core_rank
MPAA,"Motorcar Parts of America, Inc.",253592561,13.4,94261,1263097.4,NASDAQ Global Select,NASDAQ,US,Consumer Cyclical,Auto - Parts,False,False,True,,outside_core_rank
PCYO,Pure Cycle Corporation,253263359,10.51,63389,666218.39,NASDAQ,NASDAQ,US,Utilities,Regulated Water,False,False,True,,outside_core_rank
EDIT,"Editas Medicine, Inc.",252582611,2.58,1174913,3031275.54,NASDAQ,NASDAQ,US,Healthcare,Biotechnology,False,False,True,,outside_core_rank
NUS,"Nu Skin Enterprises, Inc.",251977095,5.19,202099,1048893.81,New York Stock Exchange,NYSE,US,Consumer Defensive,Household & Personal Products,False,False,True,,outside_core_rank
SUJA,"Suja Life, Inc.",251922333,10.59,47128,499085.52,NASDAQ Global Select,NASDAQ,US,Consumer Defensive,Beverages - Non-Alcoholic,False,False,True,,outside_core_rank
CDZI,Cadiz Inc.,251417995,2.99,746361,2231619.39,NASDAQ Global Market,NASDAQ,US,Utilities,Regulated Water,False,False,True,,outside_core_rank
VGZ,Vista Gold Corp.,251070120,1.72,1107928,1905636.16,New York Stock Exchange American,AMEX,US,Basic Materials,Gold,False,False,True,,outside_core_rank
IMMR,Immersion Corporation,250930756,7.56,572532,4328341.92,NASDAQ Global Select,NASDAQ,US,Technology,Software - Application,False,False,True,,outside_core_rank
ALT,"Altimmune, Inc.",250650732,2.84,3793491,10773514.44,NASDAQ Global Market,NASDAQ,US,Healthcare,Biotechnology,False,False,True,,outside_core_rank
DXYZ,Destiny Tech100 Inc.,250564212,23.03,652273,15021847.19,New York Stock Exchange,NYSE,US,Financial Services,Asset Management,False,False,True,,outside_core_rank
MPTI,"M-tron Industries, Inc.",250193497,82.38,349286,28774180.68,New York Stock Exchange American,AMEX,US,Technology,"Hardware, Equipment & Parts",False,False,True,,outside_core_rank
LAW,"CS Disco, Inc.",250124183,3.9,143805,560839.5,New York Stock Exchange,NYSE,US,Technology,Software - Application,False,False,True,,outside_core_rank
FBLA,"FB Bancorp, Inc. Common Stock",249775828,15.455,82143,1269520.065,NASDAQ Global Market,NASDAQ,US,Financial Services,Banks - Regional,False,False,True,,outside_core_rank
CMTG,"Claros Mortgage Trust, Inc.",249719045,1.77,1144017,2024910.09,New York Stock Exchange,NYSE,US,Real Estate,REIT - Mortgage,False,False,True,,outside_core_rank
ARTV,"Artiva Biotherapeutics, Inc.",249643457,10.1,355412,3589661.2,NASDAQ Global Market,NASDAQ,US,Healthcare,Biotechnology,False,False,True,,outside_core_rank
CEPL,"Capstone Energy+, Inc.",249066150,7.73,181784,1405190.32,NASDAQ,NASDAQ,US,Industrials,Electrical Equipment & Parts,False,False,True,,outside_core_rank
TTRX,Turn Therapeutics Inc.,249028014,8.36,46508,388806.88,NASDAQ Global Select,NASDAQ,US,Healthcare,Biotechnology,False,False,True,,outside_core_rank
RXST,"RxSight, Inc.",248793620,6.01,535634,3219160.34,NASDAQ Global Market,NASDAQ,US,Healthcare,Medical - Devices,False,False,True,,outside_core_rank
FLWS,"1-800-FLOWERS.COM, Inc.",248736751,3.9,166667,650001.3,NASDAQ Global Select,NASDAQ,US,Consumer Cyclical,Specialty Retail,False,False,True,,outside_core_rank
POWW,Outdoor Holding Company,248589877,2.14,349437,747795.18,NASDAQ Capital Market,NASDAQ,US,Industrials,Aerospace & Defense,False,False,True,,outside_core_rank
VABK,Virginia National Bankshares Corporation,248323845,45.795,6699,306780.705,NASDAQ Capital Market,NASDAQ,US,Financial Services,Banks - Regional,False,False,True,,outside_core_rank
PDYN,Palladyne AI Corp.,247087166,5.23,539904,2823697.92,NASDAQ Global Market,NASDAQ,US,Technology,Software - Infrastructure,False,False,True,,outside_core_rank
INR,"Infinity Natural Resources, Inc.",246771161,13.16,266574,3508113.84,New York Stock Exchange,NYSE,US,Energy,Oil & Gas Exploration & Production,False,False,True,,outside_core_rank
ARL,"American Realty Investors, Inc.",245833440,15.22,52436,798075.92,New York Stock Exchange,NYSE,US,Real Estate,Real Estate - Services,False,False,True,,outside_core_rank
CNDT,Conduent Incorporated,243501998,1.57,548085,860493.45,NASDAQ Global Select,NASDAQ,US,Technology,Information Technology Services,False,False,True,,outside_core_rank
MNTK,"Montauk Renewables, Inc.",243403348,1.71,148442,253835.82,NASDAQ Capital Market,NASDAQ,US,Utilities,Diversified Utilities,False,False,True,,outside_core_rank
XPOF,"Xponential Fitness, Inc.",243274240,6.52,522305,3405428.60,New York Stock Exchange,NYSE,US,Consumer Cyclical,Leisure,False,False,True,,outside_core_rank
TBCH,Turtle Beach Corporation,243130650,12.25,152132,1863617.00,NASDAQ Global Market,NASDAQ,US,Technology,Consumer Electronics,False,False,True,,outside_core_rank
OSG,"Octave Specialty Group, Inc.",243073397,5.4,331841,1791941.4,New York Stock Exchange,NYSE,US,Financial Services,Insurance - Specialty,False,False,True,,outside_core_rank
FC,Franklin Covey Co.,242254155,21.45,61002,1308492.90,New York Stock Exchange,NYSE,US,Industrials,Consulting Services,False,False,True,,outside_core_rank
PMTS,CPI Card Group Inc.,241791061,21.07,20394,429701.58,NASDAQ Global Market,NASDAQ,US,Financial Services,Financial - Credit Services,False,False,True,,outside_core_rank
LTRX,"Lantronix, Inc.",239994252,5.38,568396,3057970.48,NASDAQ Capital Market,NASDAQ,US,Technology,Communication Equipment,False,False,True,,outside_core_rank
FRD,"Friedman Industries, Incorporated",239825268,33.25,32007,1064232.75,NASDAQ Global Select,NASDAQ,US,Basic Materials,Steel,False,False,True,,outside_core_rank
CIA,"Citizens, Inc.",239118358,4.73,116722,552095.06,New York Stock Exchange,NYSE,US,Financial Services,Insurance - Life,False,False,True,,outside_core_rank
OBIO,"Orchestra BioMed Holdings, Inc.",238325246,3.98,153402,610539.96,NASDAQ Global Market,NASDAQ,US,Healthcare,Biotechnology,False,False,True,,outside_core_rank
RCD,Ready Capital Corporation Notes -15.12.29,237810214,23.09,4840,111755.60,New York Stock Exchange,NYSE,US,Real Estate,REIT - Mortgage,False,False,True,,outside_core_rank
ALMR,"Alamar Biosciences, Inc.",237750000,25.36,153929,3903639.44,NASDAQ Global Select,NASDAQ,US,Healthcare,Biotechnology,False,False,True,,outside_core_rank
ACH,"Accendra Health, Inc.",236643633,3.09,544243,1681710.87,New York Stock Exchange,NYSE,US,Healthcare,Medical - Distribution,False,False,True,,outside_core_rank
ACRE,Ares Commercial Real Estate Corporation,236349486,4.26,761543,3244173.18,New York Stock Exchange,NYSE,US,Real Estate,REIT - Mortgage,False,False,True,,outside_core_rank
QLEP,Quantum Leap Acquisition Corp,236308455,9.99,255520.1001,2552645.799999,New York Stock Exchange,NYSE,US,Financial Services,Financial - Conglomerates,False,False,True,,outside_core_rank
RC,Ready Capital Corporation,236263170,1.43,992925,1419882.75,New York Stock Exchange,NYSE,US,Real Estate,REIT - Mortgage,False,False,True,,outside_core_rank
OABI,"OmniAb, Inc.",235799257,1.98,273311,541155.78,NASDAQ Global Market,NASDAQ,US,Healthcare,Biotechnology,False,False,True,,outside_core_rank
TENX,"Tenax Therapeutics, Inc.",235607120,13.7,1758669,24093765.3,NASDAQ Capital Market,NASDAQ,US,Healthcare,Biotechnology,False,False,True,,outside_core_rank
LOVE,The Lovesac Company,235532146,16.09,172463,2774929.67,NASDAQ Global Market,NASDAQ,US,Consumer Cyclical,"Furnishings, Fixtures & Appliances",False,False,True,,outside_core_rank
LMNR,Limoneira Company,235172131,12.97,72743,943476.71,NASDAQ,NASDAQ,US,Consumer Defensive,Agricultural Farm Products,False,False,True,,outside_core_rank
PEBK,"Peoples Bancorp of North Carolina, Inc.",234844070,43,25285,1087255,NASDAQ Global Market,NASDAQ,US,Financial Services,Banks - Regional,False,False,True,,outside_core_rank
MGNX,"MacroGenics, Inc.",234547839,3.69,402306,1484509.14,NASDAQ,NASDAQ,US,Healthcare,Biotechnology,False,False,True,,outside_core_rank
SIGA,"SIGA Technologies, Inc.",234537797,3.27,653030,2135408.10,NASDAQ Global Market,NASDAQ,US,Healthcare,Drug Manufacturers - Specialty & Generic,False,False,True,,outside_core_rank
STRO,"Sutro Biopharma, Inc.",233899278,24.17,163198,3944495.66,NASDAQ Global Market,NASDAQ,US,Healthcare,Biotechnology,False,False,True,,outside_core_rank
VFF,"Village Farms International, Inc.",233877370,1.92,1298923,2493932.16,NASDAQ Capital Market,NASDAQ,US,Consumer Defensive,Agricultural Farm Products,False,False,True,,outside_core_rank
EIC,Eagle Point Income Company Inc.,233632553,9.97,85703,854458.91,New York Stock Exchange,NYSE,US,Financial Services,Asset Management,False,False,True,,outside_core_rank
MRBK,Meridian Corporation,233525060,19.64,143287,2814156.68,NASDAQ Global Select,NASDAQ,US,Financial Services,Banks - Regional,False,False,True,,outside_core_rank
QUIK,QuickLogic Corporation,232361640,13.11,215890,2830317.90,NASDAQ,NASDAQ,US,Technology,Semiconductors,False,False,True,,outside_core_rank
OPBK,OP Bancorp,232350128,15.6,59067,921445.2,NASDAQ,NASDAQ,US,Financial Services,Banks - Regional,False,False,True,,outside_core_rank
RWAY,Runway Growth Finance Corp.,231856421,5.46,395808,2161111.68,NASDAQ Global Select,NASDAQ,US,Financial Services,Financial - Credit Services,False,False,True,,outside_core_rank
EICA,Eagle Point Income Company Inc.,231712881,24.9699,5716,142727.9484,New York Stock Exchange,NYSE,US,Financial Services,Asset Management - Income,False,False,True,,outside_core_rank
SGMT,Sagimet Biosciences Inc.,231656577,7.11,612650,4355941.50,NASDAQ,NASDAQ,US,Healthcare,Biotechnology,False,False,True,,outside_core_rank
ASUR,"Asure Software, Inc.",230313248,8.03,185865,1492495.95,NASDAQ Capital Market,NASDAQ,US,Technology,Software - Application,False,False,True,,outside_core_rank
MFIN,Medallion Financial Corp.,229740238,9.94,30621,304372.74,NASDAQ Global Select,NASDAQ,US,Financial Services,Financial - Credit Services,False,False,True,,outside_core_rank
ANGI,Angi Inc.,229340160,5.67,694833,3939703.11,NASDAQ Global Select,NASDAQ,US,Communication Services,Internet Content & Information,False,False,True,,outside_core_rank
RNAC,"Cartesian Therapeutics, Inc.",229175700,7.8,139943,1091555.4,NASDAQ,NASDAQ,US,Healthcare,Biotechnology,False,False,True,,outside_core_rank
CFBK,CF Bankshares Inc.,228793040,35.56,56118,1995556.08,NASDAQ Capital Market,NASDAQ,US,Financial Services,Banks - Regional,False,False,True,,outside_core_rank
SPOK,"Spok Holdings, Inc.",227668300,10.9,148227,1615674.3,NASDAQ Global Select,NASDAQ,US,Healthcare,Medical - Healthcare Information Services,False,False,True,,outside_core_rank
CABO,"Cable One, Inc.",226857272,39.99,115122,4603728.78,New York Stock Exchange,NYSE,US,Communication Services,Telecommunications Services,False,False,True,,outside_core_rank
CMTV,Community Bancorp,226166184,40.45,27961,1131022.45,NASDAQ Capital Market,NASDAQ,US,Financial Services,Banks - Regional,False,False,True,,outside_core_rank
ALOT,"AstroNova, Inc.",224979888,28.95,87064,2520502.80,NASDAQ Global Market,NASDAQ,US,Technology,Computer Hardware,False,False,True,,outside_core_rank
CATX,"Perspective Therapeutics, Inc.",224797500,2.91,667276,1941773.16,New York Stock Exchange American,AMEX,US,Healthcare,Medical - Devices,False,False,True,,outside_core_rank
SITC,SITE Centers Corp.,224592461,4.28,703543,3011164.04,New York Stock Exchange,NYSE,US,Real Estate,REIT - Retail,False,False,True,,outside_core_rank
UTMD,"Utah Medical Products, Inc.",224537796,70.52,22522,1588251.44,NASDAQ Global Select,NASDAQ,US,Healthcare,Medical - Instruments & Supplies,False,False,True,,outside_core_rank
SSP,The E.W. Scripps Company,223698761,2.81,416015,1169002.15,NASDAQ Global Select,NASDAQ,US,Communication Services,Broadcasting,False,False,True,,outside_core_rank
FORR,"Forrester Research, Inc.",223238000,11.5,233694,2687481.0,NASDAQ Global Select,NASDAQ,US,Industrials,Consulting Services,False,False,True,,outside_core_rank
CXDO,"Crexendo, Inc.",223017766,6.88,227773,1567078.24,NASDAQ Capital Market,NASDAQ,US,Communication Services,Telecommunications Services,False,False,True,,outside_core_rank
CAPR,"Capricor Therapeutics, Inc.",222960815,3.85,7239812,27873276.20,NASDAQ,NASDAQ,US,Healthcare,Biotechnology,False,False,True,,outside_core_rank
RGCO,"RGC Resources, Inc.",222713138,21.4,16772,358920.8,NASDAQ,NASDAQ,US,Utilities,Regulated Gas,False,False,True,,outside_core_rank
ASYS,"Amtech Systems, Inc.",222420888,15.34,253313,3885821.42,NASDAQ Global Select,NASDAQ,US,Technology,Semiconductors,False,False,True,,outside_core_rank
QMLS,"QumulusAI, Inc. Common Stock",222187214,6.76,196525,1328509.00,NASDAQ,NASDAQ,US,Technology,Software - Infrastructure,False,False,True,,outside_core_rank
MITT,TPG Mortgage Investment Trust Inc,221670221,6.97,322706,2249260.82,New York Stock Exchange,NYSE,US,Real Estate,REIT - Mortgage,False,False,True,,outside_core_rank
CD,Chaince Digital Holdings Inc.,221648199,2.79,112924,315057.96,NASDAQ,NASDAQ,US,Financial Services,Investment - Banking & Investment Services,False,False,True,,outside_core_rank
AOMR,"Angel Oak Mortgage, Inc.",220494626,8.85,41317,365655.45,New York Stock Exchange,NYSE,US,Real Estate,REIT - Mortgage,False,False,True,,outside_core_rank
TARA,"Protara Therapeutics, Inc.",220320464,3.92,292960,1148403.20,NASDAQ Global Market,NASDAQ,US,Healthcare,Biotechnology,False,False,True,,outside_core_rank
EFSI,"Eagle Financial Services, Inc.",219471847,40.55,27296,1106852.80,NASDAQ Capital Market,NASDAQ,US,Financial Services,Banks - Regional,False,False,True,,outside_core_rank
FF,FutureFuel Corp.,217124360,4.95,150811,746514.45,New York Stock Exchange,NYSE,US,Basic Materials,Chemicals - Specialty,False,False,True,,outside_core_rank
SCM,Stellus Capital Investment Corporation,217104405,7.5,246898,1851735.0,New York Stock Exchange,NYSE,US,Financial Services,Asset Management,False,False,True,,outside_core_rank
ACU,Acme United Corporation,216657070,56.86,11855,674075.30,New York Stock Exchange American,AMEX,US,Consumer Defensive,Household & Personal Products,False,False,True,,outside_core_rank
EMBC,Embecta Corp.,215952744,3.64,1214722,4421588.08,NASDAQ Global Select,NASDAQ,US,Healthcare,Drug Manufacturers - Specialty & Generic,False,False,True,,outside_core_rank
TBI,"TrueBlue, Inc.",215261028,7.08,119893,848842.44,New York Stock Exchange,NYSE,US,Industrials,Staffing & Employment Services,False,False,True,,outside_core_rank
PNNT,PennantPark Investment Corporation,214824149,3.29,571344,1879721.76,New York Stock Exchange,NYSE,US,Financial Services,Asset Management,False,False,True,,outside_core_rank
USAU,U.S. Gold Corp.,214185096,12.98,174046,2259117.08,NASDAQ Capital Market,NASDAQ,US,Basic Materials,Gold,False,False,True,,outside_core_rank
ALTG,Alta Equipment Group Inc.,214083853,6.58,172093,1132371.94,New York Stock Exchange,NYSE,US,Industrials,Rental & Leasing Services,False,False,True,,outside_core_rank
SPMC,Sound Point Meridian Capital Inc,212764770,10.36,13646,141372.56,New York Stock Exchange,NYSE,US,Financial Services,Asset Management,False,False,True,,outside_core_rank
CZWI,"Citizens Community Bancorp, Inc.",212170420,22,49135,1080970,NASDAQ Global Market,NASDAQ,US,Financial Services,Banks - Regional,False,False,True,,outside_core_rank
AIRO,"AIRO Group Holdings, Inc. Common Stock",211943641,6.74,397919,2681974.06,NASDAQ Global Market,NASDAQ,US,Industrials,Aerospace & Defense,False,False,True,,outside_core_rank
FCAP,"First Capital, Inc.",211705202,63.28,13678,865543.84,NASDAQ,NASDAQ,US,Financial Services,Banks - Regional,False,False,True,,outside_core_rank
EU,enCore Energy Corp.,211704538,1.09,2927133,3190574.97,NASDAQ Capital Market,NASDAQ,US,Energy,Uranium,False,False,True,,outside_core_rank
LIEN,"Chicago Atlantic BDC, Inc.",211509052,9.24,79249,732260.76,NASDAQ Global Market,NASDAQ,US,Financial Services,Asset Management,False,False,True,,outside_core_rank
SENS,"Senseonics Holdings, Inc.",210223931,5.03,501740,2523752.20,NASDAQ Global Select,NASDAQ,US,Healthcare,Medical - Devices,False,False,True,,outside_core_rank
SNFCA,Security National Financial Corporation,209818034,9.37,44151,413694.87,NASDAQ Global Market,NASDAQ,US,Financial Services,Insurance - Life,False,False,True,,outside_core_rank
CMT,"Core Molding Technologies, Inc.",209677639,23.56,20288,477985.28,New York Stock Exchange American,AMEX,US,Basic Materials,Chemicals - Specialty,False,False,True,,outside_core_rank
UIS,Unisys Corporation,209237838,2.87,1305994,3748202.78,New York Stock Exchange,NYSE,US,Technology,Information Technology Services,False,False,True,,outside_core_rank
GENC,"Gencor Industries, Inc.",208725676,14.24,18041,256903.84,New York Stock Exchange Arca,AMEX,US,Industrials,Industrial - Machinery,False,False,True,,outside_core_rank
UP,Wheels Up Experience Inc.,208496622,5.75,53379,306929.25,New York Stock Exchange,NYSE,US,Industrials,"Airlines, Airports & Air Services",False,False,True,,outside_core_rank
REFI,"Chicago Atlantic Real Estate Finance, Inc.",208028466,9.76,150208,1466030.08,NASDAQ Global Market,NASDAQ,US,Real Estate,REIT - Mortgage,False,False,True,,outside_core_rank
JRVR,"James River Group Holdings, Ltd.",207603483,4.49,180262,809376.38,NASDAQ Global Select,NASDAQ,US,Financial Services,Insurance - Specialty,False,False,True,,outside_core_rank
TRGS,TRG Latin America Acquisitions Corp. Class A Ordinary Shares,206901440,9.92,141786,1406517.12,NASDAQ,NASDAQ,US,Financial Services,Financial - Conglomerates,False,False,True,,outside_core_rank
JILL,"J.Jill, Inc.",206531261,18.22,39967,728198.74,New York Stock Exchange,NYSE,US,Consumer Cyclical,Apparel - Retail,False,False,True,,outside_core_rank
AVTX,"Avalo Therapeutics, Inc.",206117635,18.25,885900,16167675.00,NASDAQ Capital Market,NASDAQ,US,Healthcare,Biotechnology,False,False,True,,outside_core_rank
KLTR,"Kaltura, Inc.",206013397,1.37,144692,198228.04,NASDAQ,NASDAQ,US,Technology,Software - Application,False,False,True,,outside_core_rank
GWRS,"Global Water Resources, Inc.",205947376,7.16,44786,320667.76,NASDAQ Global Market,NASDAQ,US,Utilities,Regulated Water,False,False,True,,outside_core_rank
VNME,Vendome Acquisition Corporation I,205000000,10.25,3122,32000.50,NASDAQ Global Market,NASDAQ,US,Financial Services,Financial - Conglomerates,False,False,True,,outside_core_rank
ONEW,OneWater Marine Inc.,203564375,12.25,126820,1553545.00,NASDAQ Global Market,NASDAQ,US,Consumer Cyclical,Specialty Retail,False,False,True,,outside_core_rank
FOA,Finance of America Companies Inc.,203306968,22.75,34603,787218.25,New York Stock Exchange,NYSE,US,Financial Services,Financial - Credit Services,False,False,True,,outside_core_rank
CPSS,"Consumer Portfolio Services, Inc.",202230952,9.32,20752,193408.64,NASDAQ,NASDAQ,US,Financial Services,Financial - Credit Services,False,False,True,,outside_core_rank
RCMT,"RCM Technologies, Inc.",200508600,28.29,19975,565092.75,NASDAQ Global Market,NASDAQ,US,Industrials,Conglomerates,False,False,True,,outside_core_rank
QTTB,Q32 Bio Inc.,200331929,15.68,386806,6065118.08,NASDAQ Global Market,NASDAQ,US,Healthcare,Biotechnology,False,False,True,,outside_core_rank
ATOM,Atomera Incorporated,199777140,5.16,533856,2754696.96,NASDAQ Capital Market,NASDAQ,US,Technology,Semiconductors,False,False,True,,outside_core_rank
III,"Information Services Group, Inc.",199011380,4.16,122195,508331.20,NASDAQ Global Market,NASDAQ,US,Technology,Information Technology Services,False,False,True,,outside_core_rank
INV,"Innventure, Inc.",198971695,3.22,1131885,3644669.70,NASDAQ Global Market,NASDAQ,US,Financial Services,Asset Management,False,False,True,,outside_core_rank
SSTK,"Shutterstock, Inc.",198385276,5.4,1535538,8291905.2,New York Stock Exchange,NYSE,US,Communication Services,Internet Content & Information,False,False,True,,outside_core_rank
GLSI,"Greenwich LifeSciences, Inc.",198155808,13.5,77411,1045048.5,NASDAQ Capital Market,NASDAQ,US,Healthcare,Biotechnology,False,False,True,,outside_core_rank
OVBC,Ohio Valley Banc Corp.,198144702,42.06,41215,1733502.90,NASDAQ,NASDAQ,US,Financial Services,Banks - Regional,False,False,True,,outside_core_rank
REA,"Rare Earths Americas, Inc.",197878383,9.94,145260,1443884.40,New York Stock Exchange Arca,AMEX,US,Basic Materials,Other Precious Metals,False,False,True,,outside_core_rank
VELO,"Velo3D, Inc.",196483840,10.13,1564381,15847179.53,NASDAQ Capital Market,NASDAQ,US,Industrials,Industrial - Machinery,False,False,True,,outside_core_rank
PPIH,"Perma-Pipe International Holdings, Inc.",196235969,24.15,62754,1515509.10,NASDAQ Global Market,NASDAQ,US,Industrials,Construction,False,False,True,,outside_core_rank
GALT,Galectin Therapeutics Inc.,195594987,2.97,380162,1129081.14,NASDAQ Capital Market,NASDAQ,US,Healthcare,Biotechnology,False,False,True,,outside_core_rank
SRI,"Stoneridge, Inc.",195105232,6.91,272605,1883700.55,New York Stock Exchange,NYSE,US,Consumer Cyclical,Auto - Parts,False,False,True,,outside_core_rank
SMRT,"SmartRent, Inc.",194766450,1.01,541792,547209.92,New York Stock Exchange,NYSE,US,Technology,Software - Application,False,False,True,,outside_core_rank
RNA,"Atrium Therapeutics, Inc.",194149048,11.35,114444,1298939.40,NASDAQ Global Select,NASDAQ,US,Healthcare,Biotechnology,False,False,True,,outside_core_rank
VUZI,Vuzix Corp.,193758741,2.33,639522,1490086.26,NASDAQ,NASDAQ,US,Technology,Consumer Electronics,False,False,True,,outside_core_rank
FULC,"Fulcrum Therapeutics, Inc.",193718733,3.58,3516749,12589961.42,NASDAQ Global Market,NASDAQ,US,Healthcare,Biotechnology,False,False,True,,outside_core_rank
ANTX,"AN2 Therapeutics, Inc.",192686472,5.35,242833,1299156.55,NASDAQ Global Select,NASDAQ,US,Healthcare,Biotechnology,False,False,True,,outside_core_rank
FNWD,Finward Bancorp,192645180,44.46,17969,798901.74,NASDAQ Capital Market,NASDAQ,US,Financial Services,Banks - Regional,False,False,True,,outside_core_rank
SLNH,"Soluna Holdings, Inc.",192451772,1.22,14408238,17578050.36,NASDAQ Capital Market,NASDAQ,US,Technology,"Hardware, Equipment & Parts",False,False,True,,outside_core_rank
GPJA,Georgia Power Company 5% JR SUB NT 77,192361355,20.77,10503,218147.31,New York Stock Exchange,NYSE,US,Utilities,Regulated Electric,False,False,True,,outside_core_rank
RICK,"RCI Hospitality Holdings, Inc.",191800505,25.09,38755,972362.95,NASDAQ Global Market,NASDAQ,US,Consumer Cyclical,Restaurants,False,False,True,,outside_core_rank
SBMT,Silver Bow Mining Corp.,191639965,6.49,34387,223171.63,New York Stock Exchange Arca,AMEX,US,Basic Materials,Other Precious Metals,False,False,True,,outside_core_rank
AREC,American Resources Corporation,191478577,1.79,1430071,2559827.09,NASDAQ Capital Market,NASDAQ,US,Energy,Coal,False,False,True,,outside_core_rank
LCUT,"Lifetime Brands, Inc.",191296350,8.37,148872,1246058.64,NASDAQ Global Select,NASDAQ,US,Consumer Cyclical,"Furnishings, Fixtures & Appliances",False,False,True,,outside_core_rank
LARK,"Landmark Bancorp, Inc.",191097217,31.34,10286,322363.24,NASDAQ Global Market,NASDAQ,US,Financial Services,Banks - Regional,False,False,True,,outside_core_rank
PLX,"Protalix BioTherapeutics, Inc.",190954792,2.37,1193192,2827865.04,New York Stock Exchange Arca,AMEX,US,Healthcare,Biotechnology,False,False,True,,outside_core_rank
STRW,"Strawberry Fields REIT, Inc.",190926394,14.22,41400,588708.00,New York Stock Exchange Arca,AMEX,US,Real Estate,REIT - Healthcare Facilities,False,False,True,,outside_core_rank
HRZN,Horizon Technology Finance Corporation,190634459,4.32,510914,2207148.48,NASDAQ Global Select,NASDAQ,US,Financial Services,Asset Management,False,False,True,,outside_core_rank
WHWK,Whitehawk Therapeutics Inc,190391983,3.85,309556,1191790.60,NASDAQ Global Market,NASDAQ,US,Healthcare,Biotechnology,False,False,True,,outside_core_rank
IMUX,"Immunic, Inc.",190292355,13.97,78776,1100500.72,NASDAQ Global Select,NASDAQ,US,Healthcare,Biotechnology,False,False,True,,outside_core_rank
PAL,"Proficient Auto Logistics, Inc. Common Stock",189947306,6.84,112907,772283.88,NASDAQ Global Select,NASDAQ,US,Industrials,Integrated Freight & Logistics,False,False,True,,outside_core_rank
KRMD,"KORU Medical Systems, Inc.",188784630,4.11,123204,506368.44,NASDAQ Capital Market,NASDAQ,US,Healthcare,Medical - Instruments & Supplies,False,False,True,,outside_core_rank
FINW,FinWise Bancorp,188594560,13.76,31638,435338.88,NASDAQ Global Market,NASDAQ,US,Financial Services,Banks - Regional,False,False,True,,outside_core_rank
CTGO,"Contango Ore, Inc.",188074240,15.4,461218,7102757.2,New York Stock Exchange American,AMEX,US,Basic Materials,Gold,False,False,True,,outside_core_rank
OHAC,Oceanhawk Acquisition Corp. Class A Ordinary Shares,187974900,9.93,37193,369326.49,NASDAQ Global Market,NASDAQ,US,Financial Services,Financial - Conglomerates,False,False,True,,outside_core_rank
HNVR,"Hanover Bancorp, Inc.",187826568,26.245,50067,1314008.415,NASDAQ Global Select,NASDAQ,US,Financial Services,Banks - Regional,False,False,True,,outside_core_rank
RBKB,"Rhinebeck Bancorp, Inc.",187658400,12,320757,3849084,NASDAQ Capital Market,NASDAQ,US,Financial Services,Banks - Regional,False,False,True,,outside_core_rank
EGAN,eGain Corporation,187209552,6.82,102593,699684.26,NASDAQ,NASDAQ,US,Technology,Software - Application,False,False,True,,outside_core_rank
PDEX,"Pro-Dex, Inc.",186999895,58.57,67617,3960327.69,NASDAQ Capital Market,NASDAQ,US,Healthcare,Medical - Instruments & Supplies,False,False,True,,outside_core_rank
EBMT,"Eagle Bancorp Montana, Inc.",186630048,23.43,33810,792168.30,NASDAQ Global Market,NASDAQ,US,Financial Services,Banks - Regional,False,False,True,,outside_core_rank
SRJN,Spire Inc. 6.375% Junior Subord,186080000,23.26,23969,557518.94,New York Stock Exchange,NYSE,US,Utilities,Regulated Gas,False,False,True,,outside_core_rank
CBFV,"CB Financial Services, Inc.",185809704,36.63,5300,194139.00,NASDAQ Global Market,NASDAQ,US,Financial Services,Banks - Regional,False,False,True,,outside_core_rank
SND,"Smart Sand, Inc.",185268285,4.31,340833,1468990.23,NASDAQ,NASDAQ,US,Energy,Oil & Gas Equipment & Services,False,False,True,,outside_core_rank
SGC,"Superior Group of Companies, Inc.",185263481,11.85,39893,472732.05,NASDAQ Global Market,NASDAQ,US,Consumer Cyclical,Apparel - Manufacturers,False,False,True,,outside_core_rank
KGEI,Kolibri Global Energy Inc.,184924174,5.19,97411,505563.09,NASDAQ Capital Market,NASDAQ,US,Energy,Oil & Gas Exploration & Production,False,False,True,,outside_core_rank
INFU,"InfuSystem Holdings, Inc.",184460765,9.14,155594,1422129.16,New York Stock Exchange American,AMEX,US,Healthcare,Medical - Instruments & Supplies,False,False,True,,outside_core_rank
NBP,NovaBridge Biosciences,184425685,1.6,166989,267182.4,NASDAQ Global Market,NASDAQ,US,Healthcare,Biotechnology,False,False,True,,outside_core_rank
INSE,"Inspired Entertainment, Inc.",183526752,6.88,69889,480836.32,NASDAQ Capital Market,NASDAQ,US,Consumer Cyclical,"Gambling, Resorts & Casinos",False,False,True,,outside_core_rank
TPVG,TriplePoint Venture Growth BDC Corp.,183507394,4.52,197892,894471.84,New York Stock Exchange,NYSE,US,Financial Services,Asset Management,False,False,True,,outside_core_rank
VYGR,"Voyager Therapeutics, Inc.",183076500,3.03,416506,1262013.18,NASDAQ Global Select,NASDAQ,US,Healthcare,Biotechnology,False,False,True,,outside_core_rank
RMAX,"RE/MAX Holdings, Inc.",182522398,9.06,372426,3374179.56,New York Stock Exchange,NYSE,US,Real Estate,Real Estate - Services,False,False,True,,outside_core_rank
DHX,"DHI Group, Inc.",181865714,4.21,86076,362379.96,New York Stock Exchange,NYSE,US,Industrials,Staffing & Employment Services,False,False,True,,outside_core_rank
WHG,"Westwood Holdings Group, Inc.",181817290,19.17,37917,726868.89,New York Stock Exchange,NYSE,US,Financial Services,Asset Management,False,False,True,,outside_core_rank
EVI,"EVI Industries, Inc.",181068237,14.07,73342,1031921.94,New York Stock Exchange American,AMEX,US,Industrials,Industrial - Distribution,False,False,True,,outside_core_rank
KVHI,"KVH Industries, Inc.",180549174,9.26,97759,905248.34,NASDAQ,NASDAQ,US,Technology,Communication Equipment,False,False,True,,outside_core_rank
HQI,"HireQuest, Inc.",180108482,12.92,8368,108114.56,NASDAQ,NASDAQ,US,Industrials,Staffing & Employment Services,False,False,True,,outside_core_rank
ECBK,"ECB Bancorp, Inc.",179894084,20.55,17387,357302.85,NASDAQ Capital Market,NASDAQ,US,Financial Services,Banks - Regional,False,False,True,,outside_core_rank
THRY,"Thryv Holdings, Inc.",179616633,4.05,296341,1200181.05,NASDAQ Capital Market,NASDAQ,US,Technology,Software - Application,False,False,True,,outside_core_rank
AMWL,American Well Corporation,179616182,10.75,59869,643591.75,New York Stock Exchange,NYSE,US,Healthcare,Medical - Healthcare Information Services,False,False,True,,outside_core_rank
MDV,Modiv Inc.,178805964,17.32,50108,867870.56,New York Stock Exchange,NYSE,US,Real Estate,REIT - Industrial,False,False,True,,outside_core_rank
GSIT,"GSI Technology, Inc.",178624105,5.61,1093084,6132201.24,NASDAQ Global Select,NASDAQ,US,Technology,Semiconductors,False,False,True,,outside_core_rank
COOK,"Traeger, Inc.",178452919,64.15,77906,4997669.90,New York Stock Exchange,NYSE,US,Consumer Cyclical,"Furnishings, Fixtures & Appliances",False,False,True,,outside_core_rank
BVFL,"BV Financial, Inc.",177855141,20.54,10557,216840.78,NASDAQ,NASDAQ,US,Financial Services,Banks - Regional,False,False,True,,outside_core_rank
ESP,Espey Mfg. & Electronics Corp.,177268586,59.17,35241,2085209.97,New York Stock Exchange Arca,AMEX,US,Industrials,Electrical Equipment & Parts,False,False,True,,outside_core_rank
CVGI,"Commercial Vehicle Group, Inc.",177221301,4.53,533632,2417352.96,NASDAQ,NASDAQ,US,Consumer Cyclical,Auto - Parts,False,False,True,,outside_core_rank
ENO,"Entergy New Orleans, LLC",176563387,20.93,7826,163798.18,New York Stock Exchange,NYSE,US,Utilities,Regulated Electric,False,False,True,,outside_core_rank
EXFY,"Expensify, Inc.",175517371,1.82,438457,797991.74,NASDAQ Global Select,NASDAQ,US,Technology,Software - Application,False,False,True,,outside_core_rank
OZ,"Belpointe PREP, LLC",175414680,45,7190,323550,New York Stock Exchange American,AMEX,US,Real Estate,Real Estate - Development,False,False,True,,outside_core_rank
DERM,Journey Medical Corporation,175313477,6.37,43700,278369.00,NASDAQ Capital Market,NASDAQ,US,Healthcare,Drug Manufacturers - Specialty & Generic,False,False,True,,outside_core_rank
MPV,Barings Participation Investors,175172801,16.26,9813,159559.38,New York Stock Exchange,NYSE,US,Financial Services,Asset Management,False,False,True,,outside_core_rank
EAF,GrafTech International Ltd.,175041780,6.72,357196,2400357.12,New York Stock Exchange,NYSE,US,Industrials,Electrical Equipment & Parts,False,False,True,,outside_core_rank
IPSC,"Century Therapeutics, Inc.",174870166,2.02,447996,904951.92,NASDAQ Global Select,NASDAQ,US,Healthcare,Biotechnology,False,False,True,,outside_core_rank
INGN,"Inogen, Inc.",174630628,6.45,277214,1788030.30,NASDAQ Global Select,NASDAQ,US,Healthcare,Medical - Devices,False,False,True,,outside_core_rank
NNBR,"NN, Inc.",174155339,3.31,781456,2586619.36,NASDAQ Global Select,NASDAQ,US,Industrials,Conglomerates,False,False,True,,outside_core_rank
CNXU,Conexeu Sciences Inc.,173853759,8.31,164795,1369446.45,NASDAQ Capital Market,NASDAQ,US,Healthcare,Biotechnology,False,False,True,,outside_core_rank
BCBP,"BCB Bancorp, Inc.",173457938,9.99,357741,3573832.59,NASDAQ Global Market,NASDAQ,US,Financial Services,Banks - Regional,False,False,True,,outside_core_rank
EMP,"Entergy Mississippi, Inc. 1M BD 66",173327180,20,14647,292940,New York Stock Exchange,NYSE,US,Utilities,Regulated Electric,False,False,True,,outside_core_rank
NLOP,Net Lease Office Properties,173324678,11.7,70508,824943.6,New York Stock Exchange,NYSE,US,Real Estate,REIT - Office,False,False,True,,outside_core_rank
APYX,Apyx Medical Corporation,172652451,4.1,82572,338545.2,NASDAQ,NASDAQ,US,Healthcare,Medical - Specialties,False,False,True,,outside_core_rank
CHRS,"Coherus Oncology, Inc.",172597989,1.41,436921,616058.61,NASDAQ Global Market,NASDAQ,US,Healthcare,Biotechnology,False,False,True,,outside_core_rank
BDSX,"Biodesix, Inc.",172573915,21.2,41800,886160.0,NASDAQ Global Market,NASDAQ,US,Healthcare,Medical - Diagnostics & Research,False,False,True,,outside_core_rank
TLSI,"TriSalus Life Sciences, Inc.",172112122,4.54,189417,859953.18,NASDAQ Global Market,NASDAQ,US,Healthcare,Medical - Devices,False,False,True,,outside_core_rank
LFMD,"LifeMD, Inc.",169268750,3.5,567458,1986103.0,NASDAQ Global Market,NASDAQ,US,Healthcare,Medical - Pharmaceuticals,False,False,True,,outside_core_rank
NUCL,Eagle Nuclear Energy Corp.,168604849,5.7,2147478,12240624.6,NASDAQ Capital Market,NASDAQ,US,Energy,Uranium,False,False,True,,outside_core_rank
TONX,TON Strategy Co.,168461239,2.98,232442,692677.16,NASDAQ Global Market,NASDAQ,US,Technology,Software - Application,False,False,True,,outside_core_rank
PYXS,"Pyxis Oncology, Inc.",167892022,2.65,749031,1984932.15,NASDAQ Global Select,NASDAQ,US,Healthcare,Biotechnology,False,False,True,,outside_core_rank
ALEC,"Alector, Inc.",167647750,1.51,546713,825536.63,NASDAQ Global Select,NASDAQ,US,Healthcare,Biotechnology,False,False,True,,outside_core_rank
ARMP,"Armata Pharmaceuticals, Inc.",166667032,4.54,26370,119719.80,New York Stock Exchange American,AMEX,US,Healthcare,Biotechnology,False,False,True,,outside_core_rank
ORMP,Oramed Pharmaceuticals Inc.,166569150,4.07,207058,842726.06,NASDAQ Capital Market,NASDAQ,US,Healthcare,Biotechnology,False,False,True,,outside_core_rank
CRBP,"Corbus Pharmaceuticals Holdings, Inc.",166194366,8.97,348416,3125291.52,NASDAQ,NASDAQ,US,Healthcare,Biotechnology,False,False,True,,outside_core_rank
LENZ,"LENZ Therapeutics, Inc.",166178288,5.3,864939,4584176.7,NASDAQ Global Select,NASDAQ,US,Healthcare,Biotechnology,False,False,True,,outside_core_rank
SRZN,"Surrozen, Inc.",166073476,22.21,300254,6668641.34,NASDAQ Capital Market,NASDAQ,US,Healthcare,Biotechnology,False,False,True,,outside_core_rank
LFCR,"Lifecore Biomedical, Inc.",165791579,4.42,77798,343867.16,NASDAQ,NASDAQ,US,Healthcare,Drug Manufacturers - Specialty & Generic,False,False,True,,outside_core_rank
TAYD,"Taylor Devices, Inc.",165237019,51.33,17995,923683.35,NASDAQ Capital Market,NASDAQ,US,Industrials,Industrial - Machinery,False,False,True,,outside_core_rank
SBFG,"SB Financial Group, Inc.",164910154,26.28,13299,349497.72,NASDAQ Capital Market,NASDAQ,US,Financial Services,Banks - Regional,False,False,True,,outside_core_rank
BSET,"Bassett Furniture Industries, Incorporated",164247363,18.97,28829,546886.13,NASDAQ Global Select,NASDAQ,US,Consumer Cyclical,"Furnishings, Fixtures & Appliances",False,False,True,,outside_core_rank
MNSB,"MainStreet Bancshares, Inc.",164128166,23.06,34773,801865.38,NASDAQ Capital Market,NASDAQ,US,Financial Services,Banks - Regional,False,False,True,,outside_core_rank
QTRX,Quanterix Corporation,163928814,3.48,414179,1441342.92,NASDAQ Global Market,NASDAQ,US,Healthcare,Medical - Devices,False,False,True,,outside_core_rank
ARCT,Arcturus Therapeutics Holdings Inc.,163716877,5.76,266595,1535587.20,NASDAQ Global Market,NASDAQ,US,Healthcare,Biotechnology,False,False,True,,outside_core_rank
OXSQ,Oxford Square Capital Corp.,162839900,1.55,3442485,5335851.75,NASDAQ Global Market,NASDAQ,US,Financial Services,Asset Management,False,False,True,,outside_core_rank
DOMO,"Domo, Inc.",161520525,3.69,480043,1771358.67,NASDAQ Global Market,NASDAQ,US,Technology,Software - Application,False,False,True,,outside_core_rank
SIF,"SIFCO Industries, Inc.",161231471,25.78,111262,2868334.36,New York Stock Exchange American,AMEX,US,Industrials,Aerospace & Defense,False,False,True,,outside_core_rank
EXOD,"Exodus Movement, Inc.",161141983,5.37,13077,70223.49,New York Stock Exchange American,AMEX,US,Technology,Software - Application,False,False,True,,outside_core_rank
TNXP,Tonix Pharmaceuticals Holding Corp.,159567408,10.01,466402,4668684.02,NASDAQ Capital Market,NASDAQ,US,Healthcare,Biotechnology,False,False,True,,outside_core_rank
BANX,ArrowMark Financial Corp.,159350561,20.4,80862,1649584.8,NASDAQ Global Market,NASDAQ,US,Financial Services,Asset Management,False,False,True,,outside_core_rank
FGBI,"First Guaranty Bancshares, Inc.",157891678,9.59,13453,129014.27,NASDAQ Global Market,NASDAQ,US,Financial Services,Banks - Regional,False,False,True,,outside_core_rank
DUOT,"Duos Technologies Group, Inc.",157776760,8.61,1655417,14253140.37,NASDAQ Capital Market,NASDAQ,US,Technology,Software - Application,False,False,True,,outside_core_rank
RAIL,"FreightCar America, Inc.",157412856,7.97,128733,1026002.01,NASDAQ Global Select,NASDAQ,US,Industrials,Railroads,False,False,True,,outside_core_rank
STRS,Stratus Properties Inc.,156461312,19.6,216791,4249103.6,NASDAQ Global Select,NASDAQ,US,Real Estate,Real Estate - Diversified,False,False,True,,outside_core_rank
ABOS,"Acumen Pharmaceuticals, Inc.",155289340,2.15,259468,557856.20,NASDAQ Global Select,NASDAQ,US,Healthcare,Biotechnology,False,False,True,,outside_core_rank
INTT,inTEST Corporation,155173514,12.35,219196,2707070.60,New York Stock Exchange American,AMEX,US,Technology,Semiconductors,False,False,True,,outside_core_rank
DLTH,Duluth Holdings Inc.,155048454,4.08,23864,97365.12,NASDAQ Global Select,NASDAQ,US,Consumer Cyclical,Apparel - Retail,False,False,True,,outside_core_rank
SHIM,Shimmick Corp.,154927685,3.78,33974,128421.72,NASDAQ,NASDAQ,US,Industrials,Engineering & Construction,False,False,True,,outside_core_rank
AOUT,"American Outdoor Brands, Inc.",154588003,12.36,50635,625848.60,NASDAQ Global Select,NASDAQ,US,Consumer Cyclical,Leisure,False,False,True,,outside_core_rank
HCAT,"Health Catalyst, Inc.",154438460,2.09,398583,833038.47,NASDAQ Global Select,NASDAQ,US,Healthcare,Medical - Healthcare Information Services,False,False,True,,outside_core_rank
BRR,"ProCap Financial, Inc.",153974991,1.7,237262,403345.4,NASDAQ Global Market,NASDAQ,US,Financial Services,Asset Management - Cryptocurrency,False,False,True,,outside_core_rank
TONT,Graf Global Corp. Class A,153207218,10.82,19173,207451.86,New York Stock Exchange Arca,AMEX,US,Financial Services,Financial - Conglomerates,False,False,True,,outside_core_rank
FAC,Factorial Energy Inc.,151800000,5.5,270322,1486771.0,NASDAQ Global Market,NASDAQ,US,Industrials,Electrical Equipment & Parts,False,False,True,,outside_core_rank
RMBI,"Richmond Mutual Bancorporation, Inc.",151699206,15.65,25602,400671.30,NASDAQ Capital Market,NASDAQ,US,Financial Services,Banks - Regional,False,False,True,,outside_core_rank
RGP,"Resources Connection, Inc.",150518532,4.37,482394,2108061.78,NASDAQ,NASDAQ,US,Industrials,Consulting Services,False,False,True,,outside_core_rank
IMDX,Insight Molecular Diagnostics Inc.,150149277,4.65,61406,285537.90,NASDAQ Capital Market,NASDAQ,US,Healthcare,Medical - Diagnostics & Research,False,False,True,,outside_core_rank
HOFT,Hooker Furnishings Corporation,150060851,13.97,80282,1121539.54,NASDAQ Global Select,NASDAQ,US,Consumer Cyclical,"Furnishings, Fixtures & Appliances",False,False,True,,outside_core_rank
IMRX,Immuneering Corporation,149928656,4.13,408736,1688079.68,NASDAQ Global Market,NASDAQ,US,Healthcare,Biotechnology,False,False,True,,outside_core_rank
NKTX,"Nkarta, Inc.",149529798,2.09,681888,1425145.92,NASDAQ,NASDAQ,US,Healthcare,Biotechnology,False,False,True,,outside_core_rank
DIBS,"1stdibs.com, Inc.",149460752,4.23,77297,326966.31,NASDAQ,NASDAQ,US,Consumer Cyclical,Specialty Retail,False,False,True,,outside_core_rank
LGCY,Legacy Education Inc.,149167528,11.79,14069,165873.51,New York Stock Exchange American,AMEX,US,Consumer Defensive,Education & Training Services,False,False,True,,outside_core_rank
DMRC,Digimarc Corp.,146989264,6.56,72278,474143.68,NASDAQ,NASDAQ,US,Technology,Software - Application,False,False,True,,outside_core_rank
AIB,AIB Data Centers Inc.,146640377,1.93,1575773,3041241.89,New York Stock Exchange Arca,AMEX,US,Technology,Software - Services,False,False,True,,outside_core_rank
SKYX,SKYX Platforms Corp.,146587644,1.09,764040,832803.60,NASDAQ Capital Market,NASDAQ,US,Industrials,Electrical Equipment & Parts,False,False,True,,outside_core_rank
BRCB,"Black Rock Coffee Bar, Inc.",145225257,8.06,273915,2207754.90,NASDAQ,NASDAQ,US,Consumer Cyclical,Restaurants,False,False,True,,outside_core_rank
RRGB,"Red Robin Gourmet Burgers, Inc.",145037264,7.84,169855,1331663.20,NASDAQ Global Select,NASDAQ,US,Consumer Cyclical,Restaurants,False,False,True,,outside_core_rank
TYGO,"Tigo Energy, Inc.",144989617,1.91,1950431,3725323.21,NASDAQ,NASDAQ,US,Technology,Solar,False,False,True,,outside_core_rank
CRBU,"Caribou Biosciences, Inc.",144803640,1.46,1127905,1646741.30,NASDAQ Global Select,NASDAQ,US,Healthcare,Biotechnology,False,False,True,,outside_core_rank
DWSN,Dawson Geophysical Company,144706048,4.66,70257,327397.62,NASDAQ Global Select,NASDAQ,US,Energy,Oil & Gas Equipment & Services,False,False,True,,outside_core_rank
CURI,CuriosityStream Inc.,144661744,2.44,186311,454598.84,NASDAQ,NASDAQ,US,Communication Services,Entertainment,False,False,True,,outside_core_rank
AARD,"Aardvark Therapeutics, Inc. Common Stock",144435443,6.6,88168,581908.8,NASDAQ Global Select,NASDAQ,US,Healthcare,Biotechnology,False,False,True,,outside_core_rank
SMID,Smith-Midland Corporation,143993343,27.135,18145,492364.575,NASDAQ Capital Market,NASDAQ,US,Basic Materials,Construction Materials,False,False,True,,outside_core_rank
BREZ,Breeze Acquisition Corp. II,143897100,9.96,75036,747358.56,NASDAQ,NASDAQ,US,Financial Services,Financial - Conglomerates,False,False,True,,outside_core_rank
WW,"WW International, Inc.",143582194,14.36,81055,1163949.80,NASDAQ Global Select,NASDAQ,US,Consumer Cyclical,Personal Products & Services,False,False,True,,outside_core_rank
EML,The Eastern Company,143053185,23.72,4277,101450.44,NASDAQ,NASDAQ,US,Industrials,Manufacturing - Tools & Accessories,False,False,True,,outside_core_rank
MRDN,Meridian Holdings Inc.,142464769,11.27,66705,751765.35,NASDAQ Capital Market,NASDAQ,US,Consumer Cyclical,"Gambling, Resorts & Casinos",False,False,True,,outside_core_rank
SRBK,"SR Bancorp, Inc. Common stock",142105079,19.55,41121,803915.55,NASDAQ Capital Market,NASDAQ,US,Financial Services,Banks - Regional,False,False,True,,outside_core_rank
CHCI,"Comstock Holding Companies, Inc.",141549590,14.1,41531,585587.1,NASDAQ Capital Market,NASDAQ,US,Real Estate,Real Estate - Services,False,False,True,,outside_core_rank
EPSN,Epsilon Energy Ltd.,140449294,5.6,160545,899052.0,NASDAQ Global Market,NASDAQ,US,Energy,Oil & Gas Exploration & Production,False,False,True,,outside_core_rank
AFBI,"Affinity Bancshares, Inc.",140182355,23,10801,248423,NASDAQ,NASDAQ,US,Financial Services,Banks - Regional,False,False,True,,outside_core_rank
ACNT,Ascent Industries Co.,139821186,15.47,34001,525995.47,NASDAQ,NASDAQ,US,Basic Materials,Chemicals,False,False,True,,outside_core_rank
BOOM,DMC Global Inc.,138445666,6.74,240859,1623389.66,NASDAQ Global Select,NASDAQ,US,Energy,Oil & Gas Equipment & Services,False,False,True,,outside_core_rank
HURA,"TuHURA Biosciences, Inc.",138191025,2.17,141800,307706.00,NASDAQ Capital Market,NASDAQ,US,Healthcare,Biotechnology,False,False,True,,outside_core_rank
STIM,"Neuronetics, Inc.",137783844,1.98,1145363,2267818.74,NASDAQ Global Market,NASDAQ,US,Healthcare,Medical - Devices,False,False,True,,outside_core_rank
CVRX,"CVRx, Inc.",137323510,5.175,95398,493684.650,NASDAQ Global Select,NASDAQ,US,Healthcare,Medical - Devices,False,False,True,,outside_core_rank
WHF,"WhiteHorse Finance, Inc.",137127453,6.385,80505,514024.425,NASDAQ Global Select,NASDAQ,US,Financial Services,Asset Management,False,False,True,,outside_core_rank
LSBK,"Lake Shore Bancorp, Inc.",135004104,17.17,4110,70568.70,NASDAQ Global Market,NASDAQ,US,Financial Services,Banks - Regional,False,False,True,,outside_core_rank
HURC,"Hurco Companies, Inc.",134966509,20.84,12121,252601.64,NASDAQ Global Select,NASDAQ,US,Industrials,Industrial - Machinery,False,False,True,,outside_core_rank
PNBK,"Patriot National Bancorp, Inc.",134059339,1.14,313430,357310.20,NASDAQ Global Market,NASDAQ,US,Financial Services,Banks - Regional,False,False,True,,outside_core_rank
UNCY,"Unicycive Therapeutics, Inc.",133767000,5.01,483179,2420726.79,NASDAQ Capital Market,NASDAQ,US,Healthcare,Biotechnology,False,False,True,,outside_core_rank
RFIL,"RF Industries, Ltd.",133644896,12.32,241509,2975390.88,NASDAQ Global Market,NASDAQ,US,Industrials,Electrical Equipment & Parts,False,False,True,,outside_core_rank
ELOX,"Eloxx Pharmaceuticals, Inc.",131996902,17.43,52371,912826.53,NASDAQ Capital Market,NASDAQ,US,Healthcare,Biotechnology,False,False,True,,outside_core_rank
GNLX,Genelux Corporation,131830823,2.94,374931,1102297.14,NASDAQ Global Market,NASDAQ,US,Healthcare,Biotechnology,False,False,True,,outside_core_rank
EPM,Evolution Petroleum Corporation,131822789,3.68,342979,1262162.72,New York Stock Exchange Arca,AMEX,US,Energy,Oil & Gas Exploration & Production,False,False,True,,outside_core_rank
OCC,Optical Cable Corporation,131170587,14.86,221827,3296349.22,NASDAQ Global Market,NASDAQ,US,Technology,Communication Equipment,False,False,True,,outside_core_rank
PLBY,"Playboy, Inc.",128723370,1.11,831827,923327.97,NASDAQ Global Market,NASDAQ,US,Consumer Cyclical,Leisure,False,False,True,,outside_core_rank
ACOG,Alpha Cognition Inc,128599164,8.28,154517,1279400.76,NASDAQ,NASDAQ,US,Healthcare,Biotechnology,False,False,True,,outside_core_rank
TUSK,"Mammoth Energy Services, Inc.",127652215,2.65,230397,610552.05,NASDAQ Global Select,NASDAQ,US,Industrials,Conglomerates,False,False,True,,outside_core_rank
CDXS,"Codexis, Inc.",127191074,1.4,1124321,1574049.4,NASDAQ Global Select,NASDAQ,US,Healthcare,Biotechnology,False,False,True,,outside_core_rank
CNTB,Connect Biopharma Holdings Limited,127186979,2.02,295343,596592.86,NASDAQ Global Market,NASDAQ,US,Healthcare,Biotechnology,False,False,True,,outside_core_rank
CLAR,Clarus Corporation,123397170,3.21,64045,205584.45,NASDAQ Global Select,NASDAQ,US,Consumer Cyclical,Leisure,False,False,True,,outside_core_rank
STXS,"Stereotaxis, Inc.",123396966,1.26,718575,905404.50,New York Stock Exchange Arca,AMEX,US,Healthcare,Medical - Equipment & Services,False,False,True,,outside_core_rank
NCSM,"NCS Multistage Holdings, Inc.",123352440,47,6769,318143,NASDAQ Capital Market,NASDAQ,US,Energy,Oil & Gas Equipment & Services,False,False,True,,outside_core_rank
BOTJ,"Bank of the James Financial Group, Inc.",122851860,27.04,63352,1713038.08,NASDAQ Capital Market,NASDAQ,US,Financial Services,Banks - Regional,False,False,True,,outside_core_rank
KULR,"KULR Technology Group, Inc.",122581487,2.65,721577,1912179.05,New York Stock Exchange American,AMEX,US,Industrials,Industrial - Machinery,False,False,True,,outside_core_rank
SEER,"Seer, Inc.",122059043,2.22,2899719,6437376.18,NASDAQ Global Select,NASDAQ,US,Healthcare,Biotechnology,False,False,True,,outside_core_rank
PEPG,PepGen Inc.,121737810,1.76,295456,520002.56,NASDAQ,NASDAQ,US,Healthcare,Biotechnology,False,False,True,,outside_core_rank
TTEC,"TTEC Holdings, Inc.",121159369,2.49,163745,407725.05,NASDAQ Global Select,NASDAQ,US,Technology,Information Technology Services,False,False,True,,outside_core_rank
HYNE,"Hoyne Bancorp, Inc. Common Stock",121158821,16.26,3592,58405.92,NASDAQ Global Market,NASDAQ,US,Financial Services,Banks - Regional,False,False,True,,outside_core_rank
JYNT,The Joint Corp.,118177233,8.29,24217,200758.93,NASDAQ Capital Market,NASDAQ,US,Healthcare,Medical - Care Facilities,False,False,True,,outside_core_rank
AMPG,"AmpliTech Group, Inc.",117825420,4.65,1033664,4806537.60,NASDAQ Capital Market,NASDAQ,US,Technology,Communication Equipment,False,False,True,,outside_core_rank
WSBK,"Winchester Bancorp, Inc. Common Stock",116489659,13,3942,51246,NASDAQ Global Select,NASDAQ,US,Financial Services,Banks - Regional,False,False,True,,outside_core_rank
ANIX,"Anixa Biosciences, Inc.",116358875,3.42,174814,597863.88,NASDAQ Capital Market,NASDAQ,US,Healthcare,Biotechnology,False,False,True,,outside_core_rank
PLYX,"Polaryx Therapeutics, Inc. Common Stock",115144244,2.31,201634,465774.54,NASDAQ Global Market,NASDAQ,US,Healthcare,Biotechnology,False,False,True,,outside_core_rank
ANNA,"AleAnna, Inc.",115041400,2.81,161451,453677.31,NASDAQ Capital Market,NASDAQ,US,Energy,Oil & Gas Exploration & Production,False,False,True,,outside_core_rank
INSG,Inseego Corp.,114425201,7.03,209936,1475850.08,NASDAQ Global Select,NASDAQ,US,Technology,Communication Equipment,False,False,True,,outside_core_rank
CODA,"Coda Octopus Group, Inc.",114386846,10.14,65947,668702.58,NASDAQ Capital Market,NASDAQ,US,Industrials,Aerospace & Defense,False,False,True,,outside_core_rank
OPRX,OptimizeRx Corp.,113528704,6.05,274437,1660343.85,NASDAQ,NASDAQ,US,Healthcare,Medical - Healthcare Information Services,False,False,True,,outside_core_rank
STHO,Star Holdings,113271784,9.37,15738,147465.06,NASDAQ Global Market,NASDAQ,US,Real Estate,Real Estate - Services,False,False,True,,outside_core_rank
LAKE,"Lakeland Industries, Inc.",112508470,11.4,53070,604998.0,NASDAQ,NASDAQ,US,Consumer Cyclical,Apparel - Footwear & Accessories,False,False,True,,outside_core_rank
MXCT,"MaxCyte, Inc.",112477756,1.05,478180,502089.00,NASDAQ,NASDAQ,US,Healthcare,Biotechnology,False,False,True,,outside_core_rank
SFBC,"Sound Financial Bancorp, Inc.",112355541,47.23,4310,203561.30,NASDAQ,NASDAQ,US,Financial Services,Banks - Regional,False,False,True,,outside_core_rank
BAER,"Bridger Aerospace Group Holdings, Inc. Common Stock",111817024,1.94,328327,636954.38,NASDAQ Global Market,NASDAQ,US,Industrials,Security & Protection Services,False,False,True,,outside_core_rank
PBLS,"Parabilis Medicines, Inc.",111281068,33.98,355915,12093991.70,NASDAQ,NASDAQ,US,Healthcare,Biotechnology,False,False,True,,outside_core_rank
NDLS,Noodles & Company,111099191,18.62,90562,1686264.44,NASDAQ Global Select,NASDAQ,US,Consumer Cyclical,Restaurants,False,False,True,,outside_core_rank
PROV,"Provident Financial Holdings, Inc.",111065534,17.76,4544,80701.44,NASDAQ,NASDAQ,US,Financial Services,Banks - Regional,False,False,True,,outside_core_rank
VANI,"Vivani Medical, Inc.",110380928,1.28,33468,42839.04,NASDAQ Capital Market,NASDAQ,US,Healthcare,Biotechnology,False,False,True,,outside_core_rank
BNC,CEA Industries Inc. Common Stock,109522574,2.66,506574,1347486.84,NASDAQ Global Market,NASDAQ,US,Industrials,Engineering & Construction,False,False,True,,outside_core_rank
XGN,Exagen Inc.,109443894,4.53,105805,479296.65,NASDAQ Global Market,NASDAQ,US,Healthcare,Medical - Diagnostics & Research,False,False,True,,outside_core_rank
RCEL,Avita Medical Inc.,109308760,4.4,119163,524317.2,NASDAQ,NASDAQ,US,Healthcare,Medical - Devices,False,False,True,,outside_core_rank
FNWB,First Northwest Bancorp,108861978,11.46,23681,271384.26,NASDAQ Global Market,NASDAQ,US,Financial Services,Banks - Regional,False,False,True,,outside_core_rank
RVSB,"Riverview Bancorp, Inc.",106851249,5.3,60485,320570.5,NASDAQ,NASDAQ,US,Financial Services,Banks - Regional,False,False,True,,outside_core_rank
UNB,"Union Bankshares, Inc.",106261572,23.03,7288,167842.64,NASDAQ Global Market,NASDAQ,US,Financial Services,Banks - Regional,False,False,True,,outside_core_rank
AMTX,"Aemetis, Inc.",106253380,1.51,569486,859923.86,NASDAQ Global Market,NASDAQ,US,Basic Materials,Chemicals - Specialty,False,False,True,,outside_core_rank
SUNS,"Sunrise Realty Trust, Inc.",105982727,7.84,38002,297935.68,NASDAQ Capital Market,NASDAQ,US,Real Estate,REIT - Mortgage,False,False,True,,outside_core_rank
FBIO,"Fortress Biotech, Inc.",103975695,3.13,642193,2010064.09,NASDAQ Capital Market,NASDAQ,US,Healthcare,Biotechnology,False,False,True,,outside_core_rank
CCLD,"CareCloud, Inc.",103682796,2.44,267709,653209.96,NASDAQ Global Market,NASDAQ,US,Healthcare,Medical - Healthcare Information Services,False,False,True,,outside_core_rank
BYRN,Byrna Technologies Inc.,103254770,4.55,710581,3233143.55,NASDAQ Capital Market,NASDAQ,US,Industrials,Aerospace & Defense,False,False,True,,outside_core_rank
KRRO,"Korro Bio, Inc.",103216416,10.37,112694,1168636.78,NASDAQ Capital Market,NASDAQ,US,Healthcare,Biotechnology,False,False,True,,outside_core_rank
WRAP,"Wrap Technologies, Inc.",102558380,1.84,373855,687893.20,NASDAQ Capital Market,NASDAQ,US,Technology,"Hardware, Equipment & Parts",False,False,True,,outside_core_rank
PODC,"PodcastOne, Inc.",102369040,3.39,44952,152387.28,NASDAQ Capital Market,NASDAQ,US,Communication Services,Internet Content & Information,False,False,True,,outside_core_rank
ICCC,ImmuCell Corporation,101414617,11.21,10144,113714.24,NASDAQ Capital Market,NASDAQ,US,Healthcare,Biotechnology,False,False,True,,outside_core_rank
LODE,Comstock Inc.,101366689,2.74,2081270,5702679.80,New York Stock Exchange American,AMEX,US,Real Estate,Real Estate - Services,False,False,True,,outside_core_rank
PBHC,"Pathfinder Bancorp, Inc.",101039616,16.35,9897,161815.95,NASDAQ Capital Market,NASDAQ,US,Financial Services,Banks - Regional,False,False,True,,outside_core_rank
TRT,Trio-Tech International,100923748,9.98,309174,3085556.52,New York Stock Exchange American,AMEX,US,Technology,Semiconductors,False,False,True,,outside_core_rank
WYY,WidePoint Corporation,100552621,10.17,106526,1083369.42,New York Stock Exchange Arca,AMEX,US,Technology,Information Technology Services,False,False,True,,outside_core_rank
SSTI,"SoundThinking, Inc.",100393012,7.75,45361,351547.75,NASDAQ,NASDAQ,US,Technology,Software - Application,False,False,True,,outside_core_rank
CPIX,Cumberland Pharmaceuticals Inc.,100087108,6.68,109811,733537.48,NASDAQ Global Select,NASDAQ,US,Healthcare,Drug Manufacturers - Specialty & Generic,False,False,True,,outside_core_rank
FJET,Starfighters Space Inc,99934538,3.575,530220,1895536.500,New York Stock Exchange American,AMEX,US,Industrials,Aerospace & Defense,False,False,True,,outside_core_rank
TGEN,Tecogen Inc.,99327601,3.32,70309,233425.88,New York Stock Exchange American,AMEX,US,Industrials,Electrical Equipment & Parts,False,False,True,,outside_core_rank
BTMD,biote Corp.,99241958,2.25,78455,176523.75,NASDAQ Global Market,NASDAQ,US,Healthcare,Medical - Care Facilities,False,False,True,,outside_core_rank
EP,Empire Petroleum Corporation,99082588,2.49,28747,71580.03,New York Stock Exchange American,AMEX,US,Energy,Oil & Gas Exploration & Production,False,False,True,,outside_core_rank
AMAN,Amanat Acquisition Corp Class A Ordinary Shares,98590302,10.21,22151,226161.71,NASDAQ Global Market,NASDAQ,US,Financial Services,Financial - Conglomerates,False,False,True,,outside_core_rank
BUDA,Buda Juice Inc.,97768661,7.78,23427,182262.06,New York Stock Exchange American,AMEX,US,Consumer Defensive,Beverages - Non-Alcoholic,False,False,True,,outside_core_rank
RDZN,"Roadzen, Inc.",97246993,1.15,326191,375119.65,NASDAQ Global Market,NASDAQ,US,Technology,Software - Application,False,False,True,,outside_core_rank
VRA,"Vera Bradley, Inc.",96974439,3.41,213876,729317.16,NASDAQ Global Select,NASDAQ,US,Consumer Cyclical,Apparel - Footwear & Accessories,False,False,True,,outside_core_rank
BDTX,"Black Diamond Therapeutics, Inc.",96839998,1.69,619601,1047125.69,NASDAQ Global Select,NASDAQ,US,Healthcare,Biotechnology,False,False,True,,outside_core_rank
RPID,"Rapid Micro Biosystems, Inc.",96536456,2.13,20557,43786.41,NASDAQ Global Select,NASDAQ,US,Healthcare,Medical - Devices,False,False,True,,outside_core_rank
AMCI,AMC Robotics Corporation,96503550,4.27,137965,589110.55,NASDAQ Capital Market,NASDAQ,US,Technology,Computer Hardware,False,False,True,,outside_core_rank
HSDT,Solana Company,96338014,1.65,29137,48076.05,NASDAQ Capital Market,NASDAQ,US,Healthcare,Medical - Devices,False,False,True,,outside_core_rank
PZG,Paramount Gold Nevada Corp.,96078528,1.12,144160,161459.20,New York Stock Exchange American,AMEX,US,Basic Materials,Gold,False,False,True,,outside_core_rank
COAG,"Hemab Therapeutics Holdings, Inc. Common Stock",95516918,47.55,438338,20842971.90,NASDAQ Global Market,NASDAQ,US,Healthcare,Biotechnology,False,False,True,,outside_core_rank
VIRC,Virco Mfg. Corporation,95163735,6.05,95589,578313.45,NASDAQ Global Market,NASDAQ,US,Consumer Cyclical,"Furnishings, Fixtures & Appliances",False,False,True,,outside_core_rank
GEOS,Geospace Technologies Corporation,94559236,7.31,62292,455354.52,NASDAQ Global Select,NASDAQ,US,Energy,Oil & Gas Equipment & Services,False,False,True,,outside_core_rank
BYFC,Broadway Financial Corp.,93756339,10.11,7087,71649.57,NASDAQ,NASDAQ,US,Financial Services,Banks - Regional,False,False,True,,outside_core_rank
BWEN,"Broadwind, Inc.",93616464,4,689607,2758428,NASDAQ Capital Market,NASDAQ,US,Industrials,Industrial - Machinery,False,False,True,,outside_core_rank
FLYX,"flyExclusive, Inc.",93597691,1.16,409473,474988.68,New York Stock Exchange American,AMEX,US,Industrials,"Airlines, Airports & Air Services",False,False,True,,outside_core_rank
OPHC,"OptimumBank Holdings, Inc.",93239559,7.6,219404,1667470.4,New York Stock Exchange American,AMEX,US,Financial Services,Banks - Regional,False,False,True,,outside_core_rank
FTLF,"FitLife Brands, Inc.",93065524,9.91,5987,59331.17,NASDAQ Capital Market,NASDAQ,US,Consumer Defensive,Packaged Foods,False,False,True,,outside_core_rank
ALDX,Aldeyra The,92894445,1.54,576754,888201.16,NASDAQ,NASDAQ,US,Healthcare,Biotechnology,False,False,True,,outside_core_rank
MHH,"Mastech Digital, Inc.",92746086,7.73,8436.36229,65213.0805017,New York Stock Exchange American,AMEX,US,Industrials,Staffing & Employment Services,False,False,True,,outside_core_rank
FDSB,Fifth District Savings Bank,92714114,17.61,6363,112052.43,NASDAQ Global Market,NASDAQ,US,Financial Services,Banks - Regional,False,False,True,,outside_core_rank
LPA,Logistic Properties of The Americas,92007842,2.91,12878.66133,37476.9044703,New York Stock Exchange Arca,AMEX,US,Real Estate,Real Estate - Development,False,False,True,,outside_core_rank
FRNM,"Freenome, Inc. Common stock",90953248,11.15,1264240,14096276.00,NASDAQ,NASDAQ,US,Financial Services,Financial - Conglomerates,False,False,True,,outside_core_rank
NTHI,"Neonc Technologies Holdings, Inc.",90502212,3.49,63231,220676.19,NASDAQ Global Select,NASDAQ,US,Healthcare,Biotechnology,False,False,True,,outside_core_rank
DTIL,"Precision BioSciences, Inc.",89668796,6.99,204929,1432453.71,NASDAQ Global Select,NASDAQ,US,Healthcare,Biotechnology,False,False,True,,outside_core_rank
BCIC,BCP Investment Corporation,89118000,7.2,42391,305215.2,NASDAQ Global Select,NASDAQ,US,Financial Services,Asset Management,False,False,True,,outside_core_rank
CBUS,"Cibus, Inc.",87790875,1.93,137797,265948.21,NASDAQ,NASDAQ,US,Healthcare,Biotechnology,False,False,True,,outside_core_rank
SLNG,"Stabilis Solutions, Inc.",87774541,4.72,10165,47978.80,NASDAQ Capital Market,NASDAQ,US,Energy,Oil & Gas Integrated,False,False,True,,outside_core_rank
VENU,Venu Holding Corporation,86789566,2.03,541207,1098650.21,New York Stock Exchange American,AMEX,US,Consumer Cyclical,Restaurants,False,False,True,,outside_core_rank
RACD,Research Alliance Corp. Iv,86691250,11.15,8723,97261.45,NASDAQ,NASDAQ,US,Financial Services,Financial - Conglomerates,False,False,True,,outside_core_rank
GRWG,GrowGeneration Corp.,86530896,1.44,168338,242406.72,NASDAQ,NASDAQ,US,Consumer Cyclical,Specialty Retail,False,False,True,,outside_core_rank
ULBI,Ultralife Corporation,86448112,5.19,35524,184369.56,NASDAQ,NASDAQ,US,Industrials,Electrical Equipment & Parts,False,False,True,,outside_core_rank
GLIBA,Liberty Capital Corporation,86308174,23.64,33619,794753.16,NASDAQ Global Market,NASDAQ,US,Communication Services,Telecommunications Services,False,False,True,,outside_core_rank
FATN,"FatPipe, Inc.",85274845,6.08,359060,2183084.80,NASDAQ Capital Market,NASDAQ,US,Technology,Software - Infrastructure,False,False,True,,outside_core_rank
ACET,"Adicet Bio, Inc.",85162466,9.11,123291,1123181.01,NASDAQ Global Market,NASDAQ,US,Healthcare,Biotechnology,False,False,True,,outside_core_rank
OM,"Outset Medical, Inc.",84715182,4.57,72648,332001.36,NASDAQ Global Select,NASDAQ,US,Healthcare,Medical - Devices,False,False,True,,outside_core_rank
VTVT,vTv Therapeutics Inc.,84666905,32.35,136509,4416066.15,NASDAQ Capital Market,NASDAQ,US,Healthcare,Biotechnology,False,False,True,,outside_core_rank
BMEA,"Biomea Fusion, Inc.",84590298,1.17,459011,537042.87,NASDAQ Global Select,NASDAQ,US,Healthcare,Biotechnology,False,False,True,,outside_core_rank
ARQ,"Arq, Inc.",84564728,1.97,183899,362281.03,NASDAQ Global Market,NASDAQ,US,Industrials,Industrial - Pollution & Treatment Controls,False,False,True,,outside_core_rank
RLYB,Rallybio Corporation,84538821,15.93,17819,283856.67,NASDAQ Capital Market,NASDAQ,US,Healthcare,Biotechnology,False,False,True,,outside_core_rank
ROC,Rank One Computing Corp.,84334166,4.42,10844,47930.48,NASDAQ,NASDAQ,US,Technology,Software - Services,False,False,True,,outside_core_rank
SSBI,Summit State Bank,83838372,12.39,21230,263039.70,NASDAQ,NASDAQ,US,Financial Services,Banks - Regional,False,False,True,,outside_core_rank
ISPR,Ispire Technology Inc.,83229123,1.45,20160,29232.00,NASDAQ Capital Market,NASDAQ,US,Consumer Defensive,Tobacco,False,False,True,,outside_core_rank
NAKA,Nakamoto Inc.,82660165,4.75,64367,305743.25,NASDAQ,NASDAQ,US,Financial Services,Financial - Capital Markets,False,False,True,,outside_core_rank
DTI,Drilling Tools International Corp.,82576873,2.35,167574,393798.90,NASDAQ Capital Market,NASDAQ,US,Energy,Oil & Gas Equipment & Services,False,False,True,,outside_core_rank
SPAI,Safe Pro Group Inc. Common Stock,81856703,3.97,40965,162631.05,NASDAQ Capital Market,NASDAQ,US,Industrials,Aerospace & Defense,False,False,True,,outside_core_rank
VNCE,Vince Holding Corp.,81323371,6.33,45406,287419.98,NASDAQ Capital Market,NASDAQ,US,Consumer Cyclical,Apparel - Manufacturers,False,False,True,,outside_core_rank
SOTK,Sono-Tek Corporation,81255458,5.17,27053,139864.01,NASDAQ Capital Market,NASDAQ,US,Industrials,Industrial - Machinery,False,False,True,,outside_core_rank
LFVN,LifeVantage Corporation,81119735,6.43,65686,422360.98,NASDAQ Capital Market,NASDAQ,US,Consumer Defensive,Packaged Foods,False,False,True,,outside_core_rank
HFFG,HF Foods Group Inc.,80213100,1.5,95237,142855.5,NASDAQ Capital Market,NASDAQ,US,Consumer Defensive,Food Distribution,False,False,True,,outside_core_rank
FLL,"Full House Resorts, Inc.",80146092,2.21,314795,695696.95,NASDAQ Capital Market,NASDAQ,US,Consumer Cyclical,"Gambling, Resorts & Casinos",False,False,True,,outside_core_rank
EMPD,Empery Digital Inc.,79832715,2.84,433595,1231409.80,NASDAQ Global Market,NASDAQ,US,Consumer Cyclical,Auto - Manufacturers,False,False,True,,outside_core_rank
CSPI,CSP Inc.,79667938,7.91,15375,121616.25,NASDAQ Global Market,NASDAQ,US,Technology,Information Technology Services,False,False,True,,outside_core_rank
FSEA,First Seacoast Bancorp,79617708,16.97,3383,57409.51,NASDAQ Capital Market,NASDAQ,US,Financial Services,Banks - Regional,False,False,True,,outside_core_rank
SAMG,Silvercrest Asset Management Group Inc.,78969110,10.28,55756,573171.68,NASDAQ Global Market,NASDAQ,US,Financial Services,Asset Management,False,False,True,,outside_core_rank
OPXS,"Optex Systems Holdings, Inc",78576932,11.29,24155,272709.95,NASDAQ Capital Market,NASDAQ,US,Industrials,Aerospace & Defense,False,False,True,,outside_core_rank
CHRN,ChronoScale Corporation,78501261,22.03,113669,2504128.07,NASDAQ Global Market,NASDAQ,US,Technology,Information Technology Services,False,False,True,,outside_core_rank
MBOT,Microbot Medical Inc.,78381143,1.72,305533,525516.76,NASDAQ Capital Market,NASDAQ,US,Healthcare,Medical - Instruments & Supplies,False,False,True,,outside_core_rank
EQ,"Equillium, Inc.",78147210,2.2,725744,1596636.8,NASDAQ Global Market,NASDAQ,US,Healthcare,Biotechnology,False,False,True,,outside_core_rank
NRXS,"NeurAxis, Inc.",77983175,6.25,40423,252643.75,New York Stock Exchange American,AMEX,US,Healthcare,Biotechnology,False,False,True,,outside_core_rank
SERA,"Sera Prognostics, Inc.",77909571,2.04,24130,49225.20,NASDAQ Global Market,NASDAQ,US,Healthcare,Medical - Diagnostics & Research,False,False,True,,outside_core_rank
HNNA,"Hennessy Advisors, Inc.",77680494,9.83,12569,123553.27,NASDAQ Global Market,NASDAQ,US,Financial Services,Asset Management,False,False,True,,outside_core_rank
BDL,"Flanigan's Enterprises, Inc.",77580051,41.74,42290,1765184.60,New York Stock Exchange American,AMEX,US,Consumer Cyclical,Restaurants,False,False,True,,outside_core_rank
ASRV,"AmeriServ Financial, Inc.",77526700,4.57,4686,21415.02,NASDAQ Global Market,NASDAQ,US,Financial Services,Banks - Regional,False,False,True,,outside_core_rank
DFDV,DeFi Development Corp.,77102602,2.56,574778,1471431.68,NASDAQ Global Market,NASDAQ,US,Technology,Software - Infrastructure,False,False,True,,outside_core_rank
COYA,"Coya Therapeutics, Inc.",76294671,4.19,177124,742149.56,NASDAQ Capital Market,NASDAQ,US,Healthcare,Biotechnology,False,False,True,,outside_core_rank
GNSS,Genasys Inc.,76055155,1.67,54778,91479.26,NASDAQ,NASDAQ,US,Technology,Communication Equipment,False,False,True,,outside_core_rank
MAIA,"MAIA Biotechnology, Inc.",76000948,1.25,215373,269216.25,New York Stock Exchange American,AMEX,US,Healthcare,Biotechnology,False,False,True,,outside_core_rank
NEOV,NeoVolta Inc,75651898,2.11,485338,1024063.18,NASDAQ,NASDAQ,US,Industrials,Electrical Equipment & Parts,False,False,True,,outside_core_rank
AIRT,"Air T, Inc.",75528092,28.06,6803,190892.18,NASDAQ Global Market,NASDAQ,US,Industrials,Integrated Freight & Logistics,False,False,True,,outside_core_rank
ATRA,"Atara Biotherapeutics, Inc.",75505225,8.38,33971,284676.98,NASDAQ Global Select,NASDAQ,US,Healthcare,Biotechnology,False,False,True,,outside_core_rank
BEEP,Mobile Infrastructure Corp,75382209,1.83,11129,20366.07,NASDAQ,NASDAQ,US,Real Estate,Real Estate - Services,False,False,True,,outside_core_rank
TZOO,Travelzoo,74322296,7.23,148074,1070575.02,NASDAQ Global Select,NASDAQ,US,Communication Services,Internet Content & Information,False,False,True,,outside_core_rank
AUC,ATIF Holdings Limited Ordinary Shares,74152121,7.1899,15350,110364.9650,NASDAQ Global Market,NASDAQ,US,Financial Services,Investment - Banking & Investment Services,False,False,True,,outside_core_rank
RSSS,"Research Solutions, Inc.",73584570,2.2,33541,73790.2,NASDAQ,NASDAQ,US,Technology,Software - Application,False,False,True,,outside_core_rank
AIRG,"Airgain, Inc.",73392766,5.79,25405,147094.95,NASDAQ Capital Market,NASDAQ,US,Technology,Communication Equipment,False,False,True,,outside_core_rank
CAMP,CAMP4 Therapeutics Corporation,73278769,3.45,90992,313922.40,NASDAQ Global Market,NASDAQ,US,Healthcare,Biotechnology,False,False,True,,outside_core_rank
IDN,"Intellicheck, Inc.",73106832,3.61,122181,441073.41,NASDAQ,NASDAQ,US,Technology,Software - Application,False,False,True,,outside_core_rank
QTI,"QT Imaging Holdings, Inc.",72990460,2.69,17812,47914.28,NASDAQ Global Market,NASDAQ,US,Healthcare,Medical - Devices,False,False,True,,outside_core_rank
NSTS,"NSTS Bancorp, Inc.",72556540,13.79,6630,91427.70,NASDAQ Capital Market,NASDAQ,US,Financial Services,Banks - Regional,False,False,True,,outside_core_rank
AEYE,"AudioEye, Inc.",72336873,5.79,53740,311154.60,NASDAQ,NASDAQ,US,Technology,Software - Application,False,False,True,,outside_core_rank
OCCI,"OFS Credit Company, Inc.",72256104,2.46,251206,617966.76,NASDAQ Capital Market,NASDAQ,US,Financial Services,Asset Management,False,False,True,,outside_core_rank
GOAI,"Eva Live, Inc.",71974718,1.97,231966,456973.02,NASDAQ Capital Market,NASDAQ,US,Technology,Software - Infrastructure,False,False,True,,outside_core_rank
GANX,"Gain Therapeutics, Inc.",71658784,1.68,229917,386260.56,NASDAQ Global Market,NASDAQ,US,Healthcare,Biotechnology,False,False,True,,outside_core_rank
CITR,CitroTech Inc.,71192845,5.71,11601,66241.71,New York Stock Exchange American,AMEX,US,Industrials,Environmental Services,False,False,True,,outside_core_rank
DLHC,DLH Holdings Corp.,70725840,4.88,4160,20300.80,NASDAQ Capital Market,NASDAQ,US,Industrials,Specialty Business Services,False,False,True,,outside_core_rank
BODI,"The Beachbody Company, Inc.",70606712,9.75,13070,127432.50,NASDAQ Capital Market,NASDAQ,US,Consumer Cyclical,Leisure,False,False,True,,outside_core_rank
CUE,"Cue Biopharma, Inc.",70533588,26.84,474880,12745779.20,NASDAQ Capital Market,NASDAQ,US,Healthcare,Biotechnology,False,False,True,,outside_core_rank
LUNG,Pulmonx Corporation,68846636,1.63,1679773,2738029.99,NASDAQ Global Select,NASDAQ,US,Healthcare,Medical - Devices,False,False,True,,outside_core_rank
DTCX,"Datacentrex, Inc.",68417582,1.76,56545,99519.20,NASDAQ Global Market,NASDAQ,US,Technology,Software - Application,False,False,True,,outside_core_rank
FRMM,"Forum Markets, Incorporated",68164348,5.16,85430,440818.80,NASDAQ Global Market,NASDAQ,US,Technology,Software - Application,False,False,True,,outside_core_rank
XBIT,XBiotech Inc.,67987640,2.23,37768,84222.64,NASDAQ Global Select,NASDAQ,US,Healthcare,Biotechnology,False,False,True,,outside_core_rank
SPRO,"Spero Therapeutics, Inc.",67744747,1.17,809382,946976.94,NASDAQ Global Select,NASDAQ,US,Healthcare,Biotechnology,False,False,True,,outside_core_rank
OSTX,OS Therapies Incorporated,67697920,1.52,324798,493692.96,New York Stock Exchange American,AMEX,US,Healthcare,Biotechnology,False,False,True,,outside_core_rank
CNTN,Canton Strategic Holdings Inc,67686434,1.93,1168423,2255056.39,NASDAQ Capital Market,NASDAQ,US,Healthcare,Biotechnology,False,False,True,,outside_core_rank
BRLT,"Brilliant Earth Group, Inc.",67127295,1.05,43496,45670.80,NASDAQ Global Market,NASDAQ,US,Consumer Cyclical,Luxury Goods,False,False,True,,outside_core_rank
GENK,"GEN Restaurant Group, Inc.",66918179,2.03,80369,163149.07,NASDAQ,NASDAQ,US,Consumer Cyclical,Restaurants,False,False,True,,outside_core_rank
FLNT,"Fluent, Inc.",66605845,3.41,7200,24552.00,NASDAQ Global Market,NASDAQ,US,Communication Services,Advertising Agencies,False,False,True,,outside_core_rank
QMCO,Quantum Corporation,66486945,10.64,1378605,14668357.20,NASDAQ Global Market,NASDAQ,US,Technology,Computer Hardware,False,False,True,,outside_core_rank
OPAL,OPAL Fuels Inc.,66466554,2.35,287997,676792.95,NASDAQ Capital Market,NASDAQ,US,Utilities,Regulated Gas,False,False,True,,outside_core_rank
CVU,"CPI Aerostructures, Inc.",66180597,5.01,24655,123521.55,New York Stock Exchange American,AMEX,US,Industrials,Aerospace & Defense,False,False,True,,outside_core_rank
KLRS,Kalaris Therapeutics Inc,65646463,3.51,71780,251947.80,NASDAQ Global Market,NASDAQ,US,Healthcare,Biotechnology,False,False,True,,outside_core_rank
PUSA,"Aureus Greenway Holdings, Inc.",65246140,3.02,224023,676549.46,NASDAQ Global Market,NASDAQ,US,Consumer Cyclical,Leisure,False,False,True,,outside_core_rank
LINK,"Interlink Electronics, Inc.",65047529,4.13,7181,29657.53,NASDAQ,NASDAQ,US,Technology,"Hardware, Equipment & Parts",False,False,True,,outside_core_rank
SIDU,"Sidus Space, Inc.",64930216,1.76,4719174,8305746.24,NASDAQ,NASDAQ,US,Industrials,Aerospace & Defense,False,False,True,,outside_core_rank
PLRX,"Pliant Therapeutics, Inc.",64397008,1.04,334046,347407.84,NASDAQ Global Select,NASDAQ,US,Healthcare,Biotechnology,False,False,True,,outside_core_rank
JFB,JFB Construction Holdings Class A Common Stock,64368151,4.03,634620,2557518.60,NASDAQ Global Select,NASDAQ,US,Real Estate,Real Estate - Development,False,False,True,,outside_core_rank
ACRV,"Acrivon Therapeutics, Inc. Common Stock",64202591,1.5,499502,749253.0,NASDAQ Global Market,NASDAQ,US,Healthcare,Biotechnology,False,False,True,,outside_core_rank
SEAT,Vivid Seats Inc.,63871138,7.7,50384,387956.8,NASDAQ Global Select,NASDAQ,US,Communication Services,Internet Content & Information,False,False,True,,outside_core_rank
INVE,"Identiv, Inc.",63376368,2.64,121248,320094.72,NASDAQ Capital Market,NASDAQ,US,Technology,Computer Hardware,False,False,True,,outside_core_rank
CPSH,CPS Technologies Corporation,63333515,3.92,225966,885786.72,NASDAQ Capital Market,NASDAQ,US,Industrials,Electrical Equipment & Parts,False,False,True,,outside_core_rank
HOUR,"Hour Loop, Inc.",62641564,1.78,21448,38177.44,NASDAQ Capital Market,NASDAQ,US,Consumer Cyclical,Specialty Retail,False,False,True,,outside_core_rank
IMA,ImageneBio Inc,62486214,5.54,7279,40325.66,NASDAQ Global Market,NASDAQ,US,Healthcare,Biotechnology,False,False,True,,outside_core_rank
AFCG,Advanced Flower Capital Inc.,61356479,2.69,53865,144896.85,NASDAQ,NASDAQ,US,Real Estate,REIT - Diversified,False,False,True,,outside_core_rank
INTG,The InterGroup Corporation,61112213,28.44,238681,6788087.64,NASDAQ Capital Market,NASDAQ,US,Consumer Cyclical,Travel Lodging,False,False,True,,outside_core_rank
LNSR,LENSAR Inc,60642543,5.01,109902,550609.02,NASDAQ,NASDAQ,US,Healthcare,Medical - Equipment & Services,False,False,True,,outside_core_rank
IZEA,"IZEA Worldwide, Inc.",60596194,3.46,59559,206074.14,NASDAQ,NASDAQ,US,Communication Services,Advertising Agencies,False,False,True,,outside_core_rank
BPAC,Blueport Acquisition Ltd,60424060,10.16,99717,1013124.72,NASDAQ,NASDAQ,US,Financial Services,Financial - Conglomerates,False,False,True,,outside_core_rank
AISP,"Airship AI Holdings, Inc.",60269234,1.75,354043,619575.25,NASDAQ Global Market,NASDAQ,US,Technology,Software - Infrastructure,False,False,True,,outside_core_rank
HYFT,MindWalk Holdings Corp.,60258307,1.29,175656,226596.24,NASDAQ Global Market,NASDAQ,US,Healthcare,Biotechnology,False,False,True,,outside_core_rank
XLO,"Xilio Therapeutics, Inc.",59899516,9.11,10960,99845.60,NASDAQ Global Select,NASDAQ,US,Healthcare,Biotechnology,False,False,True,,outside_core_rank
BOF,BranchOut Food Inc.,59885677,3.91,25760,100721.60,NASDAQ Capital Market,NASDAQ,US,Consumer Defensive,Packaged Foods,False,False,True,,outside_core_rank
HIT,"Health In Tech, Inc.",59782472,1.11,66112,73384.32,NASDAQ Capital Market,NASDAQ,US,Technology,Software - Application,False,False,True,,outside_core_rank
BSIN,Big Sky Industrial Inc.,59645289,1.14,1231144,1403504.16,NASDAQ Global Market,NASDAQ,US,Energy,Oil & Gas Exploration & Production,False,False,True,,outside_core_rank
GLND,Greenland Energy Company Common Stock,59372374,2.27,912497,2071368.19,NASDAQ Global Market,NASDAQ,US,Energy,Oil & Gas Exploration & Production,False,False,True,,outside_core_rank
GECC,Great Elm Capital Corp.,59272331,5.14,20012,102861.68,NASDAQ Global Market,NASDAQ,US,Financial Services,Asset Management,False,False,True,,outside_core_rank
PMVP,"PMV Pharmaceuticals, Inc.",59198260,1.11,111543,123812.73,NASDAQ Global Select,NASDAQ,US,Healthcare,Biotechnology,False,False,True,,outside_core_rank
USIO,"Usio, Inc.",58779467,2.13,248334,528951.42,NASDAQ Global Market,NASDAQ,US,Technology,Information Technology Services,False,False,True,,outside_core_rank
SPRB,"Spruce Biosciences, Inc.",58764002,42.83,23335,999438.05,NASDAQ Capital Market,NASDAQ,US,Healthcare,Biotechnology,False,False,True,,outside_core_rank
SELF,"Global Self Storage, Inc.",58250670,5.1,20976,106977.6,NASDAQ Capital Market,NASDAQ,US,Real Estate,REIT - Industrial,False,False,True,,outside_core_rank
JRSH,"Jerash Holdings (US), Inc.",58102226,4.575,47877,219037.275,NASDAQ Capital Market,NASDAQ,US,Consumer Cyclical,Apparel - Manufacturers,False,False,True,,outside_core_rank
UEIC,Universal Electronics Inc.,57846783,4.58,8284,37940.72,NASDAQ Global Select,NASDAQ,US,Technology,Consumer Electronics,False,False,True,,outside_core_rank
FGNX,FG Nexus Inc.,57379879,7.25,155483,1127251.75,NASDAQ Global Market,NASDAQ,US,Financial Services,Asset Management - Cryptocurrency,False,False,True,,outside_core_rank
AREN,"The Arena Group Holdings, Inc.",57123348,1.2,47481,56977.2,New York Stock Exchange American,AMEX,US,Communication Services,Internet Content & Information,False,False,True,,outside_core_rank
SGA,"Saga Communications, Inc.",57033043,8.95,6774,60627.30,NASDAQ Global Market,NASDAQ,US,Communication Services,Broadcasting,False,False,True,,outside_core_rank
BNAI,"Brand Engagement Network, Inc.",56921537,11.71,92406,1082074.26,NASDAQ Capital Market,NASDAQ,US,Technology,Software - Infrastructure,False,False,True,,outside_core_rank
ZGM,Zenta Group Company Limited,56682422,4.8,246548,1183430.4,NASDAQ Capital Market,NASDAQ,US,Technology,Software - Services,False,False,True,,outside_core_rank
SCLX,Scilex Holding Company,56594315,6.665,92849,618838.585,NASDAQ Capital Market,NASDAQ,US,Healthcare,Drug Manufacturers - General,False,False,True,,outside_core_rank
CNVS,Cineverse Corp.,56200800,2.4,88238,211771.2,NASDAQ Capital Market,NASDAQ,US,Communication Services,Entertainment,False,False,True,,outside_core_rank
BOLD,"Boundless Bio, Inc.",56186943,2.5,105099,262747.5,NASDAQ Global Select,NASDAQ,US,Healthcare,Biotechnology,False,False,True,,outside_core_rank
VRCA,Verrica Pharmaceuticals Inc.,55602375,5.22,4793,25019.46,NASDAQ,NASDAQ,US,Healthcare,Biotechnology,False,False,True,,outside_core_rank
ATLX,Atlas Lithium Corporation,55466209,2.74,124287,340546.38,NASDAQ Capital Market,NASDAQ,US,Basic Materials,Steel,False,False,True,,outside_core_rank
SKYA,"SkyAI, Inc.",55442040,1.31,80728,105753.68,NASDAQ Capital Market,NASDAQ,US,Technology,Software - Infrastructure,False,False,True,,outside_core_rank
NMAD,"NOMAD Power Solutions, Inc.",55372285,4.48,763632,3421071.36,NASDAQ,NASDAQ,US,Healthcare,Biotechnology,False,False,True,,outside_core_rank
VERI,"Veritone, Inc.",55048649,1.09,2086857,2274674.13,NASDAQ Global Market,NASDAQ,US,Technology,Software - Application,False,False,True,,outside_core_rank
STSS,"SkyAI, Inc.",55018818,1.3,36428,47356.4,NASDAQ,NASDAQ,US,Healthcare,Medical - Instruments & Supplies,False,False,True,,outside_core_rank
NRXP,"NRx Pharmaceuticals, Inc.",54449999,3.15,1119589,3526705.35,NASDAQ Global Market,NASDAQ,US,Healthcare,Biotechnology,False,False,True,,outside_core_rank
VHC,VirnetX Holding Corp,54416050,13,4042,52546,NASDAQ Capital Market,NASDAQ,US,Technology,Software - Infrastructure,False,False,True,,outside_core_rank
PLCE,"The Children's Place, Inc.",54258443,2.44,113781,277625.64,NASDAQ Global Select,NASDAQ,US,Consumer Cyclical,Apparel - Retail,False,False,True,,outside_core_rank
ELWT,"Elauwit Connection, Inc. Common Stock",53951337,8.15,24138,196724.70,NASDAQ Global Market,NASDAQ,US,Communication Services,Telecommunications Services,False,False,True,,outside_core_rank
STI,Solidion Technology Inc.,53522803,6.3,112330,707679.0,NASDAQ Global Market,NASDAQ,US,Industrials,Electrical Equipment & Parts,False,False,True,,outside_core_rank
ELTX,"Elicio Therapeutics, Inc.",53385713,2.8,405309,1134865.2,NASDAQ Global Market,NASDAQ,US,Healthcare,Biotechnology,False,False,True,,outside_core_rank
TACT,TransAct Technologies Incorporated,53231125,5.18,14500,75110.00,NASDAQ,NASDAQ,US,Technology,Computer Hardware,False,False,True,,outside_core_rank
DRIO,DarioHealth Corp.,53155732,7.27,7356,53478.12,NASDAQ Capital Market,NASDAQ,US,Healthcare,Medical - Diagnostics & Research,False,False,True,,outside_core_rank
SNWV,SANUWAVE Health Inc.,53055682,6.17,82724,510407.08,NASDAQ,NASDAQ,US,Healthcare,Medical - Equipment & Services,False,False,True,,outside_core_rank
LIDR,"AEye, Inc.",52798872,1.14,649302,740204.28,NASDAQ Capital Market,NASDAQ,US,Consumer Cyclical,Auto - Parts,False,False,True,,outside_core_rank
INKT,"MiNK Therapeutics, Inc.",52309940,10.5,3246,34083.0,NASDAQ Capital Market,NASDAQ,US,Healthcare,Biotechnology,False,False,True,,outside_core_rank
OKUR,"OnKure Therapeutics, Inc.",52233152,3.82,239215,913801.30,NASDAQ Global Market,NASDAQ,US,Healthcare,Biotechnology,False,False,True,,outside_core_rank
ROLR,"High Roller Technologies, Inc.",52150773,5.83,67864,395647.12,New York Stock Exchange American,AMEX,US,Consumer Cyclical,"Gambling, Resorts & Casinos",False,False,True,,outside_core_rank
MKTW,"MarketWise, Inc.",51983966,19.7,4579,90206.3,NASDAQ Global Market,NASDAQ,US,Financial Services,Financial - Data & Stock Exchanges,False,False,True,,outside_core_rank
CLNN,Clene Inc.,51693075,5.015,33746,169236.190,NASDAQ Capital Market,NASDAQ,US,Healthcare,Biotechnology,False,False,True,,outside_core_rank
GREE,Greenidge Generation Holdings Inc.,51500390,2.84,1366259,3880175.56,NASDAQ,NASDAQ,US,Financial Services,Financial - Capital Markets,False,False,True,,outside_core_rank
BTCS,BTCS Inc.,51268632,1.03,409866,422161.98,NASDAQ Capital Market,NASDAQ,US,Financial Services,Financial - Capital Markets,False,False,True,,outside_core_rank
NTWK,"NetSol Technologies, Inc.",51187284,4.31,16153,69619.43,NASDAQ Capital Market,NASDAQ,US,Technology,Software - Application,False,False,True,,outside_core_rank
HDRN,"Hadron Energy, Inc.",50999995,1.53,72036,110215.08,NASDAQ Global Market,NASDAQ,US,Industrials,Industrial - Machinery,False,False,True,,outside_core_rank
ECOR,"electroCore, Inc.",50479377,6.085,37058,225497.930,NASDAQ Capital Market,NASDAQ,US,Healthcare,Medical - Devices,False,False,True,,outside_core_rank
CMTL,Comtech Telecommunications Corp.,50335204,1.68,314670,528645.60,NASDAQ Global Select,NASDAQ,US,Technology,Communication Equipment,False,False,True,,outside_core_rank
CVV,CVD Equipment Corporation,50041077,7.21,153769,1108674.49,NASDAQ Capital Market,NASDAQ,US,Industrials,Industrial - Machinery,False,False,True,,outside_core_rank
PED,PEDEVCO Corp.,49890874,10.81,10345,111829.45,New York Stock Exchange American,AMEX,US,Energy,Oil & Gas Exploration & Production,False,False,True,,outside_core_rank
MDAI,"Spectral AI, Inc.",49327177,1.55,82041,127163.55,NASDAQ,NASDAQ,US,Healthcare,Medical - Specialties,False,False,True,,outside_core_rank
LVO,"LiveOne, Inc.",49210466,4.48,14209,63656.32,NASDAQ Capital Market,NASDAQ,US,Communication Services,Entertainment,False,False,True,,outside_core_rank
CAST,"FreeCast, Inc. Class A Common Stock",48913820,1.23,386873,475853.79,NASDAQ Global Market,NASDAQ,US,Communication Services,Internet Content & Information,False,False,True,,outside_core_rank
FLNA,"Filana Therapeutics, Inc.",48790975,1.01,330660,333966.60,NASDAQ Global Market,NASDAQ,US,Healthcare,Biotechnology,False,False,True,,outside_core_rank
TIL,"Instil Bio, Inc.",48287669,7.12,10374,73862.88,NASDAQ Global Select,NASDAQ,US,Healthcare,Biotechnology,False,False,True,,outside_core_rank
VIDA,VIDA Global Inc.,48222497,2.41,25269,60898.29,New York Stock Exchange American,AMEX,US,Technology,Software - Application,False,False,True,,outside_core_rank
NXB,NextBoat Inc.,47979350,1.97,35924,70770.28,New York Stock Exchange Arca,AMEX,US,Consumer Cyclical,Auto - Dealerships,False,False,True,,outside_core_rank
LOAN,"Manhattan Bridge Capital, Inc.",47546100,4.16,14638,60894.08,NASDAQ Capital Market,NASDAQ,US,Real Estate,REIT - Mortgage,False,False,True,,outside_core_rank
TPCS,TechPrecision Corporation,47315494,4.72,46994,221811.68,NASDAQ Capital Market,NASDAQ,US,Industrials,Manufacturing - Metal Fabrication,False,False,True,,outside_core_rank
ACFN,"Acorn Energy, Inc.",47280663,18.85,10180,191893.00,NASDAQ Capital Market,NASDAQ,US,Technology,"Hardware, Equipment & Parts",False,False,True,,outside_core_rank
LEE,"Lee Enterprises, Incorporated",47143546,7.73,58683,453619.59,NASDAQ Global Select,NASDAQ,US,Communication Services,Publishing,False,False,True,,outside_core_rank
TRON,Tron Inc.,46854261,1.4,623039,872254.6,NASDAQ Capital Market,NASDAQ,US,Consumer Cyclical,Leisure,False,False,True,,outside_core_rank
MCRB,"Seres Therapeutics, Inc.",46773382,4.83,50356,243219.48,NASDAQ Global Select,NASDAQ,US,Healthcare,Biotechnology,False,False,True,,outside_core_rank
LVLU,"Lulu's Fashion Lounge Holdings, Inc.",46586357,16.2622,5248,85344.0256,NASDAQ Capital Market,NASDAQ,US,Consumer Cyclical,Apparel - Retail,False,False,True,,outside_core_rank
INMB,"INmune Bio, Inc.",46524202,1.75,225334,394334.50,NASDAQ Capital Market,NASDAQ,US,Healthcare,Biotechnology,False,False,True,,outside_core_rank
GAIA,"Gaia, Inc.",46274200,1.85,23878,44174.30,NASDAQ Global Market,NASDAQ,US,Communication Services,Entertainment,False,False,True,,outside_core_rank
LSF,"Laird Superfood, Inc.",45778088,4.16,40555,168708.80,New York Stock Exchange Arca,AMEX,US,Consumer Defensive,Packaged Foods,False,False,True,,outside_core_rank
VTIX,Virtuix Holdings Inc. Class A Common Stock,45369901,1.57,478473,751202.61,NASDAQ Global Market,NASDAQ,US,Technology,Computer Hardware,False,False,True,,outside_core_rank
MIND,"MIND Technology, Inc.",45263494,4.98,59665,297131.70,NASDAQ Global Select,NASDAQ,US,Technology,"Hardware, Equipment & Parts",False,False,True,,outside_core_rank
OFS,OFS Capital Corporation,45017542,3.36,31962,107392.32,NASDAQ Global Select,NASDAQ,US,Financial Services,Asset Management,False,False,True,,outside_core_rank
MGX,"Metagenomi, Inc. Common Stock",44799763,1.19,135771,161567.49,NASDAQ Global Select,NASDAQ,US,Healthcare,Biotechnology,False,False,True,,outside_core_rank
RAVE,"RAVE Restaurant Group, Inc.",44766433,3.15,33826,106551.90,NASDAQ Capital Market,NASDAQ,US,Consumer Cyclical,Restaurants,False,False,True,,outside_core_rank
BZFD,"BuzzFeed, Inc.",44762307,1.19,324517,386175.23,NASDAQ Global Market,NASDAQ,US,Communication Services,Internet Content & Information,False,False,True,,outside_core_rank
SPWH,"Sportsman's Warehouse Holdings, Inc.",44482566,1.14,120662,137554.68,NASDAQ Global Select,NASDAQ,US,Consumer Cyclical,Specialty Retail,False,False,True,,outside_core_rank
CULP,"Culp, Inc.",44066488,3.48,13897,48361.56,NASDAQ Capital Market,NASDAQ,US,Consumer Cyclical,Apparel - Manufacturers,False,False,True,,outside_core_rank
FTCI,"FTC Solar, Inc.",44014559,2.75,168897,464466.75,NASDAQ Global Market,NASDAQ,US,Technology,Solar,False,False,True,,outside_core_rank
FTEK,"Fuel Tech, Inc.",43942932,1.41,101071,142510.11,NASDAQ,NASDAQ,US,Industrials,Industrial - Pollution & Treatment Controls,False,False,True,,outside_core_rank
PRTS,"CarParts.com, Inc.",43733250,5.4,9778,52801.2,NASDAQ Global Select,NASDAQ,US,Consumer Cyclical,Specialty Retail,False,False,True,,outside_core_rank
KLXE,"KLX Energy Services Holdings, Inc.",43606842,2.19,148853,325988.07,NASDAQ,NASDAQ,US,Energy,Oil & Gas Equipment & Services,False,False,True,,outside_core_rank
KPTI,Karyopharm Therapeutics Inc.,43512851,1.92,22094624,42421678.08,NASDAQ Global Select,NASDAQ,US,Healthcare,Biotechnology,False,False,True,,outside_core_rank
PHUN,"Phunware, Inc.",43144054,2.11,66361,140021.71,NASDAQ Capital Market,NASDAQ,US,Technology,Software - Application,False,False,True,,outside_core_rank
SEV,Aptera Motors Corp.,43098463,1.75,74372,130151.00,NASDAQ Capital Market,NASDAQ,US,Consumer Cyclical,Auto - Manufacturers,False,False,True,,outside_core_rank
SYPR,"Sypris Solutions, Inc.",42800702,1.86,21136,39312.96,NASDAQ Global Market,NASDAQ,US,Consumer Cyclical,Auto - Parts,False,False,True,,outside_core_rank
MAMO,Massimo Group Common Stock,42473769,1.02,24462,24951.24,NASDAQ Global Market,NASDAQ,US,Consumer Cyclical,Auto - Recreational Vehicles,False,False,True,,outside_core_rank
EHTH,"eHealth, Inc.",42215530,1.33,89519,119060.27,NASDAQ Global Select,NASDAQ,US,Financial Services,Insurance - Brokers,False,False,True,,outside_core_rank
PETS,"PetMed Express, Inc.",41675166,1.95,75715,147644.25,NASDAQ Global Select,NASDAQ,US,Consumer Cyclical,Specialty Retail,False,False,True,,outside_core_rank
TELO,"Telomir Pharmaceuticals, Inc. Common Stock",41600974,1.21,43808,53007.68,NASDAQ Capital Market,NASDAQ,US,Healthcare,Biotechnology,False,False,True,,outside_core_rank
OESX,"Orion Energy Systems, Inc.",40971357,10.1,21293,215059.3,NASDAQ Capital Market,NASDAQ,US,Industrials,Electrical Equipment & Parts,False,False,True,,outside_core_rank
DOMH,Dominari Holdings Inc.,40913256,2.54,36337,92295.98,NASDAQ Capital Market,NASDAQ,US,Financial Services,Financial - Capital Markets,False,False,True,,outside_core_rank
HGBL,Heritage Global Inc.,40300201,1.16,55506,64386.96,NASDAQ Capital Market,NASDAQ,US,Financial Services,Financial - Capital Markets,False,False,True,,outside_core_rank
AXIL,"Axil Brands, Inc.",40054087,5.875,5443,31977.625,New York Stock Exchange American,AMEX,US,Consumer Defensive,Household & Personal Products,False,False,True,,outside_core_rank
ATHR,"Aether Holdings, Inc. Common Stock",39713267,3.27,24816,81148.32,NASDAQ Global Select,NASDAQ,US,Technology,Software - Application,False,False,True,,outside_core_rank
LGL,"The LGL Group, Inc.",39109014,6.9,3572,24646.8,New York Stock Exchange American,AMEX,US,Technology,"Hardware, Equipment & Parts",False,False,True,,outside_core_rank
MYO,"Myomo, Inc.",39025040,1.01,316996,320165.96,New York Stock Exchange American,AMEX,US,Healthcare,Medical - Devices,False,False,True,,outside_core_rank
VRM,"Vroom, Inc.",39005126,7.49,6393,47883.57,NASDAQ Global Select,NASDAQ,US,Consumer Cyclical,Auto - Dealerships,False,False,True,,outside_core_rank
RYM,"RYTHM, Inc.",38942199,18.12,3139,56878.68,NASDAQ Global Market,NASDAQ,US,Consumer Defensive,Beverages - Alcoholic,False,False,True,,outside_core_rank
PRPO,"Precipio, Inc.",38696561,21.65,21130,457464.50,NASDAQ Capital Market,NASDAQ,US,Healthcare,Medical - Diagnostics & Research,False,False,True,,outside_core_rank
NNVC,"NanoViricides, Inc.",38606784,1.52,126117,191697.84,New York Stock Exchange American,AMEX,US,Healthcare,Biotechnology,False,False,True,,outside_core_rank
ZDGE,"Zedge, Inc.",38552461,2.95,33928,100087.60,New York Stock Exchange American,AMEX,US,Communication Services,Internet Content & Information,False,False,True,,outside_core_rank
DYAI,"Dyadic International, Inc.",38260635,1.05,122535,128661.75,NASDAQ Capital Market,NASDAQ,US,Healthcare,Biotechnology,False,False,True,,outside_core_rank
PXLW,"Pixelworks, Inc.",38243193,6.01,36434,218968.34,NASDAQ,NASDAQ,US,Technology,Semiconductors,False,False,True,,outside_core_rank
SCWO,374Water Inc.,38140190,2.18,15878,34614.04,NASDAQ Capital Market,NASDAQ,US,Industrials,Electrical Equipment & Parts,False,False,True,,outside_core_rank
NSYS,Nortech Systems Incorporated,37837936,13.54,5381,72858.74,NASDAQ Capital Market,NASDAQ,US,Technology,"Hardware, Equipment & Parts",False,False,True,,outside_core_rank
BBGI,"Beasley Broadcast Group, Inc.",37736741,20.89,9506,198580.34,NASDAQ Global Market,NASDAQ,US,Communication Services,Broadcasting,False,False,True,,outside_core_rank
NTIP,"Network-1 Technologies, Inc.",37040641,1.62,24007,38891.34,New York Stock Exchange American,AMEX,US,Industrials,Specialty Business Services,False,False,True,,outside_core_rank
SCOR,comScore Inc.,36731296,7,8087,56609,NASDAQ,NASDAQ,US,Technology,Software - Application,False,False,True,,outside_core_rank
FTH,"Faeth Therapeutics, Inc.",36554500,27.24,217876,5934942.24,NASDAQ Capital Market,NASDAQ,US,Healthcare,Biotechnology,False,False,True,,outside_core_rank
GROW,"U.S. Global Investors, Inc.",36262352,2.86,7234,20689.24,NASDAQ Capital Market,NASDAQ,US,Financial Services,Asset Management,False,False,True,,outside_core_rank
VERU,Veru Inc.,35952672,2.24,150854,337912.96,NASDAQ Capital Market,NASDAQ,US,Healthcare,Biotechnology,False,False,True,,outside_core_rank
BCHT,Birchtech Corp.,35776114,1.36,66319,90193.84,New York Stock Exchange American,AMEX,US,Industrials,Industrial - Pollution & Treatment Controls,False,False,True,,outside_core_rank
SNAL,"Snail, Inc. Class A Common Stock",35634400,4.74,77505,367373.70,NASDAQ Global Market,NASDAQ,US,Technology,Electronic Gaming & Multimedia,False,False,True,,outside_core_rank
PRPL,"Purple Innovation, Inc.",35259543,8.1,77417,627077.7,NASDAQ,NASDAQ,US,Consumer Cyclical,"Furnishings, Fixtures & Appliances",False,False,True,,outside_core_rank
VTSI,"VirTra, Inc.",34938275,3.09,13649,42175.41,NASDAQ Capital Market,NASDAQ,US,Industrials,Aerospace & Defense,False,False,True,,outside_core_rank
KOSS,Koss Corporation,34836492,3.68,12464,45867.52,NASDAQ Capital Market,NASDAQ,US,Technology,Consumer Electronics,False,False,True,,outside_core_rank
PARK,"Park Dental Partners, Inc. Common Stock",34767141,17.88,6319,112983.72,NASDAQ Global Market,NASDAQ,US,Healthcare,Medical - Care Facilities,False,False,True,,outside_core_rank
NTRB,Nutriband Inc.,34644552,2.85,8871,25282.35,NASDAQ Capital Market,NASDAQ,US,Healthcare,Biotechnology,False,False,True,,outside_core_rank
MLCI,Mount Logan Capital Inc.,34125742,3.05,8648,26376.40,NASDAQ Global Market,NASDAQ,US,Financial Services,Asset Management,False,False,True,,outside_core_rank
SABS,"SAB Biotherapeutics, Inc.",34122653,3.57,404544,1444222.08,NASDAQ,NASDAQ,US,Healthcare,Biotechnology,False,False,True,,outside_core_rank
CNTY,"Century Casinos, Inc.",34041581,1.21,37776,45708.96,NASDAQ,NASDAQ,US,Consumer Cyclical,"Gambling, Resorts & Casinos",False,False,True,,outside_core_rank
GRCE,"Grace Therapeutics, Inc.",33849974,2.08,177400,368992.00,NASDAQ Global Market,NASDAQ,US,Healthcare,Biotechnology,False,False,True,,outside_core_rank
LTRN,Lantern Pharma Inc.,33556554,2.63,47869,125895.47,NASDAQ Capital Market,NASDAQ,US,Healthcare,Biotechnology,False,False,True,,outside_core_rank
WKHS,Workhorse Group Inc.,33224870,3.05,42213,128749.65,NASDAQ,NASDAQ,US,Consumer Cyclical,Auto - Manufacturers,False,False,True,,outside_core_rank
CREX,"Creative Realities, Inc.",33196878,3.14,22642,71095.88,NASDAQ Capital Market,NASDAQ,US,Technology,Software - Application,False,False,True,,outside_core_rank
POCI,"Precision Optics Corporation, Inc.",32763629,4.24,28445,120606.80,NASDAQ Capital Market,NASDAQ,US,Healthcare,Medical - Instruments & Supplies,False,False,True,,outside_core_rank
UG,"United-Guardian, Inc.",32389949,7.05,4753,33508.65,NASDAQ Global Market,NASDAQ,US,Consumer Defensive,Household & Personal Products,False,False,True,,outside_core_rank
PPSI,Pioneer Pow,32290134,2.91,47516,138271.56,NASDAQ,NASDAQ,US,Industrials,Electrical Equipment & Parts,False,False,True,,outside_core_rank
PIII,P3 Health Partners Inc.,32203090,9.83,12644,124290.52,NASDAQ,NASDAQ,US,Healthcare,Medical - Care Facilities,False,False,True,,outside_core_rank
CRWS,"Crown Crafts, Inc.",31742847,2.95,83939,247620.05,NASDAQ Capital Market,NASDAQ,US,Consumer Cyclical,"Furnishings, Fixtures & Appliances",False,False,True,,outside_core_rank
IPWR,Ideal Power Inc.,31727500,3.7,114654,424219.8,NASDAQ Capital Market,NASDAQ,US,Technology,Semiconductors,False,False,True,,outside_core_rank
SDEV,Stablecoin Development Corp.,31182993,1.15,42232,48566.80,New York Stock Exchange American,AMEX,US,Healthcare,Medical - Pharmaceuticals,False,False,True,,outside_core_rank
BGDE,"Big Digital Energy, Inc.",31029425,5.62,18981.40897,106675.5184114,NASDAQ Global Market,NASDAQ,US,Technology,Software - Application,False,False,True,,outside_core_rank
COPR,Idaho Copper Corporation,30794001,2.2,367234,807914.8,New York Stock Exchange Arca,AMEX,US,Basic Materials,Copper,False,False,True,,outside_core_rank
SCYX,"SCYNEXIS, Inc.",30437390,4.84,3163175,15309767.00,NASDAQ,NASDAQ,US,Healthcare,Medical - Pharmaceuticals,False,False,True,,outside_core_rank
KPLT,"Katapult Holdings, Inc.",30401070,6.38,4959,31638.42,NASDAQ Global Market,NASDAQ,US,Technology,Software - Infrastructure,False,False,True,,outside_core_rank
ZSQR,Z Squared Inc.,29933688,4.81,299458,1440392.98,NASDAQ Global Market,NASDAQ,US,Technology,Software - Services,False,False,True,,outside_core_rank
LIVE,Live Ventures Incorporated,29825780,9.71,4498,43675.58,NASDAQ Capital Market,NASDAQ,US,Consumer Cyclical,Home Improvement,False,False,True,,outside_core_rank
TVGN,Tevogen Bio Holdings Inc.,29746368,7.05,10659,75145.95,NASDAQ Global Market,NASDAQ,US,Healthcare,Biotechnology,False,False,True,,outside_core_rank
VIP,Vulcan Infrastructure and Power Inc. Class A,29660610,2.1,265590,557739.0,NASDAQ,NASDAQ,US,Technology,Software - Application,False,False,True,,outside_core_rank
DAIO,Data I/O Corporation,29150504,2.84,49357,140173.88,NASDAQ Capital Market,NASDAQ,US,Technology,"Hardware, Equipment & Parts",False,False,True,,outside_core_rank
AGPU,Axe Compute Inc.,28437664,8.38,200895,1683500.10,NASDAQ Capital Market,NASDAQ,US,Technology,Software - Infrastructure,False,False,True,,outside_core_rank
RMTI,"Rockwell Medical, Inc.",28379146,7.19,17986,129319.34,NASDAQ Capital Market,NASDAQ,US,Healthcare,Drug Manufacturers - Specialty & Generic,False,False,True,,outside_core_rank
VWAV,"VisionWave Holdings, Inc.",28374157,1.72,716911,1233086.92,NASDAQ Global Market,NASDAQ,US,Industrials,Aerospace & Defense,False,False,True,,outside_core_rank
LONA,"LeonaBio, Inc.",27844831,7.06,6568,46370.08,NASDAQ Capital Market,NASDAQ,US,Healthcare,Biotechnology,False,False,True,,outside_core_rank
NERV,"Minerva Neurosciences, Inc.",27832013,3.98,56961,226704.78,NASDAQ Global Market,NASDAQ,US,Healthcare,Biotechnology,False,False,True,,outside_core_rank
COHN,Cohen & Company Inc.,27793836,13.25,5453,72252.25,New York Stock Exchange American,AMEX,US,Financial Services,Financial - Capital Markets,False,False,True,,outside_core_rank
CCEL,"Cryo-Cell International, Inc.",27574263,3.42,7549,25817.58,New York Stock Exchange Arca,AMEX,US,Healthcare,Medical - Care Facilities,False,False,True,,outside_core_rank
HBIO,"Harvard Bioscience, Inc.",27512110,6.1,21665,132156.5,NASDAQ,NASDAQ,US,Healthcare,Medical - Instruments & Supplies,False,False,True,,outside_core_rank
ELSE,"Electro-Sensors, Inc.",27341284,7.7401,3653,28274.5853,NASDAQ Capital Market,NASDAQ,US,Technology,"Hardware, Equipment & Parts",False,False,True,,outside_core_rank
KYNB,"Kyntra Bio, Inc.",27243794,6.73,4626,31132.98,NASDAQ Global Market,NASDAQ,US,Healthcare,Biotechnology,False,False,True,,outside_core_rank
BAFN,BayFirst Financial Corp.,27228813,6.63,19692,130557.96,NASDAQ Capital Market,NASDAQ,US,Financial Services,Banks - Regional,False,False,True,,outside_core_rank
CING,Cingulate Inc.,26852922,4.79,60548,290024.92,NASDAQ Capital Market,NASDAQ,US,Healthcare,Biotechnology,False,False,True,,outside_core_rank
CRMT,"America's Car-Mart, Inc.",26564180,3.19,193266,616518.54,NASDAQ Global Select,NASDAQ,US,Consumer Cyclical,Auto - Dealerships,False,False,True,,outside_core_rank
ACTU,Actuate Therapeutics Inc,26557696,1.11,155073,172131.03,NASDAQ Global Market,NASDAQ,US,Healthcare,Biotechnology,False,False,True,,outside_core_rank
TLPH,"Talphera, Inc.",26261268,1.28,193165,247251.20,NASDAQ Global Market,NASDAQ,US,Healthcare,Drug Manufacturers - Specialty & Generic,False,False,True,,outside_core_rank
ALGS,"Aligos Therapeutics, Inc.",26176183,4.23,49038,207430.74,NASDAQ Global Select,NASDAQ,US,Healthcare,Biotechnology,False,False,True,,outside_core_rank
AWRE,"Aware, Inc.",25975292,1.2,106830,128196.0,NASDAQ Global Market,NASDAQ,US,Technology,Software - Application,False,False,True,,outside_core_rank
FEAM,5E Advanced Materials Inc.,25863071,1.1,116927,128619.7,NASDAQ Global Select,NASDAQ,US,Basic Materials,Chemicals - Specialty,False,False,True,,outside_core_rank
ACCS,ACCESS Newswire Inc.,25583303,6.59,15701,103469.59,New York Stock Exchange American,AMEX,US,Communication Services,Advertising Agencies,False,False,True,,outside_core_rank
BCG,"Binah Capital Group, Inc.",24374645,1.45,17263,25031.35,NASDAQ Global Market,NASDAQ,US,Financial Services,Asset Management,False,False,True,,outside_core_rank
XTIA,"XTI Aerospace, Inc.",24335584,1.49,237504,353880.96,NASDAQ Capital Market,NASDAQ,US,Industrials,Aerospace & Defense,False,False,True,,outside_core_rank
BATL,Battalion Oil Corporation,24208922,1.45,7219041,10467609.45,New York Stock Exchange American,AMEX,US,Energy,Oil & Gas Exploration & Production,False,False,True,,outside_core_rank
AYTU,"Aytu BioPharma, Inc.",23935036,2.23,71361,159135.03,NASDAQ Capital Market,NASDAQ,US,Healthcare,Drug Manufacturers - Specialty & Generic,False,False,True,,outside_core_rank
CRVO,CervoMed Inc.,23887495,2.58,237165,611885.70,NASDAQ Capital Market,NASDAQ,US,Healthcare,Biotechnology,False,False,True,,outside_core_rank
MNTS,Momentus Inc.,23206541,4.05,1524537,6174374.85,NASDAQ Global Select,NASDAQ,US,Industrials,Aerospace & Defense,False,False,True,,outside_core_rank
IBIO,"iBio, Inc.",22105262,1.4,728591,1020027.4,NASDAQ Capital Market,NASDAQ,US,Healthcare,Biotechnology,False,False,True,,outside_core_rank
LPSN,"LivePerson, Inc.",21828396,1.77,52763,93390.51,NASDAQ Global Select,NASDAQ,US,Technology,Software - Application,False,False,True,,outside_core_rank
CDLX,"Cardlytics, Inc.",21721396,3.74,16495,61691.30,NASDAQ Global Market,NASDAQ,US,Communication Services,Advertising Agencies,False,False,True,,outside_core_rank
AVX,Avax One Technology Ltd,21661222,2.9,12013.91618,34840.356922,NASDAQ Global Market,NASDAQ,US,Technology,"Hardware, Equipment & Parts",False,False,True,,outside_core_rank
XOS,"Xos, Inc.",21442007,2.095,114510,239898.450,NASDAQ,NASDAQ,US,Consumer Cyclical,Auto - Manufacturers,False,False,True,,outside_core_rank
NEUP,Neuphoria Therapeutics Inc.,20969658,3.88,37267,144595.96,NASDAQ Global Market,NASDAQ,US,Healthcare,Biotechnology,False,False,True,,outside_core_rank
WATT,Energous Corporation,20954705,14.11,117169,1653254.59,NASDAQ Capital Market,NASDAQ,US,Technology,"Hardware, Equipment & Parts",False,False,True,,outside_core_rank
SLBT,SL Science Holding Ltd,20940465,2.645,15645,41381.025,NASDAQ Global Market,NASDAQ,US,Healthcare,Biotechnology,False,False,True,,outside_core_rank
ATOS,"Atossa Therapeutics, Inc.",20648250,2.07,76609,158580.63,NASDAQ Capital Market,NASDAQ,US,Healthcare,Biotechnology,False,False,True,,outside_core_rank
RTB,RTB Digital Inc,20111857,15.7,41344,649100.8,NASDAQ Global Market,NASDAQ,US,Technology,Software - Application,False,False,True,,outside_core_rank
