symbol,company_name,market_cap,price,volume,dollar_volume,exchange,exchange_short_name,country,sector,industry,is_etf,is_fund,is_actively_trading,reason
NVDA,NVIDIA Corporation,4862365750000,200.75,139261166,27956679074.50,NASDAQ Global Select,NASDAQ,US,Technology,Semiconductors,False,False,True,
AAPL,Apple Inc.,4537071141960,308.91,127398021,39354522667.11,NASDAQ Global Select,NASDAQ,US,Technology,Consumer Electronics,False,False,True,
GOOG,Alphabet Inc.,4315959285871,356.65,30351093,10824717318.45,NASDAQ Global Select,NASDAQ,US,Communication Services,Internet Content & Information,False,False,True,
GOOGL,Alphabet Inc.,4309924892283,356.13,46347613,16505775417.69,NASDAQ Global Select,NASDAQ,US,Communication Services,Internet Content & Information,False,False,True,
MSFT,Microsoft Corporation,3450801596000,464.72,56468734,26242150064.48,NASDAQ Global Select,NASDAQ,US,Technology,Software - Infrastructure,False,False,True,
AMZN,"Amazon.com, Inc.",2921413218000,271.58,125897520,34191248481.60,NASDAQ Global Select,NASDAQ,US,Consumer Cyclical,Specialty Retail,False,False,True,
AVGO,Broadcom Inc.,1852030742400,389.28,18487399,7196774682.72,NASDAQ Global Select,NASDAQ,US,Technology,Semiconductors,False,False,True,
SPCX,Space Exploration Technologies Corp.,1417031537950,108.37,54856656,5944815810.72,NASDAQ,NASDAQ,US,Industrials,Aerospace & Defense,False,False,True,
META,"Meta Platforms, Inc.",1415693997273,556.71,24155637,13447684674.27,NASDAQ Global Select,NASDAQ,US,Communication Services,Internet Content & Information,False,False,True,
TSLA,"Tesla, Inc.",1229138644487,311.21,35591725,11076500737.25,NASDAQ Global Select,NASDAQ,US,Consumer Cyclical,Auto - Manufacturers,False,False,True,
BRK-B,Berkshire Hathaway Inc.,1103316959090,511.54,2521127,1289657305.58,New York Stock Exchange,NYSE,US,Financial Services,Insurance - Diversified,False,False,True,
LLY,Eli Lilly and Company,1081589538500,1148.5,2289805,2629841042.5,New York Stock Exchange,NYSE,US,Healthcare,Drug Manufacturers - General,False,False,True,
JPM,JPMorgan Chase & Co.,942624822900,351.79,6583546,2316025647.34,New York Stock Exchange,NYSE,US,Financial Services,Banks - Diversified,False,False,True,
MU,"Micron Technology, Inc.",929521851700,823.03,52850199,43497299282.97,NASDAQ Global Select,NASDAQ,US,Technology,Semiconductors,False,False,True,
WMT,Walmart Inc.,884938496000,111.2,22765331,2531504807.2,NASDAQ Global Select,NASDAQ,US,Consumer Defensive,Discount Stores,False,False,True,
AMD,"Advanced Micro Devices, Inc.",776410190000,476.15,25316589,12054493852.35,NASDAQ Global Select,NASDAQ,US,Technology,Semiconductors,False,False,True,
V,Visa Inc.,683582011839,366.13,4869821,1782987562.73,New York Stock Exchange,NYSE,US,Financial Services,Financial - Credit Services,False,False,True,
XOM,Exxon Mobil Corporation,644375955753,155.46,11761157,1828389467.22,New York Stock Exchange,NYSE,US,Energy,Oil & Gas Integrated,False,False,True,
JNJ,Johnson & Johnson,617777478168,256.35,4552080,1166925708.00,New York Stock Exchange,NYSE,US,Healthcare,Drug Manufacturers - General,False,False,True,
MA,Mastercard Incorporated,506375917832,573.1,4576551,2622821378.1,New York Stock Exchange,NYSE,US,Financial Services,Financial - Credit Services,False,False,True,
CSCO,"Cisco Systems, Inc.",457167006793,115.99,18798354,2180421080.46,NASDAQ Global Select,NASDAQ,US,Technology,Communication Equipment,False,False,True,
INTC,Intel Corp.,454968770505,90.2,104550780,9430480356.0,NASDAQ,NASDAQ,US,Technology,Semiconductors,False,False,True,
ABBV,AbbVie Inc.,443244148968,250.875,4875605,1223167404.375,New York Stock Exchange,NYSE,US,Healthcare,Drug Manufacturers - General,False,False,True,
BAC,Bank of America Corporation,439633750500,61.95,15925369,986576609.55,New York Stock Exchange,NYSE,US,Financial Services,Banks - Diversified,False,False,True,
COST,Costco Wholesale Corporation,422143225310,951.89,1684576,1603531048.64,NASDAQ Global Select,NASDAQ,US,Consumer Defensive,Discount Stores,False,False,True,
AMAT,"Applied Materials, Inc.",403069165530,507.67,7052998,3580595494.66,NASDAQ,NASDAQ,US,Technology,Semiconductors,False,False,True,
CVX,Chevron Corporation,392086292000,196.87,7461638,1468972673.06,New York Stock Exchange,NYSE,US,Energy,Oil & Gas Integrated,False,False,True,
KO,The Coca-Cola Company,376854223200,87.59,10879681,952951258.79,New York Stock Exchange,NYSE,US,Consumer Defensive,Beverages - Non-Alcoholic,False,False,True,
UNH,UnitedHealth Group Incorporated,376335041018,414.4,2755262,1141780572.8,New York Stock Exchange,NYSE,US,Healthcare,Medical - Healthcare Plans,False,False,True,
CAT,Caterpillar Inc.,375331633970,814.81,2390364,1947692490.84,New York Stock Exchange,NYSE,US,Industrials,Agricultural - Machinery,False,False,True,
ORCL,Oracle Corporation,374115443600,129.88,28982842,3764291518.96,New York Stock Exchange,NYSE,US,Technology,Software - Infrastructure,False,False,True,
GE,GE Aerospace,373595134056,360.07,3048624,1097718043.68,New York Stock Exchange,NYSE,US,Industrials,Aerospace & Defense,False,False,True,
LRCX,Lam Research Corporation,366442021400,293.02,12544424,3675767120.48,NASDAQ Global Select,NASDAQ,US,Technology,Semiconductors,False,False,True,
PG,The Procter & Gamble Company,336459414000,144.49,6781320,979832926.80,New York Stock Exchange,NYSE,US,Consumer Defensive,Household & Personal Products,False,False,True,
MS,Morgan Stanley,332033212800,210.51,3571582,751853726.82,New York Stock Exchange,NYSE,US,Financial Services,Financial - Capital Markets,False,False,True,
HD,"The Home Depot, Inc.",331002959320,331.96,3292591,1093008508.36,New York Stock Exchange,NYSE,US,Consumer Cyclical,Home Improvement,False,False,True,
MRK,"Merck & Co., Inc.",321619960400,130.22,4656490,606368127.80,New York Stock Exchange,NYSE,US,Healthcare,Drug Manufacturers - General,False,False,True,
GS,"The Goldman Sachs Group, Inc.",300429228660,1018.38,1191921,1213828507.98,New York Stock Exchange,NYSE,US,Financial Services,Financial - Capital Markets,False,False,True,
NFLX,"Netflix, Inc.",298596137328,71.71,33193427,2380300650.17,NASDAQ Global Select,NASDAQ,US,Communication Services,Entertainment,False,False,True,
PM,Philip Morris International Inc.,297413960200,190.82,5442159,1038472780.38,New York Stock Exchange,NYSE,US,Consumer Defensive,Tobacco,False,False,True,
RTX,RTX Corporation,290064501510,215.22,3413380,734627643.60,New York Stock Exchange,NYSE,US,Industrials,Aerospace & Defense,False,False,True,
PLTR,Palantir Technologies Inc.,282554374200,123.06,27949500,3439465470.00,NASDAQ Global Select,NASDAQ,US,Technology,Software - Infrastructure,False,False,True,
PANW,"Palo Alto Networks, Inc.",270441450000,331.83,5023621,1666988156.43,NASDAQ Global Select,NASDAQ,US,Technology,Software - Infrastructure,False,False,True,
DELL,Dell Technologies Inc.,269187694651,405.25,4327818,1753848244.50,New York Stock Exchange,NYSE,US,Technology,Computer Hardware,False,False,True,
WFC,Wells Fargo & Company,264553425500,86.45,11315238,978202325.10,New York Stock Exchange,NYSE,US,Financial Services,Banks - Diversified,False,False,True,
GEV,GE Vernova Inc.,263747500744,990.29,2025134,2005469948.86,New York Stock Exchange,NYSE,US,Utilities,Renewable Utilities,False,False,True,
TXN,Texas Instruments Incorporated,251818916938,275.74,8797555,2425837815.70,NASDAQ Global Select,NASDAQ,US,Technology,Semiconductors,False,False,True,
KLAC,KLA Corporation,238814109600,182.82,12940436,2365770509.52,NASDAQ Global Select,NASDAQ,US,Technology,Semiconductors,False,False,True,
C,Citigroup Inc.,227122680400,132.44,9574034,1267985062.96,New York Stock Exchange,NYSE,US,Financial Services,Banks - Diversified,False,False,True,
ANET,"Arista Networks, Inc.",227091208143,180.35,8464295,1526535603.25,New York Stock Exchange,NYSE,US,Technology,Computer Hardware,False,False,True,
AXP,American Express Company,227072987500,336.25,2327235,782532768.75,New York Stock Exchange,NYSE,US,Financial Services,Financial - Credit Services,False,False,True,
TMO,Thermo Fisher Scientific Inc.,213421940300,574.3,1610965,925177199.5,New York Stock Exchange,NYSE,US,Healthcare,Medical - Diagnostics & Research,False,False,True,
IBM,International Business Machines Corporation,210708269100,223.65,9064130,2027192674.50,New York Stock Exchange,NYSE,US,Technology,Information Technology Services,False,False,True,
AMGN,Amgen Inc.,207873933280,385.16,1927666,742459836.56,NASDAQ Global Select,NASDAQ,US,Healthcare,Drug Manufacturers - General,False,False,True,
APH,Amphenol Corporation,197697961000,160.7,7608736,1222723875.2,New York Stock Exchange,NYSE,US,Technology,"Hardware, Equipment & Parts",False,False,True,
VZ,Verizon Communications Inc.,195457963600,46.81,28276258,1323611636.98,New York Stock Exchange,NYSE,US,Communication Services,Telecommunications Services,False,False,True,
CRWD,"CrowdStrike Holdings, Inc.",194344966181,190.86,7346406,1402135049.16,NASDAQ Global Select,NASDAQ,US,Technology,Software - Infrastructure,False,False,True,
MCD,McDonald's Corporation,192291343840,270.64,4411629,1193963272.56,New York Stock Exchange,NYSE,US,Consumer Cyclical,Restaurants,False,False,True,
PEP,"PepsiCo, Inc.",190638960000,139.56,9691523,1352548949.88,NASDAQ Global Select,NASDAQ,US,Consumer Defensive,Beverages - Non-Alcoholic,False,False,True,
WDC,Western Digital Corporation,187796540880,544.84,9470623,5159974235.32,NASDAQ Global Select,NASDAQ,US,Technology,Computer Hardware,False,False,True,
TMUS,"T-Mobile US, Inc.",185261114281,172.71,6743833,1164727397.43,NASDAQ Global Select,NASDAQ,US,Communication Services,Telecommunications Services,False,False,True,
ABT,Abbott Laboratories,184109317000,105.7,9571717,1011730486.9,New York Stock Exchange,NYSE,US,Healthcare,Medical - Devices,False,False,True,
SCHW,The Charles Schwab Corporation,183027093600,105.24,5422027,570614121.48,New York Stock Exchange,NYSE,US,Financial Services,Financial - Capital Markets,False,False,True,
NEE,"NextEra Energy, Inc.",181297736000,86.92,10969870,953501100.40,New York Stock Exchange,NYSE,US,Utilities,Regulated Electric,False,False,True,
SNDK,Sandisk Corporation,179903870993,1214.83,20683214,25126588863.62,NASDAQ Global Select,NASDAQ,US,Technology,Computer Hardware,False,False,True,
ADI,"Analog Devices, Inc.",178960634670,367.41,3513679,1290960801.39,NASDAQ Global Select,NASDAQ,US,Technology,Semiconductors,False,False,True,
TJX,"The TJX Companies, Inc.",173814197534,157.34,3764474,592302339.16,New York Stock Exchange,NYSE,US,Consumer Cyclical,Apparel - Retail,False,False,True,
UNP,Union Pacific Corporation,173547275231,292.13,2450205,715778386.65,New York Stock Exchange,NYSE,US,Industrials,Railroads,False,False,True,
BA,The Boeing Company,170830571800,216.14,7207359,1557798574.26,New York Stock Exchange,NYSE,US,Industrials,Aerospace & Defense,False,False,True,
BLK,"BlackRock, Inc.",169004998050,1090.39,374905,408792662.95,New York Stock Exchange,NYSE,US,Financial Services,Asset Management,False,False,True,
WELL,Welltower Inc.,168930902259,234.44,3689897,865059452.68,New York Stock Exchange,NYSE,US,Real Estate,REIT - Healthcare Facilities,False,False,True,
DIS,The Walt Disney Company,167078309650,96.215,8249340,793710248.100,New York Stock Exchange,NYSE,US,Communication Services,Entertainment,False,False,True,
MRVL,"Marvell Technology, Inc.",164258670960,187.56,25891567,4856222306.52,NASDAQ,NASDAQ,US,Technology,Semiconductors,False,False,True,
GILD,"Gilead Sciences, Inc.",161664813294,130.21,6100858,794392720.18,NASDAQ Global Select,NASDAQ,US,Healthcare,Drug Manufacturers - General,False,False,True,
DE,Deere & Company,159983813675,592.67,1123818,666053214.06,New York Stock Exchange,NYSE,US,Industrials,Agricultural - Machinery,False,False,True,
T,AT&T Inc.,159441410520,23.268,43999366,1023777248.088,New York Stock Exchange,NYSE,US,Communication Services,Telecommunications Services,False,False,True,
TBB,AT&T Inc. 5.35% GLB NTS 66,158854783019,19.9,82402,1639799.8,New York Stock Exchange,NYSE,US,Communication Services,Telecommunications Services,False,False,True,
QCOM,QUALCOMM Incorporated,154990500000,147.61,13778152,2033793016.72,NASDAQ Global Select,NASDAQ,US,Technology,Semiconductors,False,False,True,
BX,Blackstone Inc.,154302962863,127.735,3276930,418578653.550,New York Stock Exchange,NYSE,US,Financial Services,Asset Management,False,False,True,
SCCO,Southern Copper Corporation,152440251590,182.71,623976,114006654.96,New York Stock Exchange,NYSE,US,Basic Materials,Copper,False,False,True,
IBKR,"Interactive Brokers Group, Inc.",152049574044,87.99,4146915,364887050.85,NASDAQ Global Select,NASDAQ,US,Financial Services,Investment - Banking & Investment Services,False,False,True,
CRM,"Salesforce, Inc.",150712380000,184.02,8402484,1546225105.68,New York Stock Exchange,NYSE,US,Technology,Software - Application,False,False,True,
BKNG,Booking Holdings Inc.,149474050304,192.9,4436735,855846181.5,NASDAQ Global Select,NASDAQ,US,Consumer Cyclical,Travel Services,False,False,True,
COP,ConocoPhillips,146780061963,120.48,5784624,696931499.52,New York Stock Exchange,NYSE,US,Energy,Oil & Gas Exploration & Production,False,False,True,
UBER,"Uber Technologies, Inc.",143224746555,70.36,11858962,834396566.32,New York Stock Exchange,NYSE,US,Technology,Software - Application,False,False,True,
PFE,Pfizer Inc.,142542994400,25.01,33906387,847998738.87,New York Stock Exchange,NYSE,US,Healthcare,Drug Manufacturers - General,False,False,True,
DHR,Danaher Corporation,137134301498,195.074,3198962,624034313.188,New York Stock Exchange,NYSE,US,Healthcare,Medical - Diagnostics & Research,False,False,True,
PLD,"Prologis, Inc.",134825398180,144.61,2073285,299817743.85,New York Stock Exchange,NYSE,US,Real Estate,REIT - Industrial,False,False,True,
LMT,Lockheed Martin Corporation,134491147340,582.74,1418085,826374852.90,New York Stock Exchange,NYSE,US,Industrials,Aerospace & Defense,False,False,True,
BMY,Bristol-Myers Squibb Company,133367591700,65.31,10182442,665015287.02,New York Stock Exchange,NYSE,US,Healthcare,Drug Manufacturers - General,False,False,True,
CVS,CVS Health Corp.,133245369900,104.43,7079163,739276992.09,New York Stock Exchange,NYSE,US,Healthcare,Medical - Healthcare Plans,False,False,True,
APP,AppLovin Corporation,132998460323,395.9,15443673,6114150140.7,NASDAQ Global Select,NASDAQ,US,Technology,Software - Application,False,False,True,
COF,Capital One Financial Corporation,128224499850,209.01,4019144,840041287.44,New York Stock Exchange,NYSE,US,Financial Services,Financial - Credit Services,False,False,True,
SYK,Stryker Corporation,124860600183,325.7,3965292,1291495604.4,New York Stock Exchange,NYSE,US,Healthcare,Medical - Devices,False,False,True,
ISRG,"Intuitive Surgical, Inc.",124823715740,353.33,2412933,852561616.89,NASDAQ Global Select,NASDAQ,US,Healthcare,Medical - Instruments & Supplies,False,False,True,
PH,Parker-Hannifin Corporation,123127141450,976.53,343581,335517153.93,New York Stock Exchange,NYSE,US,Industrials,Industrial - Machinery,False,False,True,
PGR,The Progressive Corporation,122919588000,211.42,1690083,357317347.86,New York Stock Exchange,NYSE,US,Financial Services,Insurance - Property & Casualty,False,False,True,
SPGI,S&P Global Inc.,121436964000,411.93,1652060,680533075.80,New York Stock Exchange,NYSE,US,Financial Services,Financial - Data & Stock Exchanges,False,False,True,
VRTX,Vertex Pharmaceuticals Incorporated,121090564451,477.1,949700,453101870.0,NASDAQ Global Select,NASDAQ,US,Healthcare,Biotechnology,False,False,True,
SBUX,Starbucks Corporation,119985000000,105.25,12388715,1303912253.75,NASDAQ Global Select,NASDAQ,US,Consumer Cyclical,Restaurants,False,False,True,
GLW,Corning Inc,118983203500,138.25,12315316,1702592437.00,New York Stock Exchange,NYSE,US,Technology,"Hardware, Equipment & Parts",False,False,True,
FTNT,"Fortinet, Inc.",118652406922,161.95,6080807,984786693.65,NASDAQ Global Select,NASDAQ,US,Technology,Software - Infrastructure,False,False,True,
LOW,"Lowe's Companies, Inc.",116570985300,207.9,2570447,534395931.3,New York Stock Exchange,NYSE,US,Consumer Cyclical,Home Improvement,False,False,True,
NOW,"ServiceNow, Inc.",114996470260,111.23,18903638,2102651654.74,New York Stock Exchange,NYSE,US,Technology,Software - Application,False,False,True,
MO,"Altria Group, Inc.",114070185900,68.31,8036371,548964503.01,New York Stock Exchange,NYSE,US,Consumer Defensive,Tobacco,False,False,True,
HWM,Howmet Aerospace Inc.,112934338152,282.26,2176807,614425543.82,New York Stock Exchange,NYSE,US,Industrials,Aerospace & Defense,False,False,True,
BNY,Bank of New York Mellon Corp,107301629070,156.33,1521000,237777930.00,New York Stock Exchange,NYSE,US,Financial Services,Investment - Banking & Investment Services,False,False,True,
SO,The Southern Company,106574942000,94.54,5581013,527628969.02,New York Stock Exchange,NYSE,US,Utilities,Regulated Electric,False,False,True,
SOJE,Southern Company (The) Series 2,106574941988,16.55,52252,864770.60,New York Stock Exchange,NYSE,US,Utilities,Regulated Electric,False,False,True,
SOMN,The Southern Company,106574941971,49.65,132005,6554048.25,New York Stock Exchange,NYSE,US,Utilities,Regulated Electric,False,False,True,
ADP,"Automatic Data Processing, Inc.",106513121640,266.46,2462535,656167076.10,NASDAQ Global Select,NASDAQ,US,Technology,Software - Application,False,False,True,
GD,General Dynamics Corporation,103736964940,383.42,1523763,584241209.46,New York Stock Exchange,NYSE,US,Industrials,Aerospace & Defense,False,False,True,
SNOW,Snowflake Inc.,101650848000,293.28,5942398,1742786485.44,New York Stock Exchange,NYSE,US,Technology,Software - Application,False,False,True,
EQIX,"Equinix, Inc.",100574076106,1019.28,657712,670392687.36,NASDAQ Global Select,NASDAQ,US,Real Estate,REIT - Specialty,False,False,True,
MCK,McKesson Corporation,100241012820,856.19,616767,528069737.73,New York Stock Exchange,NYSE,US,Healthcare,Medical - Distribution,False,False,True,
PWR,"Quanta Services, Inc.",100144041600,667.36,1958502,1307025894.72,New York Stock Exchange,NYSE,US,Industrials,Engineering & Construction,False,False,True,
PNC,"The PNC Financial Services Group, Inc.",99698130999,249.87,1440389,359909999.43,New York Stock Exchange,NYSE,US,Financial Services,Banks - Regional,False,False,True,
ADBE,Adobe Inc.,99537975000,250.41,5540248,1387333501.68,NASDAQ Global Select,NASDAQ,US,Technology,Software - Application,False,False,True,
NET,"Cloudflare, Inc.",98921657323,278.7,3119645,869445061.5,New York Stock Exchange,NYSE,US,Technology,Software - Infrastructure,False,False,True,
NEM,Newmont Corporation,98741503278,93.71,5862801,549403081.71,New York Stock Exchange,NYSE,US,Basic Materials,Gold,False,False,True,
MAR,"Marriott International, Inc.",98311169870,372.83,1551701,578520683.83,NASDAQ Global Select,NASDAQ,US,Consumer Cyclical,Travel Lodging,False,False,True,
USB,U.S. Bancorp,98152676181,63.01,4421435,278594619.35,New York Stock Exchange,NYSE,US,Financial Services,Banks - Diversified,False,False,True,
DUK,Duke Energy Corporation,97784753498,125.43,3037005,380931537.15,New York Stock Exchange,NYSE,US,Utilities,Regulated Electric,False,False,True,
CME,CME Group Inc.,96291729768,267.79,3267689,875054437.31,NASDAQ Global Select,NASDAQ,US,Financial Services,Financial - Data & Stock Exchanges,False,False,True,
DDOG,"Datadog, Inc.",95386650239,267.97,5170133,1385440540.01,NASDAQ Global Select,NASDAQ,US,Technology,Software - Application,False,False,True,
CEG,Constellation Energy Corporation,94354055755,262.75,1849681,486003682.75,NASDAQ Global Select,NASDAQ,US,Utilities,Independent Power Producers,False,False,True,
MNST,Monster Beverage Corporation,94260421642,96.38,3880640,374016083.20,NASDAQ Global Select,NASDAQ,US,Consumer Defensive,Beverages - Non-Alcoholic,False,False,True,
CDNS,"Cadence Design Systems, Inc.",93782956320,340.02,2087614,709830512.28,NASDAQ Global Select,NASDAQ,US,Technology,Software - Application,False,False,True,
CSX,CSX Corporation,93364992000,50.4,15739146,793252958.4,NASDAQ Global Select,NASDAQ,US,Industrials,Railroads,False,False,True,
VRT,Vertiv Holdings Co,93001551160,241.57,10777769,2603585657.33,New York Stock Exchange,NYSE,US,Industrials,Electrical Equipment & Parts,False,False,True,
VLO,Valero Energy Corporation,92910335700,312.9,2385738,746497420.2,New York Stock Exchange,NYSE,US,Energy,Oil & Gas Refining & Marketing,False,False,True,
MPC,Marathon Petroleum Corporation,92389302390,316.47,1685886,533532342.42,New York Stock Exchange,NYSE,US,Energy,Oil & Gas Refining & Marketing,False,False,True,
KKR,KKR & Co. Inc.,91071252406,101.43,5290211,536586101.73,New York Stock Exchange,NYSE,US,Financial Services,Asset Management,False,False,True,
MMM,3M Company,90911547669,176.28,1868955,329459387.40,New York Stock Exchange,NYSE,US,Industrials,Conglomerates,False,False,True,
WM,"Waste Management, Inc.",90555474935,226.55,1581266,358235812.30,New York Stock Exchange,NYSE,US,Industrials,Waste Management,False,False,True,
MRSH,"Marsh & McLennan Companies, Inc.",90522205427,189.69,1529863,290199712.47,New York Stock Exchange,NYSE,US,Financial Services,Insurance - Brokers,False,False,True,
FCX,Freeport-McMoRan Inc.,90034382800,62.63,10782550,675311106.50,New York Stock Exchange,NYSE,US,Basic Materials,Copper,False,False,True,
ABNB,"Airbnb, Inc.",89929185066,151.52,2312348,350366968.96,NASDAQ Global Select,NASDAQ,US,Consumer Cyclical,Travel Services,False,False,True,
UPS,"United Parcel Service, Inc.",88543610762,104.23,4537872,472982398.56,New York Stock Exchange,NYSE,US,Industrials,Integrated Freight & Logistics,False,False,True,
CMI,Cummins Inc.,87512666291,634.2,891188,565191429.6,New York Stock Exchange,NYSE,US,Industrials,Industrial - Machinery,False,False,True,
WMB,"The Williams Companies, Inc.",87493295878,71.54,7246655,518425698.70,New York Stock Exchange,NYSE,US,Energy,Oil & Gas Midstream,False,False,True,
HCA,"HCA Healthcare, Inc.",87161341301,402.59,1255819,505580171.21,New York Stock Exchange,NYSE,US,Healthcare,Medical - Care Facilities,False,False,True,
INTU,Intuit Inc.,86456839590,316.07,3011897,951970284.79,NASDAQ,NASDAQ,US,Technology,Software - Application,False,False,True,
ICE,"Intercontinental Exchange, Inc.",85991627850,152.48,4387286,668973369.28,New York Stock Exchange,NYSE,US,Financial Services,Financial - Data & Stock Exchanges,False,False,True,
DASH,"DoorDash, Inc.",85470581565,196.16,3101626,608414956.16,NASDAQ Global Select,NASDAQ,US,Communication Services,Internet Content & Information,False,False,True,
RCL,Royal Caribbean Cruises Ltd.,85366468500,318.3,1947792,619982193.6,New York Stock Exchange,NYSE,US,Consumer Cyclical,Travel Services,False,False,True,
CMCSA,Comcast Corporation,85025340675,23.96,26242187,628762800.52,NASDAQ Global Select,NASDAQ,US,Communication Services,Telecommunications Services,False,False,True,
PSX,Phillips 66,84869925034,211.68,2911191,616240910.88,New York Stock Exchange,NYSE,US,Energy,Oil & Gas Refining & Marketing,False,False,True,
EMR,Emerson Electric Co.,83914182000,149.82,2123217,318100370.94,New York Stock Exchange,NYSE,US,Industrials,Industrial - Machinery,False,False,True,
MCO,Moody's Corporation,82855416000,478.38,843934,403721146.92,New York Stock Exchange,NYSE,US,Financial Services,Financial - Data & Stock Exchanges,False,False,True,
SHW,The Sherwin-Williams Company,82744115768,340.85,1674716,570826948.60,New York Stock Exchange,NYSE,US,Basic Materials,Chemicals - Specialty,False,False,True,
ITW,Illinois Tool Works Inc.,82555515000,286.95,780550,223978822.50,New York Stock Exchange,NYSE,US,Industrials,Industrial - Machinery,False,False,True,
EPD,Enterprise Products Partners L.P.,82321870212,38.05,3805911,144814913.55,New York Stock Exchange,NYSE,US,Energy,Oil & Gas Midstream,False,False,True,
CTAS,Cintas Corporation,81886695630,204.63,2183442,446797736.46,NASDAQ Global Select,NASDAQ,US,Industrials,Specialty Business Services,False,False,True,
ELV,Elevance Health Inc.,81508153954,375.84,692975,260447724.00,New York Stock Exchange,NYSE,US,Healthcare,Medical - Healthcare Plans,False,False,True,
AMT,American Tower Corporation,80778825600,173.36,4301315,745675968.40,New York Stock Exchange,NYSE,US,Real Estate,REIT - Specialty,False,False,True,
ROST,"Ross Stores, Inc.",80538504751,251.07,1607544,403606072.08,NASDAQ Global Select,NASDAQ,US,Consumer Cyclical,Apparel - Retail,False,False,True,
GM,General Motors Company,80369563933,88.86,3600846,319971175.56,New York Stock Exchange,NYSE,US,Consumer Cyclical,Auto - Manufacturers,False,False,True,
MDLZ,"Mondelez International, Inc.",79526876100,62.31,8126973,506391687.63,NASDAQ Global Select,NASDAQ,US,Consumer Defensive,Food Confectioners,False,False,True,
EOG,"EOG Resources, Inc.",79196606010,148.69,2727209,405508706.21,New York Stock Exchange,NYSE,US,Energy,Oil & Gas Exploration & Production,False,False,True,
REGN,"Regeneron Pharmaceuticals, Inc.",78567667860,762.63,1126578,859162180.14,NASDAQ Global Select,NASDAQ,US,Healthcare,Biotechnology,False,False,True,
ECL,Ecolab Inc.,78135631940,277.63,1045280,290201086.40,New York Stock Exchange,NYSE,US,Basic Materials,Chemicals - Specialty,False,False,True,
TRV,"The Travelers Companies, Inc.",78082145236,374.36,1298848,486236737.28,New York Stock Exchange,NYSE,US,Financial Services,Insurance - Property & Casualty,False,False,True,
HOOD,"Robinhood Markets, Inc.",77817438182,86.56,22775741,1971468140.96,NASDAQ Global Select,NASDAQ,US,Financial Services,Financial - Capital Markets,False,False,True,
BAM,Brookfield Asset Management Ltd.,77284465826,48.4,2242328,108528675.2,New York Stock Exchange,NYSE,US,Financial Services,Asset Management,False,False,True,
NOC,Northrop Grumman Corporation,77066336240,542.48,521734,283030260.32,New York Stock Exchange,NYSE,US,Industrials,Aerospace & Defense,False,False,True,
HON,Honeywell International Inc.,77032267000,243.05,3299187,801867400.35,NASDAQ Global Select,NASDAQ,US,Industrials,Conglomerates,False,False,True,
NSC,Norfolk Southern Corporation,75351491840,335.48,613540,205830399.20,New York Stock Exchange,NYSE,US,Industrials,Railroads,False,False,True,
SNPS,"Synopsys, Inc.",74439502387,388.76,2248186,874004789.36,NASDAQ Global Select,NASDAQ,US,Technology,Software - Infrastructure,False,False,True,
SPG,"Simon Property Group, Inc.",74380562340,229.37,745712,171043961.44,New York Stock Exchange,NYSE,US,Real Estate,REIT - Retail,False,False,True,
SLB,Slb N.V.,74140025400,49.59,10221832,506900648.88,New York Stock Exchange,NYSE,US,Energy,Oil & Gas Equipment & Services,False,False,True,
ORLY,"O'Reilly Automotive, Inc.",74045685250,89.35,5684090,507873441.50,NASDAQ Global Select,NASDAQ,US,Consumer Cyclical,Specialty Retail,False,False,True,
CI,Cigna Corporation,73817654321,279.05,1731318,483124287.90,New York Stock Exchange,NYSE,US,Healthcare,Medical - Healthcare Plans,False,False,True,
CL,Colgate-Palmolive Company,73057255700,91.3,4326898,395045787.4,New York Stock Exchange,NYSE,US,Consumer Defensive,Household & Personal Products,False,False,True,
FDX,FedEx Corporation,72725057191,307.4,925374,284459967.6,New York Stock Exchange,NYSE,US,Industrials,Integrated Freight & Logistics,False,False,True,
APO,"Apollo Global Management, Inc.",72404834458,125.59,3158220,396640849.80,New York Stock Exchange,NYSE,US,Financial Services,Asset Management,False,False,True,
MSI,"Motorola Solutions, Inc.",72332757000,435.75,440479,191938724.25,New York Stock Exchange,NYSE,US,Technology,Communication Equipment,False,False,True,
HLT,Hilton Worldwide Holdings Inc.,72131081850,320.49,1721132,551605594.68,New York Stock Exchange,NYSE,US,Consumer Cyclical,Travel Lodging,False,False,True,
KMI,"Kinder Morgan, Inc.",71658424000,32.18,6118751,196901407.18,New York Stock Exchange,NYSE,US,Energy,Oil & Gas Midstream,False,False,True,
TDG,TransDigm Group Incorporated,70161989168,1254.38,328974,412658406.12,New York Stock Exchange,NYSE,US,Industrials,Aerospace & Defense,False,False,True,
ET,Energy Transfer LP,70062002880,20.36,8171860,166379069.60,New York Stock Exchange,NYSE,US,Energy,Oil & Gas Midstream,False,False,True,
MPWR,"Monolithic Power Systems, Inc.",70060853900,1426.03,1545412,2203803874.36,NASDAQ Global Select,NASDAQ,US,Technology,Semiconductors,False,False,True,
PCAR,PACCAR Inc,69827626347,132.68,3031047,402159315.96,NASDAQ Global Select,NASDAQ,US,Industrials,Industrial - Machinery,False,False,True,
DLR,"Digital Realty Trust, Inc.",69747875897,188.52,1384758,261054578.16,New York Stock Exchange,NYSE,US,Real Estate,REIT - Specialty,False,False,True,
AEP,"American Electric Power Company, Inc.",69563824250,127.85,5721171,731451712.35,NASDAQ Global Select,NASDAQ,US,Utilities,Regulated Electric,False,False,True,
BSX,Boston Scientific Corporation,69457377515,46.73,18672329,872557934.17,New York Stock Exchange,NYSE,US,Healthcare,Medical - Devices,False,False,True,
APOS,"Apollo Global Management, Inc.",69076401419,25.68,22992,590434.56,New York Stock Exchange,NYSE,US,Financial Services,Asset Management,False,False,True,
CVNA,Carvana Co.,68398672194,62.36,11873472,740429713.92,New York Stock Exchange,NYSE,US,Consumer Cyclical,Auto - Dealerships,False,False,True,
ALL,The Allstate Corporation,67979737680,264.08,823177,217384582.16,New York Stock Exchange,NYSE,US,Financial Services,Insurance - Property & Casualty,False,False,True,
URI,"United Rentals, Inc.",67175840550,1079.26,381112,411318937.12,New York Stock Exchange,NYSE,US,Industrials,Rental & Leasing Services,False,False,True,
WBD,"Warner Bros. Discovery, Inc.",65937695263,26.3,37061712,974723025.6,NASDAQ Global Select,NASDAQ,US,Communication Services,Entertainment,False,False,True,
APD,"Air Products and Chemicals, Inc.",65666400090,294.89,989711,291855876.79,New York Stock Exchange,NYSE,US,Basic Materials,Chemicals - Specialty,False,False,True,
TGT,Target Corporation,65616973770,144.47,2220101,320737991.47,New York Stock Exchange,NYSE,US,Consumer Defensive,Discount Stores,False,False,True,
HONA,Honeywell Aerospace Inc,65524123915,206.74,2301217,475753602.58,NASDAQ,NASDAQ,US,Industrials,Aerospace & Defense,False,False,True,
GWW,"W.W. Grainger, Inc.",65258891082,1382.22,193529,267499654.38,New York Stock Exchange,NYSE,US,Industrials,Industrial - Distribution,False,False,True,
AFL,Aflac Incorporated,64885407800,127.48,1134703,144651938.44,New York Stock Exchange,NYSE,US,Financial Services,Insurance - Life,False,False,True,
RSG,"Republic Services, Inc.",64778655200,210.55,1150079,242149133.45,New York Stock Exchange,NYSE,US,Industrials,Waste Management,False,False,True,
TFC,Truist Financial Corporation,64586419200,51.84,4897865,253905321.60,New York Stock Exchange,NYSE,US,Financial Services,Banks - Regional,False,False,True,
AJG,Arthur J. Gallagher & Co.,64077130616,249.42,1293024,322506046.08,New York Stock Exchange,NYSE,US,Financial Services,Insurance - Brokers,False,False,True,
HPE,Hewlett Packard Enterprise Company,63402864585,47.88,13293136,636475351.68,New York Stock Exchange,NYSE,US,Technology,Computer Hardware,False,False,True,
MET,"MetLife, Inc.",61853577565,96.13,3743300,359843429.00,New York Stock Exchange,NYSE,US,Financial Services,Insurance - Life,False,False,True,
NKE,"NIKE, Inc.",61722926195,41.71,22584710,942008254.10,New York Stock Exchange,NYSE,US,Consumer Cyclical,Apparel - Footwear & Accessories,False,False,True,
FIX,"Comfort Systems USA, Inc.",60875228767,1729.69,337484,583742699.96,New York Stock Exchange,NYSE,US,Industrials,Engineering & Construction,False,False,True,
D,"Dominion Energy, Inc.",60836809892,69.17,3523844,243744289.48,New York Stock Exchange,NYSE,US,Utilities,Regulated Electric,False,False,True,
BE,Bloom Energy Corporation,60616601870,205.81,21633305,4452350502.05,New York Stock Exchange,NYSE,US,Industrials,Electrical Equipment & Parts,False,False,True,
COR,"Cencora, Inc.",60574640420,311.34,596633,185755718.22,New York Stock Exchange,NYSE,US,Healthcare,Medical - Distribution,False,False,True,
PSA,Public Storage,60449924920,324.17,787527,255292627.59,New York Stock Exchange,NYSE,US,Real Estate,REIT - Industrial,False,False,True,
BKR,Baker Hughes Company,60046850260,60.49,5424154,328107075.46,NASDAQ,NASDAQ,US,Energy,Oil & Gas Equipment & Services,False,False,True,
BDX,"Becton, Dickinson and Company",60003314628,165.62,1283378,212553064.36,New York Stock Exchange,NYSE,US,Healthcare,Medical - Instruments & Supplies,False,False,True,
O,Realty Income Corporation,59558327910,63.87,5722634,365504633.58,New York Stock Exchange,NYSE,US,Real Estate,REIT - Retail,False,False,True,
MPLX,MPLX Lp,59311185876,58.45,1201432,70223700.40,New York Stock Exchange,NYSE,US,Energy,Oil & Gas Midstream,False,False,True,
NUE,Nucor Corporation,58595481890,257.29,813534,209314162.86,New York Stock Exchange,NYSE,US,Basic Materials,Steel,False,False,True,
F,Ford Motor Company,58537906696,14.68,46174682,677844331.76,New York Stock Exchange,NYSE,US,Consumer Cyclical,Auto - Manufacturers,False,False,True,
TRGP,Targa Resources Corp.,58033298280,270.37,617414,166930223.18,New York Stock Exchange,NYSE,US,Energy,Oil & Gas Midstream,False,False,True,
SRE,Sempra,57885754850,88.55,2761528,244533304.40,New York Stock Exchange,NYSE,US,Utilities,Diversified Utilities,False,False,True,
TER,"Teradyne, Inc.",57558927980,367.69,3765268,1384451390.92,NASDAQ Global Select,NASDAQ,US,Technology,Semiconductors,False,False,True,
DAL,"Delta Air Lines, Inc.",57502555120,87.44,4642676,405955589.44,New York Stock Exchange,NYSE,US,Industrials,"Airlines, Airports & Air Services",False,False,True,
OKE,"ONEOK, Inc.",57213283290,90.81,5140463,466805445.03,New York Stock Exchange,NYSE,US,Energy,Oil & Gas Midstream,False,False,True,
FANG,"Diamondback Energy, Inc.",57092473350,202.95,1632861,331389139.95,NASDAQ Global Select,NASDAQ,US,Energy,Oil & Gas Exploration & Production,False,False,True,
OXY,Occidental Petroleum Corporation,56763802386,57.07,6690461,381824609.27,New York Stock Exchange,NYSE,US,Energy,Oil & Gas Exploration & Production,False,False,True,
LITE,Lumentum Holdings Inc.,55544532000,713.94,4530669,3234625825.86,NASDAQ Global Select,NASDAQ,US,Technology,Communication Equipment,False,False,True,
AME,"AMETEK, Inc.",55400657130,241.71,725945,175468165.95,New York Stock Exchange,NYSE,US,Industrials,Electrical Equipment & Parts,False,False,True,
LNG,"Cheniere Energy, Inc.",55231620640,263.57,893184,235416506.88,New York Stock Exchange,NYSE,US,Energy,Oil & Gas Midstream,False,False,True,
FAST,Fastenal Company,54747225000,47.71,8989225,428875924.75,NASDAQ Global Select,NASDAQ,US,Industrials,Industrial - Distribution,False,False,True,
KEYS,"Keysight Technologies, Inc.",54529294021,319.08,1147349,366096118.92,New York Stock Exchange,NYSE,US,Technology,"Hardware, Equipment & Parts",False,False,True,
CAH,"Cardinal Health, Inc.",53874406180,230.03,1169471,269013414.13,New York Stock Exchange,NYSE,US,Healthcare,Medical - Distribution,False,False,True,
ROK,"Rockwell Automation, Inc.",53420421920,480.08,921537,442411482.96,New York Stock Exchange,NYSE,US,Industrials,Industrial - Machinery,False,False,True,
CIEN,Ciena Corporation,53372529240,377.05,1678876,633020195.80,New York Stock Exchange,NYSE,US,Technology,Communication Equipment,False,False,True,
ALAB,"Astera Labs, Inc. Common Stock",53347292855,311.23,5239421,1630664997.83,NASDAQ Global Select,NASDAQ,US,Technology,Semiconductors,False,False,True,
EA,Electronic Arts Inc.,52965272033,209.86,4850620,1017951113.20,NASDAQ Global Select,NASDAQ,US,Technology,Electronic Gaming & Multimedia,False,False,True,
NDAQ,"Nasdaq, Inc.",52650078669,94.19,3181751,299689126.69,NASDAQ Global Select,NASDAQ,US,Financial Services,Financial - Data & Stock Exchanges,False,False,True,
CTVA,"Corteva, Inc.",52642822200,78.71,10711043,843066194.53,New York Stock Exchange,NYSE,US,Basic Materials,Agricultural Inputs,False,False,True,
LHX,"L3Harris Technologies, Inc.",51614892700,277.06,2281078,631995470.68,New York Stock Exchange,NYSE,US,Industrials,Aerospace & Defense,False,False,True,
COHR,"Coherent, Inc.",51431621098,262.89,4730235,1243531479.15,New York Stock Exchange,NYSE,US,Technology,"Hardware, Equipment & Parts",False,False,True,
FITB,Fifth Third Bancorp,51206628000,56.5,3706039,209391203.5,New York Stock Exchange,NYSE,US,Financial Services,Banks - Regional,False,False,True,
STT,State Street Corporation,50969410720,184.16,1426238,262655990.08,New York Stock Exchange,NYSE,US,Financial Services,Asset Management,False,False,True,
CARR,Carrier Global Corporation,50951531773,61.81,6115546,378001898.26,New York Stock Exchange,NYSE,US,Industrials,Industrial - Machinery,False,False,True,
EBAY,eBay Inc.,50620440000,114.01,2883556,328754219.56,NASDAQ Global Select,NASDAQ,US,Consumer Cyclical,Specialty Retail,False,False,True,
PYPL,"PayPal Holdings, Inc.",50465227050,57.21,9391222,537271810.62,NASDAQ Global Select,NASDAQ,US,Financial Services,Financial - Credit Services,False,False,True,
ETR,Entergy Corporation,50218881815,107.62,2602811,280114519.82,New York Stock Exchange,NYSE,US,Utilities,Regulated Electric,False,False,True,
ELC,"Entergy Louisiana, LLC COLLATERAL TR MT",50218881813,20.02,18999,380359.98,New York Stock Exchange,NYSE,US,Utilities,Regulated Electric,False,False,True,
VST,Vistra Corp.,49967069933,148.19,3784028,560755109.32,New York Stock Exchange,NYSE,US,Utilities,Independent Power Producers,False,False,True,
HEI,HEICO Corporation,49647957601,356.36,449908,160329214.88,New York Stock Exchange,NYSE,US,Industrials,Aerospace & Defense,False,False,True,
EW,Edwards Lifesciences Corporation,49559106000,86.07,3948459,339843866.13,New York Stock Exchange,NYSE,US,Healthcare,Medical - Devices,False,False,True,
ADSK,"Autodesk, Inc.",49450217784,234.2,1944851,455484104.2,NASDAQ Global Select,NASDAQ,US,Technology,Software - Application,False,False,True,
AZO,"AutoZone, Inc.",49241484734,3016.25,94145,283964856.25,New York Stock Exchange,NYSE,US,Consumer Cyclical,Specialty Retail,False,False,True,
WAB,Westinghouse Air Brake Technologies Corporation,49129453460,290.86,725312,210964248.32,New York Stock Exchange,NYSE,US,Industrials,Railroads,False,False,True,
AMP,"Ameriprise Financial, Inc.",49069433064,545.84,299955,163727437.20,New York Stock Exchange,NYSE,US,Financial Services,Asset Management,False,False,True,
XEL,Xcel Energy Inc.,48817879592,78.2,7003270,547655714.0,NASDAQ Global Select,NASDAQ,US,Utilities,Regulated Electric,False,False,True,
XYZ,"Block, Inc.",48352503303,81.24,4695656,381475093.44,New York Stock Exchange,NYSE,US,Technology,Software - Infrastructure,False,False,True,
CMG,"Chipotle Mexican Grill, Inc.",47768865200,37.24,11664866,434399609.84,New York Stock Exchange,NYSE,US,Consumer Cyclical,Restaurants,False,False,True,
EXC,Exelon Corporation,46883482200,45.82,9442910,432674136.20,NASDAQ Global Select,NASDAQ,US,Utilities,Regulated Electric,False,False,True,
PCG,PG&E Corporation,46580320420,17.38,24028658,417618076.04,New York Stock Exchange,NYSE,US,Utilities,Regulated Electric,False,False,True,
VTR,"Ventas, Inc.",45461756700,93.51,2686521,251216578.71,New York Stock Exchange,NYSE,US,Real Estate,REIT - Healthcare Facilities,False,False,True,
FERG,Ferguson plc,45445449361,234.33,1599983,374924016.39,New York Stock Exchange,NYSE,US,Industrials,Industrial - Distribution,False,False,True,
TTWO,"Take-Two Interactive Software, Inc.",45421181600,242.92,1929053,468605554.76,NASDAQ Global Select,NASDAQ,US,Technology,Electronic Gaming & Multimedia,False,False,True,
CBRS,Cerebras Systems Inc.,45015270798,198.71,3681197,731490655.87,NASDAQ Global Market,NASDAQ,US,Technology,Semiconductors,False,False,True,
ODFL,"Old Dominion Freight Line, Inc.",44118391556,212.14,1616031,342824816.34,NASDAQ Global Select,NASDAQ,US,Industrials,Trucking,False,False,True,
IDXX,"IDEXX Laboratories, Inc.",44101118810,559.07,616495,344663859.65,NASDAQ Global Select,NASDAQ,US,Healthcare,Medical - Diagnostics & Research,False,False,True,
HUM,Humana Inc.,43668950640,363.72,1131297,411475344.84,New York Stock Exchange,NYSE,US,Healthcare,Medical - Healthcare Plans,False,False,True,
CBRE,"CBRE Group, Inc.",42988463770,146.81,1829199,268544705.19,New York Stock Exchange,NYSE,US,Real Estate,Real Estate - Services,False,False,True,
AXON,"Axon Enterprise, Inc.",42538552158,527.76,461328,243470465.28,NASDAQ Global Select,NASDAQ,US,Industrials,Aerospace & Defense,False,False,True,
PRU,"Prudential Financial, Inc.",42361862059,122.08,1280513,156325027.04,New York Stock Exchange,NYSE,US,Financial Services,Insurance - Life,False,False,True,
KDP,Keurig Dr Pepper Inc.,42340610738,31.12,10866659,338170428.08,NASDAQ Global Select,NASDAQ,US,Consumer Defensive,Beverages - Non-Alcoholic,False,False,True,
YUM,"Yum! Brands, Inc.",42247217843,153.28,1813047,277903844.16,New York Stock Exchange,NYSE,US,Consumer Cyclical,Restaurants,False,False,True,
ARES,Ares Management Corporation,42066671714,128.09,2832771,362849637.39,New York Stock Exchange,NYSE,US,Financial Services,Asset Management,False,False,True,
WDAY,"Workday, Inc.",41999797436,160.34,4086517,655232135.78,NASDAQ Global Select,NASDAQ,US,Technology,Software - Application,False,False,True,
FLEX,Flex Ltd.,41676811768,113.75,5773961,656788063.75,NASDAQ Global Select,NASDAQ,US,Technology,"Hardware, Equipment & Parts",False,False,True,
AIG,"American International Group, Inc.",41663587480,78.58,1777389,139667227.62,New York Stock Exchange,NYSE,US,Financial Services,Insurance - Diversified,False,False,True,
MSCI,MSCI Inc.,41601848000,572.24,458328,262273614.72,New York Stock Exchange,NYSE,US,Financial Services,Financial - Data & Stock Exchanges,False,False,True,
PAYX,"Paychex, Inc.",41557985362,116.84,3286009,383937291.56,NASDAQ Global Select,NASDAQ,US,Industrials,Staffing & Employment Services,False,False,True,
SYY,Sysco Corporation,40760318920,85.24,3271424,278856181.76,New York Stock Exchange,NYSE,US,Consumer Defensive,Food Distribution,False,False,True,
LYV,"Live Nation Entertainment, Inc.",40522314690,174.13,4291979,747362303.27,New York Stock Exchange,NYSE,US,Communication Services,Entertainment,False,False,True,
MCHP,Microchip Technology Incorporated,40340064320,74.29,10849733,806026664.57,NASDAQ Global Select,NASDAQ,US,Technology,Semiconductors,False,False,True,
AU,AngloGold Ashanti plc,40115784459,79.32,7344049,582529966.68,New York Stock Exchange,NYSE,US,Basic Materials,Gold,False,False,True,
ED,"Consolidated Edison, Inc.",40114490500,108.85,1435897,156297388.45,New York Stock Exchange,NYSE,US,Utilities,Regulated Electric,False,False,True,
DHI,"D.R. Horton, Inc.",40014063257,143.06,1596117,228340498.02,New York Stock Exchange,NYSE,US,Consumer Cyclical,Residential Construction,False,False,True,
RVMD,"Revolution Medicines, Inc.",39868127880,187.53,1474187,276454288.11,NASDAQ Global Select,NASDAQ,US,Healthcare,Biotechnology,False,False,True,
ROP,"Roper Technologies, Inc.",39556436490,391.97,712860,279419734.20,NASDAQ Global Select,NASDAQ,US,Technology,Software - Application,False,False,True,
UAL,"United Airlines Holdings, Inc.",39380045098,121.33,2557239,310269807.87,NASDAQ Global Select,NASDAQ,US,Industrials,"Airlines, Airports & Air Services",False,False,True,
CRWV,"CoreWeave, Inc. Class A Common Stock",39155587967,71.77,25394767,1822582427.59,NASDAQ Global Market,NASDAQ,US,Technology,Software - Infrastructure,False,False,True,
A,"Agilent Technologies, Inc.",39080115840,138.37,1322269,182962361.53,New York Stock Exchange,NYSE,US,Healthcare,Medical - Diagnostics & Research,False,False,True,
HIG,"The Hartford Insurance Group, Inc.",38901904666,141.91,777767,110372914.97,New York Stock Exchange,NYSE,US,Financial Services,Insurance - Diversified,False,False,True,
IQV,IQVIA Holdings Inc.,38684292000,235.02,934084,219528421.68,New York Stock Exchange,NYSE,US,Healthcare,Medical - Diagnostics & Research,False,False,True,
COIN,"Coinbase Global, Inc.",38533773244,146.26,20501639,2998569720.14,NASDAQ Global Select,NASDAQ,US,Financial Services,Financial - Data & Stock Exchanges,False,False,True,
NTRA,"Natera, Inc.",38347248400,267.76,1312960,351558169.60,NASDAQ Global Select,NASDAQ,US,Healthcare,Medical - Diagnostics & Research,False,False,True,
PEG,Public Service Enterprise Group Incorporated,38211285105,76.68,3666708,281163169.44,New York Stock Exchange,NYSE,US,Utilities,Regulated Electric,False,False,True,
ADM,Archer-Daniels-Midland Company,38204731390,79.27,3484047,276180405.69,New York Stock Exchange,NYSE,US,Consumer Defensive,Agricultural Farm Products,False,False,True,
CCL,Carnival Corporation & plc,38089941999,27.81,17254862,479857712.22,New York Stock Exchange,NYSE,US,Consumer Cyclical,Travel Services,False,False,True,
RKLB,"Rocket Lab USA, Inc.",37597442501,64.95,13454950,873899002.50,NASDAQ Capital Market,NASDAQ,US,Industrials,Aerospace & Defense,False,False,True,
KVUE,Kenvue Inc.,36940966772,19.24,15312673,294615828.52,New York Stock Exchange,NYSE,US,Consumer Defensive,Household & Personal Products,False,False,True,
RKT,"Rocket Companies, Inc.",36429782974,12.9,21326294,275109192.6,New York Stock Exchange,NYSE,US,Financial Services,Financial - Mortgages,False,False,True,
IRM,Iron Mountain Incorporated,36393218980,122.32,1275991,156079219.12,New York Stock Exchange,NYSE,US,Real Estate,REIT - Specialty,False,False,True,
KMB,Kimberly-Clark Corporation,36284361400,109.31,4165593,455340970.83,NASDAQ,NASDAQ,US,Consumer Defensive,Household & Personal Products,False,False,True,
STLD,"Steel Dynamics, Inc.",36012618406,251.26,884946,222351531.96,NASDAQ Global Select,NASDAQ,US,Basic Materials,Steel,False,False,True,
MTB,M&T Bank Corporation,35695548570,246.29,1144741,281938260.89,New York Stock Exchange,NYSE,US,Financial Services,Banks - Regional,False,False,True,
WEC,"WEC Energy Group, Inc.",35640938920,109.42,1289099,141053212.58,New York Stock Exchange,NYSE,US,Utilities,Regulated Electric,False,False,True,
HSY,The Hershey Company,35507732444,175.05,2173838,380530341.90,New York Stock Exchange,NYSE,US,Consumer Defensive,Food Confectioners,False,False,True,
EME,"EMCOR Group, Inc.",35438028429,797.43,609310,485882073.30,New York Stock Exchange,NYSE,US,Industrials,Engineering & Construction,False,False,True,
KR,The Kroger Co.,35374237780,57.74,4295518,248023209.32,New York Stock Exchange,NYSE,US,Consumer Defensive,Grocery Stores,False,False,True,
NTAP,"NetApp, Inc.",35027769000,178.5,1730952,308974932.0,NASDAQ Global Select,NASDAQ,US,Technology,Computer Hardware,False,False,True,
PPLC,PPL Corporation,34892148651,46.98,24439,1148144.22,New York Stock Exchange,NYSE,US,Utilities,Regulated Electric,False,False,True,
VMC,Vulcan Materials Company,34848300350,268.57,1982842,532531875.94,New York Stock Exchange,NYSE,US,Basic Materials,Construction Materials,False,False,True,
HBAN,Huntington Bancshares Incorporated,34542295200,17.04,15563891,265208702.64,NASDAQ Global Select,NASDAQ,US,Financial Services,Banks - Regional,False,False,True,
RJF,"Raymond James Financial, Inc.",33805758000,175.98,783703,137916053.94,New York Stock Exchange,NYSE,US,Financial Services,Financial - Capital Markets,False,False,True,
EXPE,"Expedia Group, Inc.",33747324733,294.74,1117959,329507235.66,NASDAQ Global Select,NASDAQ,US,Consumer Cyclical,Travel Services,False,False,True,
UI,Ubiquiti Inc.,33681750744,556.52,76584,42620527.68,New York Stock Exchange,NYSE,US,Technology,Communication Equipment,False,False,True,
CCI,Crown Castle Inc.,33343100000,76.3,5005084,381887909.2,New York Stock Exchange,NYSE,US,Real Estate,REIT - Specialty,False,False,True,
NTRS,Northern Trust Corporation,33334278570,182.19,1179051,214811301.69,NASDAQ Global Select,NASDAQ,US,Financial Services,Asset Management,False,False,True,
EQT,EQT Corporation,33330620060,53.285,4324582,230435351.870,New York Stock Exchange,NYSE,US,Energy,Oil & Gas Exploration & Production,False,False,True,
MDLN,Medline Inc.,33215411025,39.28,3988203,156656613.84,NASDAQ Global Select,NASDAQ,US,Healthcare,Medical - Instruments & Supplies,False,False,True,
VEEV,Veeva Systems Inc.,33102693840,203.78,1577060,321373286.80,New York Stock Exchange,NYSE,US,Technology,Software - Application,False,False,True,
JBL,Jabil Inc.,33013172389,315.05,1266628,399051151.40,New York Stock Exchange,NYSE,US,Technology,"Hardware, Equipment & Parts",False,False,True,
VG,"Venture Global, Inc.",32671945440,13.38,9143872,122345007.36,New York Stock Exchange,NYSE,US,Energy,Oil & Gas Midstream,False,False,True,
IR,Ingersoll Rand Inc.,32629679060,83.38,5402852,450489799.76,New York Stock Exchange,NYSE,US,Industrials,Industrial - Machinery,False,False,True,
ZTS,Zoetis Inc.,32402132120,77.29,5017170,387777069.30,New York Stock Exchange,NYSE,US,Healthcare,Drug Manufacturers - General,False,False,True,
CASY,"Casey's General Stores, Inc.",32231267900,871,218805,190579155,NASDAQ,NASDAQ,US,Consumer Cyclical,Specialty Retail,False,False,True,
DXCM,"DexCom, Inc.",32201099931,83.45,11764839,981775814.55,NASDAQ Global Select,NASDAQ,US,Healthcare,Medical - Devices,False,False,True,
CQP,"Cheniere Energy Partners, L.P.",31899158600,65.9,135572,8934194.8,New York Stock Exchange,NYSE,US,Energy,Oil & Gas Midstream,False,False,True,
ON,ON Semiconductor Corporation,31761469460,81.61,7374158,601805034.38,NASDAQ Global Select,NASDAQ,US,Technology,Semiconductors,False,False,True,
LVS,Las Vegas Sands Corp.,31666111228,48.89,4194409,205064656.01,New York Stock Exchange,NYSE,US,Consumer Cyclical,"Gambling, Resorts & Casinos",False,False,True,
MLM,"Martin Marietta Materials, Inc.",31532503926,525.14,1025374,538464902.36,New York Stock Exchange,NYSE,US,Basic Materials,Construction Materials,False,False,True,
EXR,Extra Space Storage Inc.,31275078440,148.04,971802,143865568.08,New York Stock Exchange,NYSE,US,Real Estate,REIT - Industrial,False,False,True,
STRC,Strategy Inc,31190610994,89.46,2064448,184685518.08,NASDAQ Global Select,NASDAQ,US,Technology,Software - Application,False,False,True,
ILMN,"Illumina, Inc.",31031630000,205.1,4099189,840743663.9,NASDAQ Global Select,NASDAQ,US,Healthcare,Medical - Diagnostics & Research,False,False,True,
MSTR,Strategy Inc,30857770240,93.28,20486826,1911011129.28,NASDAQ,NASDAQ,US,Technology,Software - Application,False,False,True,
TPR,"Tapestry, Inc.",30785596650,152.37,1182739,180213941.43,New York Stock Exchange,NYSE,US,Consumer Cyclical,Luxury Goods,False,False,True,
CNC,Centene Corp.,30736368900,62.22,2692169,167506755.18,New York Stock Exchange,NYSE,US,Healthcare,Medical - Healthcare Plans,False,False,True,
GEHC,GE HealthCare Technologies Inc.,30723698861,68.02,4922333,334817090.66,NASDAQ Global Select,NASDAQ,US,Healthcare,Medical - Healthcare Information Services,False,False,True,
KHC,The Kraft Heinz Company,30652351942,25.85,12505028,323254973.80,NASDAQ Global Select,NASDAQ,US,Consumer Defensive,Packaged Foods,False,False,True,
RMD,ResMed Inc.,30603995896,210.98,874887,184583659.26,New York Stock Exchange,NYSE,US,Healthcare,Medical - Devices,False,False,True,
TDY,Teledyne Technologies Incorporated,30388354059,655.57,331221,217138550.97,New York Stock Exchange,NYSE,US,Technology,"Hardware, Equipment & Parts",False,False,True,
EL,The Estée Lauder Companies Inc.,30344502464,83.9,1341757,112573412.3,New York Stock Exchange,NYSE,US,Consumer Defensive,Household & Personal Products,False,False,True,
AEE,Ameren Corporation,30334786720,109.61,2754452,301915483.72,New York Stock Exchange,NYSE,US,Utilities,Regulated Electric,False,False,True,
CFG,"Citizens Financial Group, Inc.",30299495300,71.65,1569579,112460335.35,New York Stock Exchange,NYSE,US,Financial Services,Banks - Regional,False,False,True,
BIIB,Biogen Inc.,29986673894,202.95,1025431,208111221.45,NASDAQ Global Select,NASDAQ,US,Healthcare,Drug Manufacturers - General,False,False,True,
TWLO,Twilio Inc.,29952571271,197.35,1560118,307889287.30,New York Stock Exchange,NYSE,US,Technology,Software - Infrastructure,False,False,True,
DTE,DTE Energy Company,29521444560,141.87,731390,103762299.30,New York Stock Exchange,NYSE,US,Utilities,Regulated Electric,False,False,True,
DTW,DTE Energy Company JR SUB DB 2017 E,29500666647,20.21,33680,680672.80,New York Stock Exchange,NYSE,US,Utilities,Regulated Electric,False,False,True,
SUNB,Sunbelt Rentals Holdings Inc,29483426717,71.92,1626899,117006576.08,New York Stock Exchange,NYSE,US,Industrials,Rental & Leasing Services,False,False,True,
CPNG,"Coupang, Inc.",29349300242,16.35,11998737,196179349.95,New York Stock Exchange,NYSE,US,Consumer Cyclical,Specialty Retail,False,False,True,
VICI,VICI Properties Inc.,29013392573,26.35,9760445,257187725.75,New York Stock Exchange,NYSE,US,Real Estate,REIT - Diversified,False,False,True,
ATO,Atmos Energy Corporation,28840406845,172.78,505716,87377610.48,New York Stock Exchange,NYSE,US,Utilities,Regulated Gas,False,False,True,
FISV,"Fiserv, Inc.",28763720760,53.94,3519896,189863190.24,NASDAQ Global Select,NASDAQ,US,Technology,Information Technology Services,False,False,True,
MTD,Mettler-Toledo International Inc.,28620023880,1416.3,208933,295911807.9,New York Stock Exchange,NYSE,US,Healthcare,Medical - Diagnostics & Research,False,False,True,
NRG,"NRG Energy, Inc.",28333309940,134.29,1377303,184958019.87,New York Stock Exchange,NYSE,US,Utilities,Independent Power Producers,False,False,True,
LPLA,LPL Financial Holdings Inc.,28289937936,353.7,1223204,432647254.8,NASDAQ Global Select,NASDAQ,US,Financial Services,Financial - Capital Markets,False,False,True,
EIX,Edison International,28232335780,73.37,5990118,439494957.66,New York Stock Exchange,NYSE,US,Utilities,Regulated Electric,False,False,True,
ZM,"Zoom Communications, Inc.",28170820048,96.07,4590060,440967064.20,NASDAQ Global Select,NASDAQ,US,Technology,Software - Application,False,False,True,
DVN,Devon Energy Corporation,28045186039,45.13,6442796,290763383.48,New York Stock Exchange,NYSE,US,Energy,Oil & Gas Exploration & Production,False,False,True,
DG,Dollar General Corporation,28021121768,127.03,919574,116813485.22,New York Stock Exchange,NYSE,US,Consumer Defensive,Discount Stores,False,False,True,
FE,FirstEnergy Corp.,27954095115,48.31,4663176,225278032.56,New York Stock Exchange,NYSE,US,Utilities,Regulated Electric,False,False,True,
TPL,Texas Pacific Land Corporation,27767713952,402.58,391258,157512645.64,New York Stock Exchange,NYSE,US,Energy,Oil & Gas Exploration & Production,False,False,True,
CNP,"CenterPoint Energy, Inc.",27692588800,42.04,5413531,227584843.24,New York Stock Exchange,NYSE,US,Utilities,Regulated Electric,False,False,True,
SYM,Symbotic Inc.,27625055506,43.05,1070720,46094496.00,NASDAQ Global Market,NASDAQ,US,Industrials,Industrial - Machinery,False,False,True,
DOV,Dover Corporation,27558221600,204.62,905475,185278294.50,New York Stock Exchange,NYSE,US,Industrials,Industrial - Machinery,False,False,True,
Q,"Qnity Electronics, Inc.",27461117174,131.18,1272135,166878669.30,New York Stock Exchange,NYSE,US,Technology,Semiconductors,False,False,True,
ALNY,"Alnylam Pharmaceuticals, Inc.",27439504003,205.52,4461282,916882676.64,NASDAQ Global Select,NASDAQ,US,Healthcare,Biotechnology,False,False,True,
GFS,GLOBALFOUNDRIES Inc.,27429554642,49.99,4757783,237841572.17,NASDAQ Global Select,NASDAQ,US,Technology,Semiconductors,False,False,True,
OTIS,Otis Worldwide Corporation,27389158941,71.95,2421255,174209297.25,New York Stock Exchange,NYSE,US,Industrials,Industrial - Machinery,False,False,True,
XYL,Xylem Inc.,27310974390,116.97,2003794,234383784.18,New York Stock Exchange,NYSE,US,Industrials,Industrial - Machinery,False,False,True,
CINF,Cincinnati Financial Corporation,27269979036,177.68,775258,137747841.44,NASDAQ Global Select,NASDAQ,US,Financial Services,Insurance - Property & Casualty,False,False,True,
MDB,"MongoDB, Inc.",27144166724,337.48,1056653,356599254.44,NASDAQ Global Market,NASDAQ,US,Technology,Software - Infrastructure,False,False,True,
RDDT,"Reddit, Inc.",27080247219,140.67,29053014,4086887479.38,New York Stock Exchange,NYSE,US,Communication Services,Internet Content & Information,False,False,True,
WRB,W. R. Berkley Corporation,27004973580,72.54,897411,65098193.94,New York Stock Exchange,NYSE,US,Financial Services,Insurance - Property & Casualty,False,False,True,
CPRT,"Copart, Inc.",26959630356,29.12,8008847,233217624.64,NASDAQ Global Select,NASDAQ,US,Industrials,Specialty Business Services,False,False,True,
HAL,Halliburton Company,26941576954,32.25,7300695,235447413.75,New York Stock Exchange,NYSE,US,Energy,Oil & Gas Equipment & Services,False,False,True,
WSM,"Williams-Sonoma, Inc.",26923940071,228.66,576680,131863648.80,New York Stock Exchange,NYSE,US,Consumer Cyclical,Specialty Retail,False,False,True,
ES,Eversource Energy,26923568990,71.59,3084521,220820858.39,New York Stock Exchange,NYSE,US,Utilities,Regulated Electric,False,False,True,
CW,Curtiss-Wright Corporation,26745428800,724,121706,88115144,New York Stock Exchange,NYSE,US,Industrials,Aerospace & Defense,False,False,True,
AWK,"American Water Works Company, Inc.",26663468454,134.17,2594701,348131033.17,New York Stock Exchange,NYSE,US,Utilities,Regulated Water,False,False,True,
TEAM,Atlassian Corporation,26534045930,101.015,2685414,271267095.210,NASDAQ Global Select,NASDAQ,US,Technology,Software - Application,False,False,True,
PPL,PPL Corporation,26490243500,35.21,4062588,143043723.48,New York Stock Exchange,NYSE,US,Utilities,Regulated Electric,False,False,True,
RF,Regions Financial Corporation,26412111000,30.95,4276237,132349535.15,New York Stock Exchange,NYSE,US,Financial Services,Banks - Regional,False,False,True,
AVB,"AvalonBay Communities, Inc.",26368499040,185.61,448146,83180379.06,New York Stock Exchange,NYSE,US,Real Estate,REIT - Residential,False,False,True,
VRSN,"VeriSign, Inc.",26217808000,290.02,1060422,307543588.44,NASDAQ Global Select,NASDAQ,US,Technology,Software - Infrastructure,False,False,True,
CRS,Carpenter Technology Corporation,25819618896,519.66,724181,376327898.46,New York Stock Exchange,NYSE,US,Basic Materials,Steel,False,False,True,
DGX,Quest Diagnostics Incorporated,25718012730,233.01,651843,151885937.43,New York Stock Exchange,NYSE,US,Healthcare,Medical - Diagnostics & Research,False,False,True,
QSR,Restaurant Brands International Inc.,25682467584,74.02,1579578,116920363.56,New York Stock Exchange,NYSE,US,Consumer Cyclical,Restaurants,False,False,True,
P,"Everpure, Inc.",25651693850,77.17,1971564,152145593.88,New York Stock Exchange,NYSE,US,Industrials,Industrial - Machinery,False,False,True,
ATI,ATI Inc.,25580016837,187.44,880081,164962382.64,New York Stock Exchange,NYSE,US,Industrials,Manufacturing - Metal Fabrication,False,False,True,
FOXA,Fox Corporation,25534137008,58.23,3746541,218161082.43,NASDAQ Global Select,NASDAQ,US,Communication Services,Entertainment,False,False,True,
JBHT,"J.B. Hunt Transport Services, Inc.",25521374075,271.75,784894,213294944.50,NASDAQ Global Select,NASDAQ,US,Industrials,Integrated Freight & Logistics,False,False,True,
RBLX,Roblox Corporation,25488842646,35.6,60912137,2168472077.2,New York Stock Exchange,NYSE,US,Technology,Electronic Gaming & Multimedia,False,False,True,
VRSK,"Verisk Analytics, Inc.",25360899912,194.85,1918305,373781729.25,NASDAQ Global Select,NASDAQ,US,Technology,Software - Services,False,False,True,
LH,Labcorp Holdings Inc.,25354400000,309.2,868050,268401060.0,New York Stock Exchange,NYSE,US,Healthcare,Medical - Diagnostics & Research,False,False,True,
RPRX,Royalty Pharma plc,25132128901,58.43,2151546,125714832.78,NASDAQ,NASDAQ,US,Healthcare,Medical - Pharmaceuticals,False,False,True,
CPAY,"Corpay, Inc.",24975442869,382.11,299280,114357880.80,New York Stock Exchange,NYSE,US,Technology,Software - Infrastructure,False,False,True,
HUBB,Hubbell Incorporated,24966031426,472.55,738949,349190349.95,New York Stock Exchange,NYSE,US,Industrials,Electrical Equipment & Parts,False,False,True,
HPQ,HP Inc.,24939042210,27.27,19608891,534734457.57,New York Stock Exchange,NYSE,US,Technology,Computer Hardware,False,False,True,
CTSH,Cognizant Technology Solutions Corporation,24932086968,55.35,7876224,435948998.40,NASDAQ Global Select,NASDAQ,US,Technology,Information Technology Services,False,False,True,
EQR,Equity Residential,24913500450,66.45,1748824,116209354.80,New York Stock Exchange,NYSE,US,Real Estate,REIT - Residential,False,False,True,
FCNCA,"First Citizens BancShares, Inc.",24906831280,2186.65,68232,149199502.80,NASDAQ Global Select,NASDAQ,US,Financial Services,Banks - Regional,False,False,True,
SYF,Synchrony Financial,24659855281,75.79,2273146,172281735.34,New York Stock Exchange,NYSE,US,Financial Services,Financial - Credit Services,False,False,True,
WAT,Waters Corporation,24594433549,377.31,551777,208190979.87,New York Stock Exchange,NYSE,US,Healthcare,Medical - Diagnostics & Research,False,False,True,
FWONK,Liberty Media Corporation,24591938617,98.13,1653035,162212324.55,NASDAQ Global Select,NASDAQ,US,Communication Services,Entertainment,False,False,True,
PPG,"PPG Industries, Inc.",24568596774,110.52,1563151,172759448.52,New York Stock Exchange,NYSE,US,Basic Materials,Chemicals - Specialty,False,False,True,
ZS,"Zscaler, Inc.",24450480180,151.2,2544869,384784192.8,NASDAQ Global Select,NASDAQ,US,Technology,Software - Infrastructure,False,False,True,
DLTR,"Dollar Tree, Inc.",24446581750,127.21,1502886,191182128.06,NASDAQ Global Select,NASDAQ,US,Consumer Defensive,Discount Stores,False,False,True,
PHM,"PulteGroup, Inc.",24410075497,126.47,803446,101611815.62,New York Stock Exchange,NYSE,US,Consumer Cyclical,Residential Construction,False,False,True,
PFG,"Principal Financial Group, Inc.",24400020910,113.7,2211353,251430836.1,NASDAQ,NASDAQ,US,Financial Services,Asset Management,False,False,True,
KEY,KeyCorp,24382968300,22.59,13142589,296891085.51,New York Stock Exchange,NYSE,US,Financial Services,Banks - Regional,False,False,True,
FICO,Fair Isaac Corporation,24253497299,1122.97,881946,990398899.62,New York Stock Exchange,NYSE,US,Technology,Software - Infrastructure,False,False,True,
SATS,EchoStar Corporation,24238877127,84.1,1759676,147988751.6,NASDAQ Global Select,NASDAQ,US,Communication Services,Telecommunications Services,False,False,True,
INCY,Incyte Corporation,24226434602,119.52,1823317,217922847.84,NASDAQ Global Select,NASDAQ,US,Healthcare,Biotechnology,False,False,True,
ASTS,"AST SpaceMobile, Inc.",23998493227,58.98,9661465,569833205.70,NASDAQ Global Select,NASDAQ,US,Communication Services,Telecommunications Services,False,False,True,
WST,"West Pharmaceutical Services, Inc.",23995332768,340.96,612124,208709799.04,New York Stock Exchange,NYSE,US,Healthcare,Medical - Instruments & Supplies,False,False,True,
AFRM,"Affirm Holdings, Inc.",23948595239,71.51,2523770,180474792.70,NASDAQ Global Select,NASDAQ,US,Financial Services,Financial - Credit Services,False,False,True,
TROW,"T. Rowe Price Group, Inc.",23944337250,111.75,4718717,527316624.75,NASDAQ Global Select,NASDAQ,US,Financial Services,Asset Management,False,False,True,
L,Loews Corporation,23871246957,116.01,393544,45655039.44,New York Stock Exchange,NYSE,US,Financial Services,Insurance - Property & Casualty,False,False,True,
XPO,"XPO Logistics, Inc.",23595887700,200.97,924607,185818268.79,New York Stock Exchange,NYSE,US,Industrials,Trucking,False,False,True,
OKTA,"Okta, Inc.",23577411600,141.93,2609659,370388901.87,NASDAQ Global Select,NASDAQ,US,Technology,Software - Infrastructure,False,False,True,
BRO,"Brown & Brown, Inc.",23556570048,70.4,1659419,116823097.6,New York Stock Exchange,NYSE,US,Financial Services,Insurance - Brokers,False,False,True,
CHD,"Church & Dwight Co., Inc.",23412436640,98.81,1896649,187407887.69,New York Stock Exchange,NYSE,US,Consumer Defensive,Household & Personal Products,False,False,True,
MKL,Markel Corporation,23322192600,1882.34,100912,189950694.08,New York Stock Exchange,NYSE,US,Financial Services,Insurance - Property & Casualty,False,False,True,
DRI,"Darden Restaurants, Inc.",23317035911,203.58,1185960,241437736.80,New York Stock Exchange,NYSE,US,Consumer Cyclical,Restaurants,False,False,True,
TCPA,TransCanada PipeLines Limited 6,23255760000,22.98,38041,874182.18,New York Stock Exchange,NYSE,US,Energy,Oil & Gas Midstream,False,False,True,
RL,Ralph Lauren Corporation,23200668496,380.34,438766,166880260.44,New York Stock Exchange,NYSE,US,Consumer Cyclical,Apparel - Manufacturers,False,False,True,
BURL,"Burlington Stores, Inc.",23192941856,368.48,376081,138578326.88,New York Stock Exchange,NYSE,US,Consumer Cyclical,Apparel - Retail,False,False,True,
FIS,"Fidelity National Information Services, Inc.",23140672830,44.77,4815093,215571713.61,New York Stock Exchange,NYSE,US,Technology,Information Technology Services,False,False,True,
VLTO,Veralto Corporation,22958019770,94.17,1075671,101295938.07,New York Stock Exchange,NYSE,US,Industrials,Industrial - Pollution & Treatment Controls,False,False,True,
SN,"SharkNinja, Inc.",22893753490,161.77,1036093,167608764.61,New York Stock Exchange,NYSE,US,Consumer Cyclical,"Furnishings, Fixtures & Appliances",False,False,True,
FOX,Fox Corporation,22775941545,51.94,952061,49450048.34,NASDAQ Global Select,NASDAQ,US,Communication Services,Entertainment,False,False,True,
CMSA,CMS Energy Corporation 5.6% JRSUB NT 78,22735220682,20.9,16158,337702.2,New York Stock Exchange,NYSE,US,Utilities,Regulated Electric,False,False,True,
FFIV,"F5, Inc.",22712677344,402.57,733657,295348298.49,NASDAQ Global Select,NASDAQ,US,Technology,Software - Infrastructure,False,False,True,
FSLR,"First Solar, Inc.",22675806590,211.03,3386602,714674620.06,NASDAQ Global Select,NASDAQ,US,Technology,Solar,False,False,True,
CMS,CMS Energy Corporation,22574408230,71.99,1535219,110520415.81,New York Stock Exchange,NYSE,US,Utilities,Regulated Electric,False,False,True,
FWONA,Formula One Group,22506899264,89.81,147314,13230270.34,NASDAQ Global Select,NASDAQ,US,Communication Services,Entertainment,False,False,True,
STZ,"Constellation Brands, Inc.",22243852063,130.23,1299494,169233103.62,New York Stock Exchange,NYSE,US,Consumer Defensive,Beverages - Alcoholic,False,False,True,
USFD,US Foods Holding Corp.,22152130980,100.59,2192957,220589544.63,New York Stock Exchange,NYSE,US,Consumer Defensive,Food Distribution,False,False,True,
ULTA,"Ulta Beauty, Inc.",22046208360,512.83,496752,254749328.16,NASDAQ Global Select,NASDAQ,US,Consumer Cyclical,Specialty Retail,False,False,True,
LUV,Southwest Airlines Co.,21999683760,44.97,2722668,122438379.96,New York Stock Exchange,NYSE,US,Industrials,"Airlines, Airports & Air Services",False,False,True,
UTHR,United Therapeutics Corporation,21975081057,517.71,396509,205276674.39,NASDAQ Global Select,NASDAQ,US,Healthcare,Biotechnology,False,False,True,
EXPD,"Expeditors International of Washington, Inc.",21958523319,167.89,786525,132049682.25,New York Stock Exchange,NYSE,US,Industrials,Integrated Freight & Logistics,False,False,True,
PKG,Packaging Corporation of America,21904011378,245.84,274137,67393840.08,New York Stock Exchange,NYSE,US,Consumer Cyclical,Packaging & Containers,False,False,True,
DOW,Dow Inc.,21879700136,30.29,6367006,192856611.74,New York Stock Exchange,NYSE,US,Basic Materials,Chemicals,False,False,True,
EXE,Expand Energy Corporation,21768321120,94.03,3038834,285741561.02,NASDAQ Global Select,NASDAQ,US,Energy,Oil & Gas Exploration & Production,False,False,True,
MRNA,"Moderna, Inc.",21751808520,54.82,7754754,425115614.28,NASDAQ Global Select,NASDAQ,US,Healthcare,Biotechnology,False,False,True,
IP,International Paper Company,21620179110,40.83,7392549,301837775.67,New York Stock Exchange,NYSE,US,Basic Materials,"Paper, Lumber & Forest Products",False,False,True,
OMC,Omnicom Group Inc.,21591030200,78.7,2350851,185011973.7,New York Stock Exchange,NYSE,US,Communication Services,Advertising Agencies,False,False,True,
ROKU,"Roku, Inc.",21511095026,145.01,2437264,353427652.64,NASDAQ Global Select,NASDAQ,US,Communication Services,Entertainment,False,False,True,
IOT,Samsara Inc.,21506926801,37.27,3426385,127701368.95,New York Stock Exchange,NYSE,US,Technology,Software - Infrastructure,False,False,True,
WWD,"Woodward, Inc.",21494531175,360.75,901437,325193397.75,NASDAQ Global Select,NASDAQ,US,Industrials,Aerospace & Defense,False,False,True,
GH,"Guardant Health, Inc.",21479862499,161.99,4583545,742488454.55,NASDAQ Global Select,NASDAQ,US,Healthcare,Medical - Diagnostics & Research,False,False,True,
TW,Tradeweb Markets Inc.,21395066819,100.5,3434227,345139813.5,NASDAQ Global Select,NASDAQ,US,Financial Services,Financial - Capital Markets,False,False,True,
INSM,Insmed Incorporated,21371747200,98.6,2902373,286173977.8,NASDAQ Global Select,NASDAQ,US,Healthcare,Biotechnology,False,False,True,
NI,NiSource Inc,21301485655,44.43,3086539,137134927.77,New York Stock Exchange,NYSE,US,Utilities,Regulated Gas,False,False,True,
SNA,Snap-on Incorporated,21229328961,410.41,239252,98191413.32,New York Stock Exchange,NYSE,US,Industrials,Manufacturing - Tools & Accessories,False,False,True,
FTAI,FTAI Aviation Ltd.,21132098000,206,2729672,562312432,NASDAQ Global Select,NASDAQ,US,Industrials,Aerospace & Defense,False,False,True,
SOJD,Southern Company (The) Series 2,21044532000,18.8,122479,2302605.2,New York Stock Exchange,NYSE,US,Utilities,Regulated Electric,False,False,True,
SOFI,"SoFi Technologies, Inc.",20921489400,16.31,56018704,913665062.24,NASDAQ Global Select,NASDAQ,US,Financial Services,Financial - Credit Services,False,False,True,
GPN,Global Payments Inc.,20873247104,84.08,2994250,251756540.00,New York Stock Exchange,NYSE,US,Financial Services,Financial - Credit Services,False,False,True,
MTZ,"MasTec, Inc.",20789793660,263.1,3721242,979058770.2,New York Stock Exchange,NYSE,US,Industrials,Engineering & Construction,False,False,True,
RS,Reliance Steel & Aluminum Co.,20730795850,406.1,190860,77508246.0,New York Stock Exchange,NYSE,US,Basic Materials,Steel,False,False,True,
TSN,"Tyson Foods, Inc.",20633728528,57.96,5252048,304408702.08,New York Stock Exchange,NYSE,US,Consumer Defensive,Agricultural Farm Products,False,False,True,
THC,Tenet Healthcare Corporation,20514631584,254.78,876910,223419129.80,New York Stock Exchange,NYSE,US,Healthcare,Medical - Care Facilities,False,False,True,
VTRS,Viatris Inc.,20449544604,17.56,15565216,273325192.96,NASDAQ Global Select,NASDAQ,US,Healthcare,Drug Manufacturers - Specialty & Generic,False,False,True,
LEN,Lennar Corporation,20447115567,82.35,2585068,212880349.80,New York Stock Exchange,NYSE,US,Consumer Cyclical,Residential Construction,False,False,True,
SNX,TD Synnex Corp,20445465160,255.7,422018,107910002.6,New York Stock Exchange,NYSE,US,Technology,Technology Distributors,False,False,True,
RBA,"RB Global, Inc.",20444562000,109.74,468312,51392558.88,New York Stock Exchange,NYSE,US,Industrials,Specialty Business Services,False,False,True,
BG,Bunge Global S.A.,20408814436,106.23,1552964,164971365.72,New York Stock Exchange,NYSE,US,Consumer Defensive,Agricultural Farm Products,False,False,True,
SOJC,The Southern Company JR 2017B NT 77,20289321753,20.3,33160,673148.0,New York Stock Exchange,NYSE,US,Utilities,Regulated Electric,False,False,True,
EFX,Equifax Inc.,20280242748,172.62,835330,144194664.60,New York Stock Exchange,NYSE,US,Industrials,Consulting Services,False,False,True,
IFF,International Flavors & Fragrances Inc.,20225103660,79.22,999101,79148781.22,New York Stock Exchange,NYSE,US,Basic Materials,Chemicals - Specialty,False,False,True,
MKSI,MKS Inc.,20090992545,297.45,1142953,339971369.85,NASDAQ Global Select,NASDAQ,US,Technology,"Hardware, Equipment & Parts",False,False,True,
ATHS,Athene Holding Ltd. 7.250% Fixe,19916440758,24.69,31883,787191.27,New York Stock Exchange,NYSE,US,Financial Services,Insurance - Life,False,False,True,
CHTR,"Charter Communications, Inc.",19540039485,144.98,2826347,409763788.06,NASDAQ Global Select,NASDAQ,US,Communication Services,Telecommunications Services,False,False,True,
WES,"Western Midstream Partners, LP",19241353817,46.57,952407,44353593.99,New York Stock Exchange,NYSE,US,Energy,Oil & Gas Midstream,False,False,True,
CF,"CF Industries Holdings, Inc.",19232814510,125.19,1653753,207033338.07,New York Stock Exchange,NYSE,US,Basic Materials,Agricultural Inputs,False,False,True,
SBAC,SBA Communications Corporation,19195284817,180.98,2111754,382185238.92,NASDAQ Global Select,NASDAQ,US,Real Estate,REIT - Specialty,False,False,True,
MTSI,"MACOM Technology Solutions Holdings, Inc.",19183809415,251.44,1293979,325358079.76,NASDAQ Global Select,NASDAQ,US,Technology,Semiconductors,False,False,True,
STRD,Strategy Inc,19150475120,57.89,253839,14694739.71,NASDAQ,NASDAQ,US,Technology,Software - Application,False,False,True,
EVRG,"Evergy, Inc.",19134884130,83.01,2383743,197874506.43,NASDAQ Global Select,NASDAQ,US,Utilities,Regulated Electric,False,False,True,
GIS,"General Mills, Inc.",19080060964,35.75,9346750,334146312.50,New York Stock Exchange,NYSE,US,Consumer Defensive,Packaged Foods,False,False,True,
CDW,CDW Corporation,18883170930,147.81,1013869,149859976.89,NASDAQ Global Select,NASDAQ,US,Technology,Information Technology Services,False,False,True,
TOST,"Toast, Inc.",18716599871,32.27,7437368,240003865.36,New York Stock Exchange,NYSE,US,Technology,Software - Infrastructure,False,False,True,
SSNC,"SS&C Technologies Holdings, Inc.",18556262705,77.05,2042985,157411994.25,NASDAQ Global Select,NASDAQ,US,Technology,Software - Application,False,False,True,
DD,"DuPont de Nemours, Inc.",18496252810,136.99,2904973,397952251.27,New York Stock Exchange,NYSE,US,Basic Materials,Chemicals,False,False,True,
RIVN,"Rivian Automotive, Inc.",18475221775,15.22,54290336,826298913.92,NASDAQ Global Select,NASDAQ,US,Consumer Cyclical,Auto - Manufacturers,False,False,True,
ULS,UL Solutions Inc.,18441999977,91.64,438367,40171951.88,New York Stock Exchange,NYSE,US,Industrials,Specialty Business Services,False,False,True,
SMCI,"Super Micro Computer, Inc.",18371193200,28.4,34196677,971185626.8,NASDAQ,NASDAQ,US,Technology,Computer Hardware,False,False,True,
STRL,"Sterling Infrastructure, Inc.",18312456769,596.77,815906,486908223.62,NASDAQ Global Select,NASDAQ,US,Industrials,Engineering & Construction,False,False,True,
LNT,Alliant Energy Corporation,18280846060,70.78,3238025,229187409.50,NASDAQ Global Select,NASDAQ,US,Utilities,Regulated Electric,False,False,True,
ROL,"Rollins, Inc.",18269090990,37.97,5600090,212635417.30,New York Stock Exchange,NYSE,US,Industrials,Environmental Services,False,False,True,
BBY,"Best Buy Co., Inc.",18180761420,86.26,3138367,270715537.42,New York Stock Exchange,NYSE,US,Consumer Cyclical,Specialty Retail,False,False,True,
ZBH,"Zimmer Biomet Holdings, Inc.",18171885660,93.93,2268605,213090067.65,New York Stock Exchange,NYSE,US,Healthcare,Medical - Devices,False,False,True,
ENTG,"Entegris, Inc.",18131315000,119.05,2488935,296307711.75,NASDAQ Global Select,NASDAQ,US,Technology,Semiconductors,False,False,True,
FLUT,Flutter Entertainment plc,18123573860,104.47,2062775,215498104.25,New York Stock Exchange,NYSE,US,Consumer Cyclical,"Gambling, Resorts & Casinos",False,False,True,
WY,Weyerhaeuser Company,18047696503,25.03,9250351,231536285.53,New York Stock Exchange,NYSE,US,Real Estate,REIT - Specialty,False,False,True,
PFGC,Performance Food Group Co,17969525100,114.39,867171,99195690.69,New York Stock Exchange,NYSE,US,Consumer Defensive,Food Distribution,False,False,True,
EWBC,"East West Bancorp, Inc.",17946510322,131,593877,77797887,NASDAQ Global Select,NASDAQ,US,Financial Services,Banks - Diversified,False,False,True,
FTV,Fortive Corporation,17882429649,59.21,3521772,208524120.12,New York Stock Exchange,NYSE,US,Technology,Industrial - Machinery,False,False,True,
PR,Permian Resources Corporation,17842609922,21.31,5860609,124889577.79,New York Stock Exchange,NYSE,US,Energy,Oil & Gas Exploration & Production,False,False,True,
BR,"Broadridge Financial Solutions, Inc.",17805549100,153.95,700045,107771927.75,New York Stock Exchange,NYSE,US,Technology,Information Technology Services,False,False,True,
FDXF,"FedEx Freight Holding Company, Inc.",17781156205,140.53,663584,93253459.52,New York Stock Exchange,NYSE,US,Industrials,Integrated Freight & Logistics,False,False,True,
STRK,Strategy Inc,17693649297,59.56,244327,14552116.12,NASDAQ,NASDAQ,US,Technology,Software - Application,False,False,True,
INVH,Invitation Homes Inc.,17654928240,29.72,3062549,91018956.28,New York Stock Exchange,NYSE,US,Real Estate,REIT - Residential,False,False,True,
DUKB,Duke Energy Corporation 5.625%,17653131700,22.7,63144,1433368.8,New York Stock Exchange,NYSE,US,Utilities,Regulated Electric,False,False,True,
BEN,"Franklin Resources, Inc.",17594908786,33.86,6804190,230389873.40,New York Stock Exchange,NYSE,US,Financial Services,Asset Management,False,False,True,
ITT,ITT Inc.,17521545061,195.98,507972,99552352.56,New York Stock Exchange,NYSE,US,Industrials,Industrial - Machinery,False,False,True,
RBC,RBC Bearings Incorporated,17440889770,551.31,350183,193059389.73,New York Stock Exchange,NYSE,US,Industrials,Manufacturing - Tools & Accessories,False,False,True,
CHRW,"C.H. Robinson Worldwide, Inc.",17413384495,147.73,4093218,604691095.14,NASDAQ Global Select,NASDAQ,US,Industrials,Integrated Freight & Logistics,False,False,True,
PAA,"Plains All American Pipeline, L.P.",17334921240,24.57,3172087,77938177.59,NASDAQ,NASDAQ,US,Energy,Oil & Gas Midstream,False,False,True,
BALL,Ball Corporation,17279398564,64.9,1075106,69774379.4,New York Stock Exchange,NYSE,US,Consumer Cyclical,Packaging & Containers,False,False,True,
OVV,Ovintiv Inc.,17276436000,62.46,1930580,120584026.80,New York Stock Exchange,NYSE,US,Energy,Oil & Gas Exploration & Production,False,False,True,
HST,"Host Hotels & Resorts, Inc.",17211009270,25.13,9741834,244812288.42,NASDAQ Global Select,NASDAQ,US,Real Estate,REIT - Hotel & Motel,False,False,True,
APG,APi Group Corporation,17190486604,39.68,2320610,92081804.80,New York Stock Exchange,NYSE,US,Industrials,Engineering & Construction,False,False,True,
KIM,Kimco Realty Corporation,17183457200,25.48,2428044,61866561.12,New York Stock Exchange,NYSE,US,Real Estate,REIT - Retail,False,False,True,
GPC,Genuine Parts Company,17145618102,124.37,709983,88300585.71,New York Stock Exchange,NYSE,US,Consumer Cyclical,Specialty Retail,False,False,True,
NWS,News Corporation,17117120419,31.27,863032,26987010.64,NASDAQ Global Select,NASDAQ,US,Communication Services,Publishing,False,False,True,
NLY,"Annaly Capital Management, Inc.",17053041280,22.72,10800637,245390472.64,New York Stock Exchange,NYSE,US,Real Estate,REIT - Mortgage,False,False,True,
LSCC,Lattice Semiconductor Corporation,17025984160,124.27,1407463,174905427.01,NASDAQ Global Select,NASDAQ,US,Technology,Semiconductors,False,False,True,
IEX,IDEX Corporation,16988750955,230.45,1204755,277635789.75,New York Stock Exchange,NYSE,US,Industrials,Industrial - Machinery,False,False,True,
RGLD,"Royal Gold, Inc.",16833290507,198.35,854517,169493446.95,NASDAQ Global Select,NASDAQ,US,Basic Materials,Gold,False,False,True,
NBIX,"Neurocrine Biosciences, Inc.",16771737164,166.8,4582490,764359332.0,NASDAQ Global Select,NASDAQ,US,Healthcare,Biotechnology,False,False,True,
WPC,W. P. Carey Inc.,16766613158,73.6,773012,56893683.2,New York Stock Exchange,NYSE,US,Real Estate,REIT - Diversified,False,False,True,
AKAM,"Akamai Technologies, Inc.",16745496246,115.18,2789827,321332273.86,NASDAQ Global Select,NASDAQ,US,Technology,Software - Infrastructure,False,False,True,
DKS,"DICK'S Sporting Goods, Inc.",16737285409,195.91,1443572,282810190.52,New York Stock Exchange,NYSE,US,Consumer Cyclical,Specialty Retail,False,False,True,
TPG,TPG Inc.,16736416447,43.66,2390317,104361240.22,NASDAQ Global Select,NASDAQ,US,Financial Services,Asset Management,False,False,True,
CRCL,Circle Internet Group,16735069725,62.61,13647398,854463588.78,New York Stock Exchange,NYSE,US,Financial Services,Financial - Capital Markets,False,False,True,
WCC,"WESCO International, Inc.",16729646101,343.49,585299,201044353.51,New York Stock Exchange,NYSE,US,Industrials,Industrial - Distribution,False,False,True,
NVR,"NVR, Inc.",16592670595,6147.05,23128,142168972.40,New York Stock Exchange,NYSE,US,Consumer Cyclical,Residential Construction,False,False,True,
NDSN,Nordson Corporation,16591706040,297.78,252939,75320175.42,NASDAQ,NASDAQ,US,Industrials,Industrial - Machinery,False,False,True,
CG,The Carlyle Group Inc.,16566003480,46.02,2172116,99960778.32,NASDAQ Global Select,NASDAQ,US,Financial Services,Asset Management,False,False,True,
CLH,"Clean Harbors, Inc.",16516074467,312.88,372270,116475837.60,New York Stock Exchange,NYSE,US,Industrials,Waste Management,False,False,True,
H,Hyatt Hotels Corporation,16501530804,174.06,1587623,276341659.38,New York Stock Exchange,NYSE,US,Consumer Cyclical,Travel Lodging,False,False,True,
DINO,HF Sinclair Corporation,16489754250,91.47,2874570,262936917.90,New York Stock Exchange,NYSE,US,Energy,Oil & Gas Refining & Marketing,False,False,True,
JLL,Jones Lang LaSalle Incorporated,16471110932,355.03,305196,108353735.88,New York Stock Exchange,NYSE,US,Real Estate,Real Estate - Services,False,False,True,
GEN,Gen Digital Inc.,16430941862,27.45,4140817,113665426.65,NASDAQ Global Select,NASDAQ,US,Technology,Software - Infrastructure,False,False,True,
LAMR,Lamar Advertising Company,16231956676,159.96,530918,84925643.28,NASDAQ Global Select,NASDAQ,US,Real Estate,REIT - Specialty,False,False,True,
TSCO,Tractor Supply Company,16137326500,30.77,10821264,332970293.28,NASDAQ Global Select,NASDAQ,US,Consumer Cyclical,Specialty Retail,False,False,True,
MEDP,"Medpace Holdings, Inc.",16108121187,577.11,254810,147053399.10,NASDAQ Global Select,NASDAQ,US,Healthcare,Medical - Diagnostics & Research,False,False,True,
OWL,Blue Owl Capital Inc.,16101096547,10.3,24539676,252758662.8,New York Stock Exchange,NYSE,US,Financial Services,Asset Management,False,False,True,
VNOM,"Viper Energy, Inc.",16060754864,44.61,1354693,60432854.73,NASDAQ Global Select,NASDAQ,US,Energy,Oil & Gas Midstream,False,False,True,
PINS,"Pinterest, Inc.",15969060801,24.025,9808195,235641884.875,New York Stock Exchange,NYSE,US,Communication Services,Internet Content & Information,False,False,True,
NTNX,"Nutanix, Inc.",15951583200,59.01,2635547,155523628.47,NASDAQ Global Select,NASDAQ,US,Technology,Software - Infrastructure,False,False,True,
J,Jacobs Solutions Inc.,15932653003,134.93,498393,67248167.49,New York Stock Exchange,NYSE,US,Industrials,Engineering & Construction,False,False,True,
PNFP,"Pinnacle Financial Partners, Inc.",15889730000,105.23,823429,86649433.67,New York Stock Exchange,NYSE,US,Financial Services,Banks - Regional,False,False,True,
PTC,PTC Inc.,15847423200,137.2,2168289,297489250.8,NASDAQ Global Select,NASDAQ,US,Technology,Software - Application,False,False,True,
BBIO,"BridgeBio Pharma, Inc.",15686526872,80.09,2115469,169427912.21,NASDAQ Global Select,NASDAQ,US,Healthcare,Biotechnology,False,False,True,
RGA,"Reinsurance Group of America, Incorporated",15516792657,236.85,143805,34060214.25,New York Stock Exchange,NYSE,US,Financial Services,Insurance - Reinsurance,False,False,True,
RZC,"Reinsurance Group of America, Incorporated",15516792653,25.56,60351,1542571.56,New York Stock Exchange,NYSE,US,Financial Services,Insurance - Diversified,False,False,True,
NWSA,News Corporation,15470306806,27.56,3813601,105102843.56,NASDAQ Global Select,NASDAQ,US,Communication Services,Publishing,False,False,True,
BWXT,"BWX Technologies, Inc.",15455383020,168.7,886665,149580385.5,New York Stock Exchange,NYSE,US,Industrials,Aerospace & Defense,False,False,True,
DVA,DaVita Inc.,15410176650,240.09,302796,72698291.64,New York Stock Exchange,NYSE,US,Healthcare,Medical - Care Facilities,False,False,True,
MAA,"Mid-America Apartment Communities, Inc.",15402364697,132.34,1056666,139839178.44,New York Stock Exchange,NYSE,US,Real Estate,REIT - Residential,False,False,True,
CDE,"Coeur Mining, Inc.",15365270155,14.91,28499925,424933881.75,New York Stock Exchange,NYSE,US,Basic Materials,Gold,False,False,True,
SUI,"Sun Communities, Inc.",15216533874,123.48,560423,69201032.04,New York Stock Exchange,NYSE,US,Real Estate,REIT - Residential,False,False,True,
TLN,Talen Energy Corporation,15166472173,334.1,640911,214128365.1,NASDAQ Global Select,NASDAQ,US,Utilities,Independent Power Producers,False,False,True,
OHI,"Omega Healthcare Investors, Inc.",15077715260,50.63,2429045,122982548.35,New York Stock Exchange,NYSE,US,Real Estate,REIT - Healthcare Facilities,False,False,True,
TRU,TransUnion,15063592000,78.62,1336940,105110222.80,New York Stock Exchange,NYSE,US,Financial Services,Financial - Credit Services,False,False,True,
DOC,"Healthpeak Properties, Inc.",15050038600,21.83,2847648,62164155.84,New York Stock Exchange,NYSE,US,Real Estate,REIT - Healthcare Facilities,False,False,True,
ARMK,Aramark,14980464541,56.97,1510427,86049026.19,New York Stock Exchange,NYSE,US,Industrials,Specialty Business Services,False,False,True,
RBRK,"Rubrik, Inc.",14893608796,72.36,1433497,103727842.92,New York Stock Exchange,NYSE,US,Technology,Software - Infrastructure,False,False,True,
IESC,"IES Holdings, Inc.",14834140506,744.54,485145,361209858.30,NASDAQ Global Market,NASDAQ,US,Industrials,Engineering & Construction,False,False,True,
SOLV,Solventum Corporation,14796047393,85.44,1056699,90284362.56,New York Stock Exchange,NYSE,US,Healthcare,Medical - Instruments & Supplies,False,False,True,
COKE,"Coca-Cola Consolidated, Inc.",14759807872,187.9,298765,56137943.5,NASDAQ Global Select,NASDAQ,US,Consumer Defensive,Beverages - Non-Alcoholic,False,False,True,
MLI,"Mueller Industries, Inc.",14688630210,66.41,1156940,76832385.40,New York Stock Exchange,NYSE,US,Industrials,Manufacturing - Metal Fabrication,False,False,True,
TXT,Textron Inc.,14663611620,85.26,1548824,132052734.24,New York Stock Exchange,NYSE,US,Industrials,Aerospace & Defense,False,False,True,
REG,Regency Centers Corporation,14662119891,80.29,1229087,98683395.23,NASDAQ Global Select,NASDAQ,US,Real Estate,REIT - Retail,False,False,True,
CSL,Carlisle Companies Incorporated,14564198792,359.92,421725,151787262.00,New York Stock Exchange,NYSE,US,Basic Materials,Construction Materials,False,False,True,
MAIR,Madison Air Solutions Corporation,14561794284,29.06,2913179,84656981.74,New York Stock Exchange,NYSE,US,Industrials,Industrial - Machinery,False,False,True,
LDOS,"Leidos Holdings, Inc.",14540799870,115.6,875378,101193696.8,New York Stock Exchange,NYSE,US,Technology,Information Technology Services,False,False,True,
GFL,GFL Environmental Inc.,14423876598,41.32,3365807,139075145.24,New York Stock Exchange,NYSE,US,Industrials,Waste Management,False,False,True,
KKRS,KKR Group Finance Co. IX LLC 4.,14420160836,16.25,53505,869456.25,New York Stock Exchange,NYSE,US,Financial Services,Financial - Credit Services,False,False,True,
LII,Lennox International Inc.,14373103916,415.88,883315,367353042.20,New York Stock Exchange,NYSE,US,Industrials,Industrial - Machinery,False,False,True,
LECO,"Lincoln Electric Holdings, Inc.",14316419714,261.31,709701,185451968.31,NASDAQ Global Select,NASDAQ,US,Industrials,Manufacturing - Tools & Accessories,False,False,True,
PAG,"Penske Automotive Group, Inc.",14287970604,217.31,588199,127821524.69,New York Stock Exchange,NYSE,US,Consumer Cyclical,Auto - Dealerships,False,False,True,
SWK,"Stanley Black & Decker, Inc.",14283187860,94.58,1438531,136056261.98,New York Stock Exchange,NYSE,US,Industrials,Manufacturing - Tools & Accessories,False,False,True,
CNA,CNA Financial Corporation,14194761570,52.47,296067,15534635.49,New York Stock Exchange,NYSE,US,Financial Services,Insurance - Property & Casualty,False,False,True,
GL,Globe Life Inc.,14150764800,182.25,868676,158316201.00,New York Stock Exchange,NYSE,US,Financial Services,Insurance - Life,False,False,True,
SITM,SiTime Corporation,14127567360,535.2,470739,251939512.8,NASDAQ Global Market,NASDAQ,US,Technology,Semiconductors,False,False,True,
COO,"The Cooper Companies, Inc.",14104641920,72.32,2436437,176203123.84,NASDAQ Global Select,NASDAQ,US,Healthcare,Medical - Instruments & Supplies,False,False,True,
MAS,Masco Corporation,14094957496,71.48,2963355,211820615.40,New York Stock Exchange,NYSE,US,Basic Materials,Construction Materials,False,False,True,
DTM,"DT Midstream, Inc.",14077932000,138,969839,133837782,New York Stock Exchange,NYSE,US,Energy,Oil & Gas Midstream,False,False,True,
CRBG,"Corebridge Financial, Inc.",14050675245,31.19,5658550,176490174.50,New York Stock Exchange,NYSE,US,Financial Services,Asset Management,False,False,True,
ZBRA,Zebra Technologies Corporation,13995645588,293.82,965391,283651183.62,NASDAQ Global Select,NASDAQ,US,Technology,Communication Equipment,False,False,True,
FNF,"Fidelity National Financial, Inc.",13885837489,51.59,976801,50393163.59,New York Stock Exchange,NYSE,US,Financial Services,Insurance - Specialty,False,False,True,
ALB,Albemarle Corporation,13873832344,117.64,1502811,176790686.04,New York Stock Exchange,NYSE,US,Basic Materials,Chemicals - Specialty,False,False,True,
UHAL,U-Haul Holding Company,13862494431,70.91,102678,7280896.98,New York Stock Exchange,NYSE,US,Industrials,Rental & Leasing Services,False,False,True,
AIZN,"Assurant, Inc. 5.25% Subordinat",13843023629,19.1,17023,325139.3,New York Stock Exchange,NYSE,US,Financial Services,Insurance - Diversified,False,False,True,
U,Unity Software Inc.,13842524755,31.71,11559306,366545593.26,New York Stock Exchange,NYSE,US,Technology,Software - Application,False,False,True,
AIZ,"Assurant, Inc.",13833194444,279.19,376528,105122852.32,New York Stock Exchange,NYSE,US,Financial Services,Insurance - Specialty,False,False,True,
HRL,Hormel Foods Corporation,13763378150,25.01,1887802,47213928.02,New York Stock Exchange,NYSE,US,Consumer Defensive,Packaged Foods,False,False,True,
SGI,Somnigroup International Inc,13743177527,65.33,2479121,161960974.93,New York Stock Exchange,NYSE,US,Consumer Cyclical,"Furnishings, Fixtures & Appliances",False,False,True,
DOCN,"DigitalOcean Holdings, Inc.",13736690000,117.5,6013457,706581197.5,New York Stock Exchange,NYSE,US,Technology,Software - Infrastructure,False,False,True,
MKC-V,"McCormick & Company, Incorporated",13692835988,50.95,5146,262188.70,New York Stock Exchange,NYSE,US,Consumer Defensive,Packaged Foods,False,False,True,
MKC,"McCormick & Company, Incorporated",13684544404,50.9,1714354,87260618.6,New York Stock Exchange,NYSE,US,Consumer Defensive,Packaged Foods,False,False,True,
RPM,RPM International Inc.,13677228870,107.07,520039,55680575.73,New York Stock Exchange,NYSE,US,Basic Materials,Chemicals - Specialty,False,False,True,
UNMA,Unum Group 6.250% JR NT58,13666778679,21.43,50074,1073085.82,New York Stock Exchange,NYSE,US,Financial Services,Insurance - Diversified,False,False,True,
RRX,Regal Rexnord Corporation,13662073467,205.23,865260,177577309.80,New York Stock Exchange,NYSE,US,Industrials,Industrial - Machinery,False,False,True,
TOL,"Toll Brothers, Inc.",13636484190,145.89,779491,113719941.99,New York Stock Exchange,NYSE,US,Consumer Cyclical,Residential Construction,False,False,True,
UNM,Unum Group,13631815770,86.11,930144,80094699.84,New York Stock Exchange,NYSE,US,Financial Services,Insurance - Life,False,False,True,
TKO,"TKO Group Holdings, Inc.",13629872628,181.81,717879,130517580.99,New York Stock Exchange,NYSE,US,Communication Services,Entertainment,False,False,True,
NXT,Nextpower Inc.,13629078476,89.87,6158997,553509060.39,NASDAQ,NASDAQ,US,Technology,Solar,False,False,True,
SREA,Sempra,13620971400,20.85,87063,1815263.55,New York Stock Exchange,NYSE,US,Utilities,Diversified Utilities,False,False,True,
IONQ,"IonQ, Inc.",13601956905,36.44,18109378,659905734.32,New York Stock Exchange,NYSE,US,Technology,Computer Hardware,False,False,True,
WMG,Warner Music Group Corp.,13547239447,25.96,3302816,85741103.36,NASDAQ Global Select,NASDAQ,US,Communication Services,Entertainment,False,False,True,
BAX,Baxter International Inc.,13510829040,26.16,7100383,185746019.28,New York Stock Exchange,NYSE,US,Healthcare,Medical - Instruments & Supplies,False,False,True,
TXRH,"Texas Roadhouse, Inc.",13503492106,205.44,492546,101188650.24,NASDAQ Global Select,NASDAQ,US,Consumer Cyclical,Restaurants,False,False,True,
ARCC,Ares Capital Corporation,13470108572,18.76,3931402,73753101.52,NASDAQ Global Market,NASDAQ,US,Financial Services,Asset Management,False,False,True,
BF-B,Brown-Forman Corporation,13398010199,28.73,1085663,31191097.99,New York Stock Exchange,NYSE,US,Consumer Defensive,Beverages - Wineries & Distilleries,False,False,True,
EXEL,"Exelixis, Inc.",13329360051,53.03,2946259,156240114.77,NASDAQ Global Select,NASDAQ,US,Healthcare,Biotechnology,False,False,True,
ECHO,EchoStar Corporation,13325321850,84.09,4126131,346966355.79,NASDAQ Global Select,NASDAQ,US,Communication Services,Telecommunications Services,False,False,True,
PS,Pershing Square Inc.,13312000000,33.28,92373,3074173.44,New York Stock Exchange,NYSE,US,Financial Services,Asset Management,False,False,True,
BIPI,BIP Bermuda Holdings I Limited,13291754508,16.72,28921,483559.12,New York Stock Exchange,NYSE,US,Industrials,Specialty Business Services,False,False,True,
HAS,"Hasbro, Inc.",13291664540,93.94,2549850,239532909.00,NASDAQ Global Select,NASDAQ,US,Consumer Cyclical,Leisure,False,False,True,
DECK,Deckers Outdoor Corporation,13193312160,96.88,2287424,221605637.12,New York Stock Exchange,NYSE,US,Consumer Cyclical,Apparel - Footwear & Accessories,False,False,True,
APA,APA Corporation,13191500400,37.32,6461178,241131162.96,NASDAQ Global Select,NASDAQ,US,Energy,Oil & Gas Exploration & Production,False,False,True,
TRMB,Trimble Inc.,13189449745,56.58,2444784,138325878.72,NASDAQ Global Select,NASDAQ,US,Technology,"Hardware, Equipment & Parts",False,False,True,
ALLY,Ally Financial Inc.,13180986000,43.33,1271409,55090151.97,New York Stock Exchange,NYSE,US,Financial Services,Financial - Credit Services,False,False,True,
ELAN,Elanco Animal Health Incorporated,13180474495,26.39,5191713,137009306.07,New York Stock Exchange,NYSE,US,Healthcare,Drug Manufacturers - Specialty & Generic,False,False,True,
CCK,"Crown Holdings, Inc.",13169383950,117.85,630508,74305367.80,New York Stock Exchange,NYSE,US,Consumer Cyclical,Packaging & Containers,False,False,True,
IVZ,Invesco Ltd.,13121591200,29.6,4722155,139775788.0,New York Stock Exchange,NYSE,US,Financial Services,Asset Management,False,False,True,
BWA,BorgWarner Inc.,13074030100,63.74,1352430,86203888.20,New York Stock Exchange,NYSE,US,Consumer Cyclical,Auto - Parts,False,False,True,
EQH,"Equitable Holdings, Inc.",13006455466,47.65,4034132,192226389.80,New York Stock Exchange,NYSE,US,Financial Services,Insurance - Diversified,False,False,True,
AVY,Avery Dennison Corporation,12982715592,169.73,963597,163551318.81,New York Stock Exchange,NYSE,US,Consumer Cyclical,Packaging & Containers,False,False,True,
DT,"Dynatrace, Inc.",12918204487,44.32,2344431,103905181.92,New York Stock Exchange,NYSE,US,Technology,Software - Application,False,False,True,
HII,"Huntington Ingalls Industries, Inc.",12863435800,326.45,906354,295879263.30,New York Stock Exchange,NYSE,US,Industrials,Aerospace & Defense,False,False,True,
ONTO,Onto Innovation Inc.,12862691555,258.58,1513614,391390308.12,New York Stock Exchange,NYSE,US,Technology,Semiconductors,False,False,True,
GGG,Graco Inc.,12855894549,79.38,1111486,88229758.68,New York Stock Exchange,NYSE,US,Industrials,Industrial - Machinery,False,False,True,
AIT,"Applied Industrial Technologies, Inc.",12758788995,345.21,146796,50675447.16,New York Stock Exchange,NYSE,US,Industrials,Industrial - Distribution,False,False,True,
SJM,The J. M. Smucker Company,12746591089,119.26,706921,84307398.46,New York Stock Exchange,NYSE,US,Consumer Defensive,Packaged Foods,False,False,True,
WSO,"Watsco, Inc.",12739534695,309.3,564296,174536752.8,New York Stock Exchange,NYSE,US,Industrials,Industrial - Distribution,False,False,True,
GLPI,"Gaming and Leisure Properties, Inc.",12685506258,44.79,3256251,145847482.29,NASDAQ,NASDAQ,US,Real Estate,REIT - Specialty,False,False,True,
TYL,"Tyler Technologies, Inc.",12678832080,309.6,1081448,334816300.8,New York Stock Exchange,NYSE,US,Technology,Software - Application,False,False,True,
VIRT,"Virtu Financial, Inc.",12673904341,58.73,982822,57721136.06,New York Stock Exchange,NYSE,US,Financial Services,Financial - Capital Markets,False,False,True,
GWRE,"Guidewire Software, Inc.",12649977416,151.94,977371,148501749.74,New York Stock Exchange,NYSE,US,Technology,Software - Application,False,False,True,
AUR,"Aurora Innovation, Inc.",12641999336,6.45,27713917,178754764.65,NASDAQ Global Select,NASDAQ,US,Technology,Information Technology Services,False,False,True,
PEN,"Penumbra, Inc.",12632860396,321.19,246046,79027514.74,New York Stock Exchange,NYSE,US,Healthcare,Medical - Devices,False,False,True,
ELS,"Equity LifeStyle Properties, Inc.",12627784758,65.07,1029353,66979999.71,New York Stock Exchange,NYSE,US,Real Estate,REIT - Residential,False,False,True,
SF,Stifel Financial Corp,12568243990,82.91,645822,53545102.02,New York Stock Exchange,NYSE,US,Financial Services,Investment - Banking & Investment Services,False,False,True,
RVTY,"Revvity, Inc.",12552731200,112.52,952306,107153471.12,New York Stock Exchange,NYSE,US,Healthcare,Medical - Diagnostics & Research,False,False,True,
WBS,Webster Financial Corporation,12512188260,77.22,2788430,215322564.60,New York Stock Exchange,NYSE,US,Financial Services,Banks - Regional,False,False,True,
BJ,"BJ's Wholesale Club Holdings, Inc.",12485918049,97.78,871992,85263377.76,New York Stock Exchange,NYSE,US,Consumer Defensive,Discount Stores,False,False,True,
EVR,Evercore Inc.,12400062200,320.56,541328,173528103.68,New York Stock Exchange,NYSE,US,Financial Services,Financial - Capital Markets,False,False,True,
UDR,"UDR, Inc.",12398794560,38.16,3355378,128041224.48,New York Stock Exchange,NYSE,US,Real Estate,REIT - Residential,False,False,True,
AMKR,"Amkor Technology, Inc.",12390301240,49.87,6692912,333775521.44,NASDAQ Global Select,NASDAQ,US,Technology,Semiconductors,False,False,True,
CORT,Corcept Therapeutics Incorporated,12376140020,114.49,1809908,207216366.92,NASDAQ Capital Market,NASDAQ,US,Healthcare,Medical - Pharmaceuticals,False,False,True,
SEIC,SEI Investments Company,12359556620,102.98,716582,73793614.36,NASDAQ Global Select,NASDAQ,US,Financial Services,Asset Management,False,False,True,
MOG-A,Moog Inc.,12351444846,389.85,669997,261198330.45,New York Stock Exchange,NYSE,US,Industrials,Aerospace & Defense,False,False,True,
CR,Crane Company,12326394134,213.46,449534,95957527.64,New York Stock Exchange,NYSE,US,Industrials,Industrial - Machinery,False,False,True,
DRS,"Leonardo DRS, Inc.",12284394106,46.05,876741,40373923.05,NASDAQ Global Select,NASDAQ,US,Industrials,Aerospace & Defense,False,False,True,
PNW,Pinnacle West Capital Corporation,12238675130,100.99,1087010,109777139.90,New York Stock Exchange,NYSE,US,Utilities,Regulated Electric,False,False,True,
AGNC,AGNC Investment Corp.,12236933800,10.66,19173097,204385214.02,NASDAQ Global Select,NASDAQ,US,Real Estate,REIT - Mortgage,False,False,True,
APC,ARKO Petroleum Corp. Class A Common Stock,12179718886,20.3,86737,1760761.1,NASDAQ Global Market,NASDAQ,US,Energy,Oil & Gas Refining & Marketing,False,False,True,
FHN,First Horizon Corporation,12169205520,25.64,6394195,163947159.80,New York Stock Exchange,NYSE,US,Financial Services,Banks - Regional,False,False,True,
HUBS,"HubSpot, Inc.",12157033272,237.36,1332490,316279826.40,New York Stock Exchange,NYSE,US,Technology,Software - Application,False,False,True,
NYT,The New York Times Company,12121924264,74.89,1390062,104101743.18,New York Stock Exchange,NYSE,US,Communication Services,Publishing,False,False,True,
HUT,Hut 8 Corp.,12118492220,107.63,4444571,478369176.73,NASDAQ,NASDAQ,US,Financial Services,Financial - Capital Markets,False,False,True,
ALGN,"Align Technology, Inc.",12114922363,169.16,1563785,264529870.60,NASDAQ Global Select,NASDAQ,US,Healthcare,Medical - Devices,False,False,True,
DY,"Dycom Industries, Inc.",12044733705,401.07,837353,335837167.71,New York Stock Exchange,NYSE,US,Industrials,Engineering & Construction,False,False,True,
FIVE,"Five Below, Inc.",12006279563,217.13,958571,208134521.23,NASDAQ Global Select,NASDAQ,US,Consumer Cyclical,Specialty Retail,False,False,True,
AMH,American Homes 4 Rent,12003795600,33.42,1658851,55438800.42,New York Stock Exchange,NYSE,US,Real Estate,REIT - Residential,False,False,True,
TTMI,"TTM Technologies, Inc.",11988444000,115.44,2218914,256151432.16,NASDAQ Global Select,NASDAQ,US,Technology,"Hardware, Equipment & Parts",False,False,True,
AA,Alcoa Corporation,11943751920,45.26,4504896,203891592.96,New York Stock Exchange,NYSE,US,Basic Materials,Aluminum,False,False,True,
ARWR,"Arrowhead Pharmaceuticals, Inc.",11923545050,84.65,1657343,140294084.95,NASDAQ Global Select,NASDAQ,US,Healthcare,Biotechnology,False,False,True,
SCI,Service Corporation International,11906889930,86.19,1413734,121849733.46,New York Stock Exchange,NYSE,US,Consumer Cyclical,Personal Products & Services,False,False,True,
FIG,"Figma, Inc.",11855049161,24.32,15189221,369401854.72,New York Stock Exchange,NYSE,US,Technology,Software - Application,False,False,True,
AFG,"American Financial Group, Inc.",11774962092,141.72,193135,27371092.20,New York Stock Exchange,NYSE,US,Financial Services,Insurance - Property & Casualty,False,False,True,
BTSG,"BrightSpring Health Services, Inc. Common Stock",11718589064,59.71,7691045,459232296.95,NASDAQ Global Select,NASDAQ,US,Healthcare,Medical - Healthcare Information Services,False,False,True,
CSGP,"CoStar Group, Inc.",11653494480,28.76,7149582,205621978.32,NASDAQ Global Select,NASDAQ,US,Real Estate,Real Estate - Services,False,False,True,
DKNG,DraftKings Inc.,11649104623,23.48,7523500,176651780.00,NASDAQ Global Select,NASDAQ,US,Consumer Cyclical,"Gambling, Resorts & Casinos",False,False,True,
GNRC,Generac Holdings Inc.,11603609457,197.11,1527054,300997613.94,New York Stock Exchange,NYSE,US,Industrials,Industrial - Machinery,False,False,True,
BMRN,BioMarin Pharmaceutical Inc.,11600905680,60.02,2323507,139456890.14,NASDAQ Global Select,NASDAQ,US,Healthcare,Biotechnology,False,False,True,
CLX,The Clorox Company,11551583130,95.53,3132754,299271989.62,New York Stock Exchange,NYSE,US,Consumer Defensive,Household & Personal Products,False,False,True,
WTS,"Watts Water Technologies, Inc.",11546235507,345.79,135460,46840713.40,New York Stock Exchange,NYSE,US,Industrials,Industrial - Machinery,False,False,True,
DPZ,"Domino's Pizza, Inc.",11493918008,347.44,639142,222063496.48,NASDAQ Global Select,NASDAQ,US,Consumer Cyclical,Restaurants,False,False,True,
AHR,"American Healthcare REIT, Inc.",11493760325,55.6,1103052,61329691.2,New York Stock Exchange,NYSE,US,Real Estate,REIT - Healthcare Facilities,False,False,True,
PODD,Insulet Corp.,11452913846,165.35,1265737,209289612.95,NASDAQ,NASDAQ,US,Healthcare,Medical - Devices,False,False,True,
BROS,Dutch Bros Inc.,11374600598,65.83,1626319,107060579.77,New York Stock Exchange,NYSE,US,Consumer Cyclical,Restaurants,False,False,True,
MANH,"Manhattan Associates, Inc.",11321737856,191.36,760074,145447760.64,NASDAQ Global Select,NASDAQ,US,Technology,Software - Application,False,False,True,
WTRG,"Essential Utilities, Inc.",11302774373,39.85,1195425,47637686.25,New York Stock Exchange,NYSE,US,Utilities,Regulated Water,False,False,True,
KNX,Knight-Swift Transportation Holdings Inc.,11298207820,69.53,4081301,283772858.53,New York Stock Exchange,NYSE,US,Industrials,Trucking,False,False,True,
TECH,Bio-Techne Corporation,11287059210,72.09,4032934,290734212.06,NASDAQ,NASDAQ,US,Healthcare,Biotechnology,False,False,True,
EGP,"EastGroup Properties, Inc.",11239157433,209.01,449989,94052200.89,New York Stock Exchange,NYSE,US,Real Estate,REIT - Industrial,False,False,True,
LFUS,"Littelfuse, Inc.",11229527231,442.13,247195,109292325.35,NASDAQ,NASDAQ,US,Technology,"Hardware, Equipment & Parts",False,False,True,
MUSA,Murphy USA Inc.,11225752632,607.76,151305,91957126.80,New York Stock Exchange,NYSE,US,Consumer Cyclical,Specialty Retail,False,False,True,
AXSM,"Axsome Therapeutics, Inc.",11217714390,217.99,773002,168506705.98,NASDAQ Global Market,NASDAQ,US,Healthcare,Biotechnology,False,False,True,
MGM,MGM Resorts International,11213802863,44.57,3067594,136722664.58,New York Stock Exchange,NYSE,US,Consumer Cyclical,"Gambling, Resorts & Casinos",False,False,True,
W,Wayfair Inc.,11206040230,84.9,3244928,275494387.2,New York Stock Exchange,NYSE,US,Consumer Cyclical,Specialty Retail,False,False,True,
CRL,"Charles River Laboratories International, Inc.",11199471927,232.51,381735,88757204.85,New York Stock Exchange,NYSE,US,Healthcare,Medical - Diagnostics & Research,False,False,True,
OC,Owens Corning,11185383509,138.9,381178,52945624.2,New York Stock Exchange,NYSE,US,Basic Materials,Construction Materials,False,False,True,
BXP,"BXP, Inc.",11182554657,70.12,864281,60603383.72,New York Stock Exchange,NYSE,US,Real Estate,REIT - Office,False,False,True,
ERIE,Erie Indemnity Company,11179609764,242.04,580641,140538347.64,NASDAQ,NASDAQ,US,Financial Services,Insurance - Property & Casualty,False,False,True,
CPT,Camden Property Trust,11138621200,110.81,1424509,157849842.29,New York Stock Exchange,NYSE,US,Real Estate,REIT - Residential,False,False,True,
AR,Antero Resources Corporation,11110845460,36.14,5364463,193871692.82,New York Stock Exchange,NYSE,US,Energy,Oil & Gas Exploration & Production,False,False,True,
JEF,Jefferies Financial Group Inc.,11105202927,54.6,2386193,130286137.8,New York Stock Exchange,NYSE,US,Financial Services,Financial - Capital Markets,False,False,True,
ARW,"Arrow Electronics, Inc.",11074078685,216.57,359580,77874240.60,New York Stock Exchange,NYSE,US,Technology,Technology Distributors,False,False,True,
UMBF,UMB Financial Corporation,11072375951,145.73,680893,99226536.89,NASDAQ Global Select,NASDAQ,US,Financial Services,Banks - Regional,False,False,True,
EHC,Encompass Health Corporation,11018041816,111.07,377404,41918262.28,New York Stock Exchange,NYSE,US,Healthcare,Medical - Care Facilities,False,False,True,
AEIS,"Advanced Energy Industries, Inc.",11010648264,289.52,991291,286998570.32,NASDAQ Global Select,NASDAQ,US,Technology,"Hardware, Equipment & Parts",False,False,True,
CACI,CACI International Inc,10995947064,497.75,175326,87268516.50,New York Stock Exchange,NYSE,US,Technology,Information Technology Services,False,False,True,
SPXC,"SPX Technologies, Inc.",10995239941,219.62,1036449,227624929.38,New York Stock Exchange,NYSE,US,Basic Materials,Construction Materials,False,False,True,
SMTC,Semtech Corporation,10975070614,117.82,2397221,282440578.22,NASDAQ Global Select,NASDAQ,US,Technology,Semiconductors,False,False,True,
GDDY,GoDaddy Inc.,10955590741,82.74,6661734,551191871.16,New York Stock Exchange,NYSE,US,Technology,Software - Infrastructure,False,False,True,
JKHY,"Jack Henry & Associates, Inc.",10944665232,154.04,847373,130529336.92,NASDAQ,NASDAQ,US,Technology,Information Technology Services,False,False,True,
DCI,"Donaldson Company, Inc.",10923452640,94.24,353346,33299327.04,New York Stock Exchange,NYSE,US,Industrials,Industrial - Machinery,False,False,True,
CGNX,Cognex Corporation,10857204983,65.24,1829939,119385220.36,NASDAQ Global Select,NASDAQ,US,Technology,"Hardware, Equipment & Parts",False,False,True,
MDGL,"Madrigal Pharmaceuticals, Inc.",10774370564,467.32,789435,368918764.20,NASDAQ Global Select,NASDAQ,US,Healthcare,Biotechnology,False,False,True,
WTFC,Wintrust Financial Corporation,10760622012,159.54,470440,75053997.60,NASDAQ Global Select,NASDAQ,US,Financial Services,Banks - Regional,False,False,True,
GSAT,"Globalstar, Inc.",10738421067,83.38,2282371,190304093.98,NASDAQ Global Select,NASDAQ,US,Communication Services,Telecommunications Services,False,False,True,
MOD,Modine Manufacturing Company,10677729410,201.06,2506990,504055409.40,New York Stock Exchange,NYSE,US,Industrials,Industrial - Machinery,False,False,True,
GMED,"Globus Medical, Inc.",10625954573,78.79,831262,65495132.98,New York Stock Exchange,NYSE,US,Healthcare,Medical - Devices,False,False,True,
WMS,"Advanced Drainage Systems, Inc.",10613852499,138.48,368756,51065330.88,New York Stock Exchange,NYSE,US,Industrials,Construction,False,False,True,
VSAT,"Viasat, Inc.",10597529615,76.93,1365818,105072378.74,NASDAQ Global Select,NASDAQ,US,Technology,Communication Equipment,False,False,True,
ORI,Old Republic International Corporation,10523968340,43.21,920945,39794033.45,New York Stock Exchange,NYSE,US,Financial Services,Insurance - Diversified,False,False,True,
CART,Maplebear Inc.,10482329704,44.6,1911401,85248484.6,NASDAQ,NASDAQ,US,Technology,Software - Services,False,False,True,
SUN,Sunoco LP,10479472234,76.69,603589,46289240.41,New York Stock Exchange,NYSE,US,Energy,Oil & Gas Refining & Marketing,False,False,True,
DOCU,"DocuSign, Inc.",10469514350,54.83,2855426,156563007.58,NASDAQ Global Select,NASDAQ,US,Technology,Software - Application,False,False,True,
AES,The AES Corporation,10469155227,14.68,8015874,117673030.32,New York Stock Exchange,NYSE,US,Utilities,Diversified Utilities,False,False,True,
CFR,"Cullen/Frost Bankers, Inc.",10445660964,166.34,661387,110015113.58,New York Stock Exchange,NYSE,US,Financial Services,Banks - Regional,False,False,True,
AM,Antero Midstream Corporation,10428587780,21.97,1959084,43041075.48,New York Stock Exchange,NYSE,US,Energy,Oil & Gas Midstream,False,False,True,
ENSG,"The Ensign Group, Inc.",10383598441,178.16,409684,72989301.44,NASDAQ Global Select,NASDAQ,US,Healthcare,Medical - Care Facilities,False,False,True,
BSY,"Bentley Systems, Incorporated",10358458026,35.44,2493282,88361914.08,NASDAQ Global Select,NASDAQ,US,Technology,Software - Application,False,False,True,
WYNN,"Wynn Resorts, Limited",10307086970,99.31,1481566,147134319.46,NASDAQ Global Select,NASDAQ,US,Consumer Cyclical,"Gambling, Resorts & Casinos",False,False,True,
ONB,Old National Bancorp,10292976720,26.64,4257817,113428244.88,NASDAQ Global Select,NASDAQ,US,Financial Services,Banks - Regional,False,False,True,
SFD,"Smithfield Foods, Inc.",10246147929,26.04,710712,18506940.48,NASDAQ,NASDAQ,US,Consumer Defensive,Packaged Foods,False,False,True,
MOH,"Molina Healthcare, Inc.",10211364000,195.62,680548,133128799.76,New York Stock Exchange,NYSE,US,Healthcare,Medical - Healthcare Plans,False,False,True,
UHS,"Universal Health Services, Inc.",10196742794,168.44,1334233,224738206.52,New York Stock Exchange,NYSE,US,Healthcare,Medical - Care Facilities,False,False,True,
SSB,SouthState Bank Corp.,10190697418,105.09,642575,67528206.75,New York Stock Exchange,NYSE,US,Financial Services,Banks - Regional,False,False,True,
ZION,"Zions Bancorporation, National Association",10171948370,69.7,1195315,83313455.5,NASDAQ Global Select,NASDAQ,US,Financial Services,Banks - Regional,False,False,True,
IT,"Gartner, Inc.",10111075787,151.02,1051900,158857938.00,New York Stock Exchange,NYSE,US,Industrials,Consulting Services,False,False,True,
AAL,American Airlines Group Inc.,10108280831,15.27,47758243,729268370.61,NASDAQ Global Select,NASDAQ,US,Industrials,"Airlines, Airports & Air Services",False,False,True,
SMMT,Summit Therapeutics Inc.,10105642260,13.02,3835680,49940553.60,NASDAQ Global Market,NASDAQ,US,Healthcare,Biotechnology,False,False,True,
KRYS,"Krystal Biotech, Inc.",10056134367,341.12,479795,163667670.40,NASDAQ Global Market,NASDAQ,US,Healthcare,Biotechnology,False,False,True,
GTLS,"Chart Industries, Inc.",10047719052,209.9,1271817,266954388.3,New York Stock Exchange,NYSE,US,Industrials,Industrial - Machinery,False,False,True,
LTH,"Life Time Group Holdings, Inc.",10039383574,45.1,4201023,189466137.3,New York Stock Exchange,NYSE,US,Consumer Cyclical,Leisure,False,False,True,
PRI,"Primerica, Inc.",9977635200,319.96,135492,43352020.32,New York Stock Exchange,NYSE,US,Financial Services,Insurance - Life,False,False,True,
SIRI,Sirius XM Holdings Inc.,9970682504,29.62,5157845,152775368.90,NASDAQ,NASDAQ,US,Communication Services,Broadcasting,False,False,True,
SANM,Sanmina Corporation,9945533544,185.56,1179599,218886390.44,NASDAQ Global Select,NASDAQ,US,Technology,"Hardware, Equipment & Parts",False,False,True,
CTRE,"CareTrust REIT, Inc.",9907915456,41.94,1576292,66109686.48,New York Stock Exchange,NYSE,US,Real Estate,REIT - Healthcare Facilities,False,False,True,
RMBS,Rambus Inc.,9873258538,91.03,2434201,221585317.03,NASDAQ Global Select,NASDAQ,US,Technology,Semiconductors,False,False,True,
BMNR,"Bitmine Immersion Technologies, Inc.",9842287208,17.28,31427582,543068616.96,New York Stock Exchange,NYSE,US,Financial Services,Financial - Capital Markets,False,False,True,
GKOS,Glaukos Corporation,9833795808,166.72,821994,137042839.68,New York Stock Exchange,NYSE,US,Healthcare,Medical - Devices,False,False,True,
R,"Ryder System, Inc.",9832912098,256.42,180570,46301759.40,New York Stock Exchange,NYSE,US,Industrials,Rental & Leasing Services,False,False,True,
AYI,"Acuity Brands, Inc.",9830534279,328.39,478049,156986511.11,New York Stock Exchange,NYSE,US,Industrials,Electrical Equipment & Parts,False,False,True,
HALO,"Halozyme Therapeutics, Inc.",9790317020,82.54,1488744,122880929.76,NASDAQ Global Select,NASDAQ,US,Healthcare,Biotechnology,False,False,True,
OGE,OGE Energy Corp.,9781610350,47.35,1033917,48955969.95,New York Stock Exchange,NYSE,US,Utilities,Regulated Electric,False,False,True,
HSIC,"Henry Schein, Inc.",9768382750,85.75,1156211,99145093.25,NASDAQ Global Select,NASDAQ,US,Healthcare,Medical - Distribution,False,False,True,
GME,GameStop Corp.,9745574102,21.72,2186985,47501314.20,New York Stock Exchange,NYSE,US,Consumer Cyclical,Specialty Retail,False,False,True,
SARO,"StandardAero, Inc.",9744753499,29.31,1459263,42770998.53,New York Stock Exchange,NYSE,US,Industrials,Aerospace & Defense,False,False,True,
FLS,Flowserve Corporation,9740889627,75.99,2585523,196473892.77,New York Stock Exchange,NYSE,US,Industrials,Industrial - Machinery,False,False,True,
AMG,"Affiliated Managers Group, Inc.",9686109433,366.73,165748,60784764.04,New York Stock Exchange,NYSE,US,Financial Services,Asset Management,False,False,True,
MGRB,"Affiliated Managers Group, Inc.",9686109431,16.76,46361,777010.36,New York Stock Exchange,NYSE,US,Financial Services,Asset Management,False,False,True,
MGRD,"Affiliated Managers Group, Inc.",9686109421,15.02,55921,839933.42,New York Stock Exchange,NYSE,US,Financial Services,Asset Management,False,False,True,
MGRE,"Affiliated Managers Group, Inc.",9686109419,22.95,19544,448534.80,New York Stock Exchange,NYSE,US,Financial Services,Asset Management,False,False,True,
BRX,Brixmor Property Group Inc.,9669536720,31.51,1318128,41534213.28,New York Stock Exchange,NYSE,US,Real Estate,REIT - Retail,False,False,True,
FROG,JFrog Ltd.,9664164800,79.79,1901633,151731297.07,NASDAQ Global Select,NASDAQ,US,Technology,Software - Application,False,False,True,
LINE,"Lineage, Inc.",9646562845,42.37,749043,31736951.91,NASDAQ Global Select,NASDAQ,US,Real Estate,REIT - Industrial,False,False,True,
QXO,"QXO, Inc.",9644320092,13.3,11218582,149207140.6,New York Stock Exchange,NYSE,US,Industrials,Industrial - Distribution,False,False,True,
DAR,Darling Ingredients Inc.,9637333280,60.64,1713392,103900090.88,New York Stock Exchange,NYSE,US,Consumer Defensive,Packaged Foods,False,False,True,
CYTK,"Cytokinetics, Incorporated",9597517290,77.13,1539101,118710860.13,NASDAQ,NASDAQ,US,Healthcare,Biotechnology,False,False,True,
LEVI,Levi Strauss & Co.,9594032203,24.52,1263357,30977513.64,New York Stock Exchange,NYSE,US,Consumer Cyclical,Apparel - Manufacturers,False,False,True,
BRKR,Bruker Corporation,9565858212,62.84,1678077,105450358.68,NASDAQ Global Select,NASDAQ,US,Healthcare,Medical - Devices,False,False,True,
TKR,The Timken Company,9558969851,137.55,681098,93685029.90,New York Stock Exchange,NYSE,US,Industrials,Manufacturing - Tools & Accessories,False,False,True,
SOLS,Solstice Advanced Materials Inc.,9557536618,60.17,3965265,238589995.05,NASDAQ Global Select,NASDAQ,US,Basic Materials,Chemicals - Specialty,False,False,True,
BMNP,"Bitmine Immersion Technologies, Inc.",9513414522,89,399951,35595639,New York Stock Exchange,NYSE,US,Financial Services,Financial - Capital Markets,False,False,True,
SAIL,"SailPoint, Inc.",9511658860,16.77,2948369,49444148.13,NASDAQ Global Select,NASDAQ,US,Technology,Software - Infrastructure,False,False,True,
ALSN,"Allison Transmission Holdings, Inc.",9499487264,114.54,539825,61831555.50,New York Stock Exchange,NYSE,US,Consumer Cyclical,Auto - Parts,False,False,True,
MSGS,Madison Square Garden Sports Corp.,9477983001,393.68,123225,48511218.00,New York Stock Exchange,NYSE,US,Communication Services,Entertainment,False,False,True,
HL,Hecla Mining Company,9470453440,14.12,26500535,374187554.20,New York Stock Exchange,NYSE,US,Basic Materials,Other Precious Metals,False,False,True,
CUBE,CubeSmart,9417342851,41.46,2766199,114686610.54,New York Stock Exchange,NYSE,US,Real Estate,REIT - Industrial,False,False,True,
VICR,Vicor Corporation,9400826144,207.37,756453,156865658.61,NASDAQ Global Select,NASDAQ,US,Technology,"Hardware, Equipment & Parts",False,False,True,
RRC,Range Resources Corporation,9379915200,40.14,1839470,73836325.80,New York Stock Exchange,NYSE,US,Energy,Oil & Gas Exploration & Production,False,False,True,
SWKS,"Skyworks Solutions, Inc.",9371444863,62.28,6071108,378108606.24,NASDAQ,NASDAQ,US,Technology,Semiconductors,False,False,True,
FDS,FactSet Research Systems Inc.,9360850918,263.2,464838,122345361.6,New York Stock Exchange,NYSE,US,Financial Services,Financial - Data & Stock Exchanges,False,False,True,
CHWY,"Chewy, Inc.",9359119526,22.6,3856286,87152063.6,New York Stock Exchange,NYSE,US,Consumer Cyclical,Specialty Retail,False,False,True,
ADC,Agree Realty Corporation,9344002430,77.8,1210699,94192382.2,New York Stock Exchange,NYSE,US,Real Estate,REIT - Retail,False,False,True,
AVTR,"Avantor, Inc.",9320227020,13.78,10839876,149373491.28,New York Stock Exchange,NYSE,US,Healthcare,Medical - Instruments & Supplies,False,False,True,
ACM,Aecom,9303779970,72.39,1174288,85006708.32,New York Stock Exchange,NYSE,US,Industrials,Engineering & Construction,False,False,True,
VMI,"Valmont Industries, Inc.",9299170330,481.7,256557,123583506.9,New York Stock Exchange,NYSE,US,Industrials,Conglomerates,False,False,True,
FRHC,Freedom Holding Corp.,9271731602,151.27,104011,15733743.97,NASDAQ Capital Market,NASDAQ,US,Financial Services,Financial - Capital Markets,False,False,True,
SAIA,"Saia, Inc.",9271709256,347.63,820217,285132035.71,NASDAQ,NASDAQ,US,Industrials,Trucking,False,False,True,
MTCH,"Match Group, Inc.",9193052470,39.41,2160949,85163000.09,NASDAQ,NASDAQ,US,Communication Services,Internet Content & Information,False,False,True,
DDS,"Dillard's, Inc.",9187510968,588.34,62798,36946575.32,New York Stock Exchange,NYSE,US,Consumer Cyclical,Department Stores,False,False,True,
EAT,"Brinker International, Inc.",9165122860,213.7,812665,173666510.5,New York Stock Exchange,NYSE,US,Consumer Cyclical,Restaurants,False,False,True,
CIFR,Cipher Mining Inc.,9129973680,22.32,27498188,613759556.16,NASDAQ Global Select,NASDAQ,US,Financial Services,Financial - Capital Markets,False,False,True,
VIAV,Viavi Solutions Inc.,9115034657,36.95,5623514,207788842.30,NASDAQ Global Select,NASDAQ,US,Technology,Communication Equipment,False,False,True,
SNEX,StoneX Group Inc.,9102411890,76.57,735491,56316545.87,NASDAQ Global Select,NASDAQ,US,Financial Services,Financial - Capital Markets,False,False,True,
LLYVK,Liberty Live Group,9071636305,98.6,688834,67919032.4,NASDAQ Global Select,NASDAQ,US,Communication Services,Entertainment,False,False,True,
NNN,"NNN REIT, Inc.",9040593371,47.52,1058330,50291841.60,New York Stock Exchange,NYSE,US,Real Estate,REIT - Retail,False,False,True,
WLK,Westlake Corporation,9032667552,70.5,1501495,105855397.5,New York Stock Exchange,NYSE,US,Basic Materials,Chemicals - Specialty,False,False,True,
VOYA,"Voya Financial, Inc.",9014951700,99.43,435067,43258711.81,New York Stock Exchange,NYSE,US,Financial Services,Investment - Banking & Investment Services,False,False,True,
ARE,"Alexandria Real Estate Equities, Inc.",8966140050,51.45,1555855,80048739.75,New York Stock Exchange,NYSE,US,Real Estate,REIT - Office,False,False,True,
ESI,Element Solutions Inc,8950767271,36.73,3968089,145747908.97,New York Stock Exchange,NYSE,US,Basic Materials,Chemicals - Specialty,False,False,True,
PAYC,"Paycom Software, Inc.",8948753001,163.96,709667,116357001.32,New York Stock Exchange,NYSE,US,Technology,Software - Application,False,False,True,
OSK,Oshkosh Corp,8879448633,142.41,633855,90267290.55,New York Stock Exchange,NYSE,US,Industrials,Industrial - Machinery,False,False,True,
FCFS,"FirstCash Holdings, Inc",8848280918,204.01,354787,72380095.87,NASDAQ Global Select,NASDAQ,US,Financial Services,Financial - Credit Services,False,False,True,
COLB,"Columbia Banking System, Inc.",8843687590,31.27,2885056,90215701.12,NASDAQ,NASDAQ,US,Financial Services,Banks - Regional,False,False,True,
CRNX,"Crinetics Pharmaceuticals, Inc.",8839776260,83.52,1861137,155442162.24,NASDAQ Global Select,NASDAQ,US,Healthcare,Biotechnology,False,False,True,
BIO,"Bio-Rad Laboratories, Inc.",8799447166,325.48,143877,46829085.96,New York Stock Exchange,NYSE,US,Healthcare,Medical - Devices,False,False,True,
WAL,Western Alliance Bancorporation,8788329626,80.49,459968,37022824.32,New York Stock Exchange,NYSE,US,Financial Services,Banks - Regional,False,False,True,
PTGX,"Protagonist Therapeutics, Inc.",8787506007,136.64,536665,73329905.60,NASDAQ Global Market,NASDAQ,US,Healthcare,Biotechnology,False,False,True,
HLI,"Houlihan Lokey, Inc.",8770056132,125.49,773362,97049197.38,New York Stock Exchange,NYSE,US,Financial Services,Investment - Banking & Investment Services,False,False,True,
CHYM,"Chime Financial, Inc. Class A Common Stock",8759630557,22.99,7196446,165446293.54,NASDAQ Global Select,NASDAQ,US,Financial Services,Banks - Regional,False,False,True,
WULF,TeraWulf Inc.,8751106511,17.66,30629932,540924599.12,NASDAQ,NASDAQ,US,Technology,Software - Application,False,False,True,
TTC,The Toro Company,8748734165,91.87,342405,31456747.35,New York Stock Exchange,NYSE,US,Industrials,Manufacturing - Tools & Accessories,False,False,True,
KTOS,"Kratos Defense & Security Solutions, Inc.",8738431254,46.6,2270930,105825338.0,NASDAQ Global Select,NASDAQ,US,Industrials,Aerospace & Defense,False,False,True,
FR,"First Industrial Realty Trust, Inc.",8728436716,65.84,910368,59938629.12,New York Stock Exchange,NYSE,US,Real Estate,REIT - Industrial,False,False,True,
LNC,Lincoln National Corporation,8721233915,45.61,2553585,116469011.85,New York Stock Exchange,NYSE,US,Financial Services,Insurance - Life,False,False,True,
PSKY,Paramount Skydance Corporation Class B Common Stock,8657876849,7.96,15000522,119404155.12,NASDAQ Global Market,NASDAQ,US,Communication Services,Entertainment,False,False,True,
FPS,"Forgent Power Solutions, Inc.",8649240793,33.27,15372648,511447998.96,New York Stock Exchange,NYSE,US,Industrials,Electrical Equipment & Parts,False,False,True,
CBSH,"Commerce Bancshares, Inc.",8640202790,59.27,1165496,69078947.92,NASDAQ Global Select,NASDAQ,US,Financial Services,Banks - Regional,False,False,True,
REXR,"Rexford Industrial Realty, Inc.",8635558265,37.77,1936200,73130274.00,New York Stock Exchange,NYSE,US,Real Estate,REIT - Industrial,False,False,True,
TTEK,"Tetra Tech, Inc.",8605848967,33.16,3546241,117593351.56,NASDAQ Global Select,NASDAQ,US,Industrials,Engineering & Construction,False,False,True,
IONS,"Ionis Pharmaceuticals, Inc.",8603345680,51.77,2511610,130026049.70,NASDAQ Global Select,NASDAQ,US,Healthcare,Biotechnology,False,False,True,
BOKF,BOK Financial Corporation,8584779270,141.29,199998,28257717.42,NASDAQ Global Select,NASDAQ,US,Financial Services,Banks - Regional,False,False,True,
PRAX,"Praxis Precision Medicines, Inc.",8581931004,307.83,381456,117423600.48,NASDAQ Global Select,NASDAQ,US,Healthcare,Biotechnology,False,False,True,
PBF,PBF Energy Inc.,8551302240,72.28,3096261,223797745.08,New York Stock Exchange,NYSE,US,Energy,Oil & Gas Refining & Marketing,False,False,True,
ATR,"AptarGroup, Inc.",8549369531,133.96,620785,83160358.60,New York Stock Exchange,NYSE,US,Healthcare,Medical - Instruments & Supplies,False,False,True,
SYRE,"Spyre Therapeutics, Inc.",8539105029,98.33,582322,57259722.26,NASDAQ Capital Market,NASDAQ,US,Healthcare,Biotechnology,False,False,True,
JXN,Jackson Financial Inc.,8528186757,122.28,297862,36422565.36,New York Stock Exchange,NYSE,US,Financial Services,Insurance - Life,False,False,True,
NCLH,Norwegian Cruise Line Holdings Ltd.,8507308300,18.53,17906655,331810317.15,New York Stock Exchange,NYSE,US,Consumer Cyclical,Travel Services,False,False,True,
KYMR,"Kymera Therapeutics, Inc.",8505434599,103.4,503425,52054145.0,NASDAQ Global Market,NASDAQ,US,Healthcare,Biotechnology,False,False,True,
TTD,"The Trade Desk, Inc.",8480755031,18.04,14092277,254224677.08,NASDAQ Global Market,NASDAQ,US,Technology,Software - Services,False,False,True,
LAD,"Lithia Motors, Inc.",8472732569,385.42,541311,208632085.62,New York Stock Exchange,NYSE,US,Consumer Cyclical,Auto - Dealerships,False,False,True,
HESM,Hess Midstream LP,8436873243,40.83,1292215,52761138.45,New York Stock Exchange,NYSE,US,Energy,Oil & Gas Midstream,False,False,True,
RHP,"Ryman Hospitality Properties, Inc.",8434554203,133.65,339211,45335550.15,New York Stock Exchange,NYSE,US,Real Estate,REIT - Hotel & Motel,False,False,True,
HQY,"HealthEquity, Inc.",8411213016,100.61,517734,52089217.74,NASDAQ Global Select,NASDAQ,US,Healthcare,Medical - Healthcare Information Services,False,False,True,
BAH,Booz Allen Hamilton Holding Corporation,8386268318,69.72,1887056,131565544.32,New York Stock Exchange,NYSE,US,Industrials,Consulting Services,False,False,True,
ZWS,Zurn Elkay Water Solutions Corporation,8377795944,50.51,790276,39916840.76,New York Stock Exchange,NYSE,US,Industrials,Industrial - Machinery,False,False,True,
ZG,"Zillow Group, Inc. Class A",8335876462,34.69,2923434,101413925.46,NASDAQ Global Select,NASDAQ,US,Communication Services,Internet Content & Information,False,False,True,
AOS,A. O. Smith Corporation,8332009237,60.13,1535839,92349999.07,New York Stock Exchange,NYSE,US,Industrials,Industrial - Machinery,False,False,True,
APGE,"Apogee Therapeutics, Inc.",8297164032,134.09,1698563,227760312.67,NASDAQ Global Market,NASDAQ,US,Healthcare,Biotechnology,False,False,True,
DBX,"Dropbox, Inc.",8286985673,32.56,3714305,120937770.80,NASDAQ Global Select,NASDAQ,US,Technology,Software - Infrastructure,False,False,True,
FORM,"FormFactor, Inc.",8278796786,106.2,1616118,171631731.6,NASDAQ Global Select,NASDAQ,US,Technology,Semiconductors,False,False,True,
PCOR,"Procore Technologies, Inc.",8264245300,54.77,5342439,292605384.03,New York Stock Exchange,NYSE,US,Technology,Software - Application,False,False,True,
PRMB,Primo Brands Corporation,8237116357,22.7,2046476,46455005.2,New York Stock Exchange,NYSE,US,Consumer Defensive,Beverages - Non-Alcoholic,False,False,True,
CNM,"Core & Main, Inc.",8230868779,43.97,1173851,51614228.47,New York Stock Exchange,NYSE,US,Industrials,Industrial - Distribution,False,False,True,
Z,"Zillow Group, Inc. Class C",8184489832,34.06,4015132,136755395.92,NASDAQ Global Select,NASDAQ,US,Communication Services,Internet Content & Information,False,False,True,
ESE,ESCO Technologies Inc.,8168281088,315.29,100119,31566519.51,New York Stock Exchange,NYSE,US,Technology,"Hardware, Equipment & Parts",False,False,True,
SFM,"Sprouts Farmers Market, Inc.",8127462995,87.16,2389599,208277448.84,NASDAQ Global Select,NASDAQ,US,Consumer Defensive,Grocery Stores,False,False,True,
KMX,"CarMax, Inc.",8125823860,57.26,1556072,89100682.72,New York Stock Exchange,NYSE,US,Consumer Cyclical,Auto - Dealerships,False,False,True,
KNSL,"Kinsale Capital Group, Inc.",8118686239,356.42,235298,83864913.16,New York Stock Exchange,NYSE,US,Financial Services,Insurance - Property & Casualty,False,False,True,
THG,"The Hanover Insurance Group, Inc.",8100228011,232.63,307410,71512788.30,New York Stock Exchange,NYSE,US,Financial Services,Insurance - Property & Casualty,False,False,True,
OSCR,"Oscar Health, Inc.",8094505932,31.22,3442305,107468762.10,New York Stock Exchange,NYSE,US,Healthcare,Medical - Healthcare Plans,False,False,True,
EMN,Eastman Chemical Company,7998782500,69.95,1803046,126123067.70,New York Stock Exchange,NYSE,US,Basic Materials,Chemicals - Specialty,False,False,True,
AGX,"Argan, Inc.",7996999066,570.43,322581,184009879.83,New York Stock Exchange,NYSE,US,Industrials,Engineering & Construction,False,False,True,
QRVO,"Qorvo, Inc.",7990230312,90.57,1236897,112025761.29,NASDAQ Global Select,NASDAQ,US,Technology,Semiconductors,False,False,True,
TGTX,"TG Therapeutics, Inc.",7964938667,52.03,2467923,128406033.69,NASDAQ Capital Market,NASDAQ,US,Healthcare,Biotechnology,False,False,True,
RGEN,Repligen Corporation,7957983956,141.01,834820,117717968.20,NASDAQ Global Select,NASDAQ,US,Healthcare,Medical - Instruments & Supplies,False,False,True,
SNAP,Snap Inc.,7936449667,4.69,33866872,158835629.68,New York Stock Exchange,NYSE,US,Communication Services,Internet Content & Information,False,False,True,
IMVT,"Immunovant, Inc.",7929030375,38.62,648812,25057119.44,NASDAQ Global Select,NASDAQ,US,Healthcare,Biotechnology,False,False,True,
TTAN,"ServiceTitan, Inc.",7923142156,83.06,1346699,111856818.94,NASDAQ Global Select,NASDAQ,US,Technology,Software - Application,False,False,True,
VLY,Valley National Bancorp,7918531990,14.29,4779766,68302856.14,NASDAQ Global Select,NASDAQ,US,Financial Services,Banks - Regional,False,False,True,
IDA,"IDACORP, Inc.",7918385862,142.91,332157,47468556.87,New York Stock Exchange,NYSE,US,Utilities,Regulated Electric,False,False,True,
CHRD,Chord Energy Corporation,7903281696,140.38,817500,114760650.00,NASDAQ Global Select,NASDAQ,US,Energy,Oil & Gas Exploration & Production,False,False,True,
IDCC,"InterDigital, Inc.",7878202125,304.825,366034,111576314.050,NASDAQ Global Select,NASDAQ,US,Technology,Software - Application,False,False,True,
CBC,Central Bancompany,7864395714,32.8,439242,14407137.6,NASDAQ,NASDAQ,US,Financial Services,Banks - Regional,False,False,True,
APLD,Applied Digital Corp.,7827227427,27.39,21020017,575738265.63,NASDAQ,NASDAQ,US,Technology,Information Technology Services,False,False,True,
NFG,National Fuel Gas Company,7822360646,82.31,668574,55030325.94,New York Stock Exchange,NYSE,US,Energy,Oil & Gas Integrated,False,False,True,
NEU,NewMarket Corporation,7819788683,850.16,150041,127558856.56,New York Stock Exchange,NYSE,US,Basic Materials,Chemicals - Specialty,False,False,True,
PCVX,"Vaxcyte, Inc.",7809026643,54.08,745122,40296197.76,NASDAQ Global Select,NASDAQ,US,Healthcare,Biotechnology,False,False,True,
SM,SM Energy Company,7796637480,32.52,2501479,81348097.08,New York Stock Exchange,NYSE,US,Energy,Oil & Gas Exploration & Production,False,False,True,
TAP,Molson Coors Beverage Company,7794634272,41.56,1759164,73110855.84,New York Stock Exchange,NYSE,US,Consumer Defensive,Beverages - Alcoholic,False,False,True,
HXL,Hexcel Corporation,7785434383,102.95,1183106,121800762.70,New York Stock Exchange,NYSE,US,Industrials,Aerospace & Defense,False,False,True,
ETSY,"Etsy, Inc.",7751124148,81.68,1608811,131407682.48,New York Stock Exchange,NYSE,US,Consumer Cyclical,Specialty Retail,False,False,True,
PRH,"Prudential Financial, Inc. 5.95",7749960000,22.27,33113,737426.51,New York Stock Exchange,NYSE,US,Financial Services,Insurance - Life,False,False,True,
UGI,UGI Corporation,7743911280,36.12,1052589,38019514.68,New York Stock Exchange,NYSE,US,Utilities,Regulated Gas,False,False,True,
LGN,Legence Corp. Class A Common stock,7737530370,63.93,1330634,85067431.62,NASDAQ Global Select,NASDAQ,US,Industrials,Engineering & Construction,False,False,True,
ALGM,"Allegro MicroSystems, Inc.",7731823500,41.5,3762674,156150971.0,NASDAQ Global Select,NASDAQ,US,Technology,Semiconductors,False,False,True,
SSD,"Simpson Manufacturing Co., Inc.",7723304442,187.74,277860,52165436.40,New York Stock Exchange,NYSE,US,Basic Materials,Construction Materials,False,False,True,
MAC,The Macerich Company,7688934250,25.84,2872643,74229095.12,New York Stock Exchange,NYSE,US,Real Estate,REIT - Retail,False,False,True,
TEM,"Tempus AI, Inc.",7677989122,43.87,7209421,316277299.27,NASDAQ,NASDAQ,US,Healthcare,Medical - Healthcare Information Services,False,False,True,
AXTA,Axalta Coating Systems Ltd.,7664020390,35.81,1060536,37977794.16,New York Stock Exchange,NYSE,US,Basic Materials,Chemicals - Specialty,False,False,True,
FAF,First American Financial Corporation,7656479000,74.99,423914,31789310.86,New York Stock Exchange,NYSE,US,Financial Services,Insurance - Specialty,False,False,True,
RIOT,"Riot Platforms, Inc.",7627310309,20.17,20918677,421929715.09,NASDAQ Capital Market,NASDAQ,US,Technology,"Hardware, Equipment & Parts",False,False,True,
FSS,Federal Signal Corporation,7622237385,124.95,563151,70365717.45,New York Stock Exchange,NYSE,US,Industrials,Industrial - Pollution & Treatment Controls,False,False,True,
TRNO,Terreno Realty Corporation,7616896550,71.65,411201,29462551.65,New York Stock Exchange,NYSE,US,Real Estate,REIT - Industrial,False,False,True,
POWL,"Powell Industries, Inc.",7602546288,208.68,683027,142534074.36,NASDAQ Global Select,NASDAQ,US,Industrials,Electrical Equipment & Parts,False,False,True,
CMC,Commercial Metals Company,7602102102,68.72,697643,47942026.96,New York Stock Exchange,NYSE,US,Basic Materials,Steel,False,False,True,
CAVA,"CAVA Group, Inc.",7597589496,65.23,2151945,140371372.35,New York Stock Exchange,NYSE,US,Consumer Cyclical,Restaurants,False,False,True,
AAOI,"Applied Optoelectronics, Inc.",7568497783,94.32,9661899,911310313.68,NASDAQ Global Market,NASDAQ,US,Technology,Communication Equipment,False,False,True,
AVAV,"AeroVironment, Inc.",7559316960,149.37,922419,137781726.03,NASDAQ Global Select,NASDAQ,US,Industrials,Aerospace & Defense,False,False,True,
PB,"Prosperity Bancshares, Inc.",7535149795,74.87,663666,49688673.42,New York Stock Exchange,NYSE,US,Financial Services,Banks - Regional,False,False,True,
PRS,"Prudential Financial, Inc. 5.62",7509840000,21.58,33145,715269.10,New York Stock Exchange,NYSE,US,Financial Services,Insurance - Life,False,False,True,
IBRX,"ImmunityBio, Inc.",7509499493,7.17,9293703,66635850.51,NASDAQ Global Select,NASDAQ,US,Healthcare,Biotechnology,False,False,True,
MHK,"Mohawk Industries, Inc.",7503328457,123.1,1831239,225425520.9,New York Stock Exchange,NYSE,US,Consumer Cyclical,"Furnishings, Fixtures & Appliances",False,False,True,
LQDA,Liquidia Corporation,7479742407,84.11,1130770,95109064.70,NASDAQ Capital Market,NASDAQ,US,Healthcare,Medical - Pharmaceuticals,False,False,True,
CELH,"Celsius Holdings, Inc.",7467254916,29.21,5409219,158003286.99,NASDAQ Capital Market,NASDAQ,US,Consumer Defensive,Beverages - Non-Alcoholic,False,False,True,
AGCO,AGCO Corporation,7397252360,102.16,1138630,116322440.80,New York Stock Exchange,NYSE,US,Industrials,Agricultural - Machinery,False,False,True,
PCTY,Paylocity Holding Corporation,7383457878,137.895,501959,69217636.305,NASDAQ Global Select,NASDAQ,US,Technology,Software - Application,False,False,True,
AWI,"Armstrong World Industries, Inc.",7381625189,174.66,473113,82633916.58,New York Stock Exchange,NYSE,US,Industrials,Construction,False,False,True,
HR,Healthcare Realty Trust Incorporated,7369299100,21.01,4271436,89742870.36,New York Stock Exchange,NYSE,US,Real Estate,REIT - Healthcare Facilities,False,False,True,
MP,MP Materials Corp.,7364770140,41.37,7063097,292200322.89,New York Stock Exchange,NYSE,US,Basic Materials,Industrial Materials,False,False,True,
MSA,MSA Safety Incorporated,7345202107,190.27,721909,137357625.43,New York Stock Exchange,NYSE,US,Industrials,Security & Protection Services,False,False,True,
RAL,Ralliant Corp,7317069885,65.37,1707862,111642938.94,New York Stock Exchange,NYSE,US,Technology,"Hardware, Equipment & Parts",False,False,True,
STAG,"STAG Industrial, Inc.",7315503300,38.26,982209,37579316.34,New York Stock Exchange,NYSE,US,Real Estate,REIT - Industrial,False,False,True,
AAON,"AAON, Inc.",7295056002,89.06,1290121,114898176.26,NASDAQ Global Select,NASDAQ,US,Industrials,Industrial - Machinery,False,False,True,
AVT,"Avnet, Inc.",7287019356,88.84,1181743,104986048.12,NASDAQ Global Select,NASDAQ,US,Technology,Technology Distributors,False,False,True,
PACS,"PACS Group, Inc.",7282111744,46.01,665492,30619286.92,New York Stock Exchange,NYSE,US,Healthcare,Medical - Care Facilities,False,False,True,
GAP,"The Gap, Inc.",7231978110,20.09,4391180,88218806.20,New York Stock Exchange,NYSE,US,Consumer Cyclical,Apparel - Retail,False,False,True,
OMF,"OneMain Holdings, Inc.",7229926976,62.58,847057,53008827.06,New York Stock Exchange,NYSE,US,Financial Services,Financial - Credit Services,False,False,True,
LW,"Lamb Weston Holdings, Inc.",7224627128,52.55,875080,45985454.00,New York Stock Exchange,NYSE,US,Consumer Defensive,Packaged Foods,False,False,True,
MORN,"Morningstar, Inc.",7223988367,192.57,288592,55574161.44,NASDAQ Global Select,NASDAQ,US,Financial Services,Financial - Data & Stock Exchanges,False,False,True,
JBTM,JBT Marel Corporation,7209828266,138.47,370045,51240131.15,New York Stock Exchange,NYSE,US,Industrials,Industrial - Machinery,False,False,True,
SLAB,Silicon Laboratories Inc.,7173546503,217.5,265629,57774307.5,NASDAQ,NASDAQ,US,Technology,Semiconductors,False,False,True,
BLDR,"Builders FirstSource, Inc.",7146286400,66.44,3117028,207095340.32,New York Stock Exchange,NYSE,US,Basic Materials,Construction Materials,False,False,True,
ACA,"Arcosa, Inc.",7130308376,145.2,464969,67513498.8,New York Stock Exchange,NYSE,US,Industrials,Industrial - Infrastructure Operations,False,False,True,
AN,"AutoNation, Inc.",7107222600,212.4,1192650,253318860.0,New York Stock Exchange,NYSE,US,Consumer Cyclical,Auto - Dealerships,False,False,True,
GTES,Gates Industrial Corporation plc,7106920000,27.98,3702982,103609436.36,New York Stock Exchange,NYSE,US,Industrials,Industrial - Machinery,False,False,True,
CHE,Chemed Corporation,7065141854,532.25,161271,85836489.75,New York Stock Exchange,NYSE,US,Healthcare,Medical - Care Facilities,False,False,True,
VSXY,Victoria's Secret & Company,7049323956,88.68,936259,83027448.12,New York Stock Exchange,NYSE,US,Consumer Cyclical,Apparel - Retail,False,False,True,
VSCO,Victoria's Secret & Co.,7049028035,88.75,615147,54594296.25,New York Stock Exchange,NYSE,US,Consumer Cyclical,Apparel - Retail,False,False,True,
JOBY,"Joby Aviation, Inc.",7033046392,7.15,31890731,228018726.65,New York Stock Exchange,NYSE,US,Industrials,"Airlines, Airports & Air Services",False,False,True,
MOS,The Mosaic Company,7030767765,22.12,5162189,114187620.68,New York Stock Exchange,NYSE,US,Basic Materials,Agricultural Inputs,False,False,True,
KEX,Kirby Corporation,7015990000,131.14,523046,68592252.44,New York Stock Exchange,NYSE,US,Industrials,Marine Shipping,False,False,True,
FLR,Fluor Corporation,7007243900,50.17,1753031,87949565.27,New York Stock Exchange,NYSE,US,Industrials,Engineering & Construction,False,False,True,
GLXY,Galaxy Digital,6968744899,21.01,5299553,111343608.53,NASDAQ,NASDAQ,US,Financial Services,Financial - Capital Markets,False,False,True,
CAG,"Conagra Brands, Inc.",6943992660,14.51,9899925,143647911.75,New York Stock Exchange,NYSE,US,Consumer Defensive,Packaged Foods,False,False,True,
COMP,"Compass, Inc.",6927200964,11.39,8838851,100674512.89,New York Stock Exchange,NYSE,US,Real Estate,Real Estate - Services,False,False,True,
NOV,NOV Inc.,6926369969,19.43,2627783,51057823.69,New York Stock Exchange,NYSE,US,Energy,Oil & Gas Equipment & Services,False,False,True,
MSM,"MSC Industrial Direct Co., Inc.",6891433420,123.4,366744,45256209.6,New York Stock Exchange,NYSE,US,Industrials,Industrial - Distribution,False,False,True,
PL,Planet Labs PBC,6817970790,20.48,5764105,118048870.40,New York Stock Exchange,NYSE,US,Industrials,Aerospace & Defense,False,False,True,
RYTM,"Rhythm Pharmaceuticals, Inc.",6807912220,99.25,435364,43209877.00,NASDAQ Global Market,NASDAQ,US,Healthcare,Biotechnology,False,False,True,
PATH,UiPath Inc.,6787191659,12.76,39792404,507751075.04,New York Stock Exchange,NYSE,US,Technology,Software - Infrastructure,False,False,True,
ENS,EnerSys,6782662242,186.05,332254,61815856.70,New York Stock Exchange,NYSE,US,Industrials,Electrical Equipment & Parts,False,False,True,
NE,Noble Corporation Plc,6768820800,42.4,720841,30563658.4,New York Stock Exchange,NYSE,US,Energy,Oil & Gas Drilling,False,False,True,
POOL,Pool Corporation,6767830087,185.71,986746,183248599.66,NASDAQ Global Select,NASDAQ,US,Industrials,Industrial - Distribution,False,False,True,
EPRT,"Essential Properties Realty Trust, Inc.",6766335932,31.29,851047,26629260.63,New York Stock Exchange,NYSE,US,Real Estate,REIT - Diversified,False,False,True,
OKLO,Oklo Inc.,6756070025,38.83,6450378,250468177.74,New York Stock Exchange,NYSE,US,Utilities,Independent Power Producers,False,False,True,
ST,Sensata Technologies Holding plc,6736855052,46.29,1875037,86795462.73,New York Stock Exchange,NYSE,US,Technology,"Hardware, Equipment & Parts",False,False,True,
FNB,F.N.B. Corporation,6727718636,18.9,2982652,56372122.8,New York Stock Exchange,NYSE,US,Financial Services,Banks - Regional,False,False,True,
PLXS,Plexus Corp.,6724958854,251.34,340751,85644356.34,NASDAQ Global Select,NASDAQ,US,Technology,"Hardware, Equipment & Parts",False,False,True,
CMSC,CMS Energy Corporation 5.875% J,6692234640,21.84,11326,247359.84,New York Stock Exchange,NYSE,US,Utilities,Regulated Electric,False,False,True,
UBSI,"United Bankshares, Inc.",6676361550,48.45,1093624,52986082.80,NASDAQ Global Select,NASDAQ,US,Financial Services,Banks - Regional,False,False,True,
TMHC,Taylor Morrison Home Corporation,6665396812,72.45,2523108,182799174.60,New York Stock Exchange,NYSE,US,Consumer Cyclical,Residential Construction,False,False,True,
RSI,"Rush Street Interactive, Inc.",6660334174,26.91,4104037,110439635.67,New York Stock Exchange,NYSE,US,Consumer Cyclical,"Gambling, Resorts & Casinos",False,False,True,
CORZ,"Core Scientific, Inc.",6658173938,20.72,11842716,245381075.52,NASDAQ Global Select,NASDAQ,US,Technology,Software - Infrastructure,False,False,True,
COGT,"Cogent Biosciences, Inc.",6651891240,38.93,1520900,59208637.00,NASDAQ Global Select,NASDAQ,US,Healthcare,Biotechnology,False,False,True,
QBTS,D-Wave Quantum Inc.,6640224858,18.08,16484564,298040917.12,NASDAQ Global Market,NASDAQ,US,Technology,Computer Hardware,False,False,True,
NPO,"EnPro Industries, Inc.",6632093664,313.92,140080,43973913.60,New York Stock Exchange,NYSE,US,Industrials,Industrial - Machinery,False,False,True,
ACT,Enact Holdings Inc.,6605919320,47.32,387865,18353771.80,NASDAQ,NASDAQ,US,Financial Services,Insurance - Property & Casualty,False,False,True,
LUMN,"Lumen Technologies, Inc.",6573377800,6.38,8321220,53089383.60,New York Stock Exchange,NYSE,US,Communication Services,Telecommunications Services,False,False,True,
CLF,Cleveland-Cliffs Inc.,6572620800,11.52,18790606,216467781.12,New York Stock Exchange,NYSE,US,Basic Materials,Steel,False,False,True,
CPB,Campbell Soup Company,6554567880,21.98,4787912,105238305.76,NASDAQ Global Select,NASDAQ,US,Consumer Defensive,Packaged Foods,False,False,True,
LEA,Lear Corporation,6544423864,130.64,1798937,235013129.68,New York Stock Exchange,NYSE,US,Consumer Cyclical,Auto - Parts,False,False,True,
INGM,Ingram Micro Holding Corporation,6534748611,28.21,1310110,36958203.10,New York Stock Exchange,NYSE,US,Technology,Information Technology Services,False,False,True,
M,"Macy's, Inc.",6528602018,24.82,3071411,76232421.02,New York Stock Exchange,NYSE,US,Consumer Cyclical,Department Stores,False,False,True,
CRUS,"Cirrus Logic, Inc.",6526059073,129.35,886525,114672008.75,NASDAQ Global Select,NASDAQ,US,Technology,Semiconductors,False,False,True,
CWEN,"Clearway Energy, Inc.",6519972512,31.73,824250,26153452.50,New York Stock Exchange,NYSE,US,Utilities,Renewable Utilities,False,False,True,
PPC,Pilgrim's Pride Corporation,6509545920,27.36,1932390,52870190.40,NASDAQ Global Select,NASDAQ,US,Consumer Defensive,Packaged Foods,False,False,True,
LNTH,"Lantheus Holdings, Inc.",6487170010,99.64,1010894,100725478.16,NASDAQ Global Market,NASDAQ,US,Healthcare,Drug Manufacturers - Specialty & Generic,False,False,True,
SWX,"Southwest Gas Holdings, Inc.",6470313646,89.4,385073,34425526.2,New York Stock Exchange,NYSE,US,Utilities,Regulated Gas,False,False,True,
FRVO,Fervo Energy Company,6465814527,22.54,2891434,65172922.36,NASDAQ Global Market,NASDAQ,US,Utilities,Renewable Utilities,False,False,True,
MIRM,"Mirum Pharmaceuticals, Inc.",6460958140,105.95,547061,57961112.95,NASDAQ Global Market,NASDAQ,US,Healthcare,Biotechnology,False,False,True,
APPF,AppFolio Inc.,6438167798,180.19,267312,48166949.28,NASDAQ,NASDAQ,US,Technology,Software - Application,False,False,True,
S,"SentinelOne, Inc.",6418359929,19.06,5373133,102411914.98,New York Stock Exchange,NYSE,US,Technology,Software - Infrastructure,False,False,True,
GBCI,"Glacier Bancorp, Inc.",6414748470,49.29,749559,36945763.11,New York Stock Exchange,NYSE,US,Financial Services,Banks - Regional,False,False,True,
TXNM,"TXNM Energy, Inc.",6412149440,57.92,1000121,57927008.32,New York Stock Exchange,NYSE,US,Utilities,Regulated Electric,False,False,True,
JAN,"Janus Living, Inc.",6411256709,30.21,892843,26972787.03,New York Stock Exchange,NYSE,US,Real Estate,REIT - Industrial,False,False,True,
LOAR,Loar Holdings Inc.,6408594972,68.45,253118,17325927.10,New York Stock Exchange,NYSE,US,Industrials,Aerospace & Defense,False,False,True,
ECG,"Everus Construction Group, Inc.",6402148641,125.43,578970,72620207.10,New York Stock Exchange,NYSE,US,Industrials,Engineering & Construction,False,False,True,
KRMN,Karman Holdings Inc.,6381141297,48.15,1592840,76695246.00,New York Stock Exchange,NYSE,US,Industrials,Aerospace & Defense,False,False,True,
BLLN,"BillionToOne, Inc.",6374974082,138.6,521056,72218361.6,NASDAQ Global Select,NASDAQ,US,Healthcare,Medical - Diagnostics & Research,False,False,True,
WEX,WEX Inc.,6371898180,186.96,415639,77707867.44,New York Stock Exchange,NYSE,US,Technology,Software - Infrastructure,False,False,True,
NAVN,"Navan, Inc.",6362887187,26.62,1253395,33365374.90,NASDAQ Global Select,NASDAQ,US,Technology,Software - Application,False,False,True,
CROX,"Crocs, Inc.",6360771840,128.01,1673960,214283619.60,NASDAQ Global Select,NASDAQ,US,Consumer Cyclical,Apparel - Footwear & Accessories,False,False,True,
BLTE,"Belite Bio, Inc",6357896284,158.61,158042,25067041.62,NASDAQ Capital Market,NASDAQ,US,Healthcare,Biotechnology,False,False,True,
URBN,"Urban Outfitters, Inc.",6352411718,74.18,836056,62018634.08,NASDAQ,NASDAQ,US,Consumer Cyclical,Apparel - Retail,False,False,True,
GATX,GATX Corporation,6350378323,178.87,257176,46001071.12,New York Stock Exchange,NYSE,US,Industrials,Rental & Leasing Services,False,False,True,
ENVA,"Enova International, Inc.",6327672006,254.14,294004,74718176.56,New York Stock Exchange,NYSE,US,Financial Services,Financial - Credit Services,False,False,True,
BYD,Boyd Gaming Corporation,6322526812,85.06,1142483,97179603.98,New York Stock Exchange,NYSE,US,Consumer Cyclical,"Gambling, Resorts & Casinos",False,False,True,
ERAS,"Erasca, Inc.",6300355050,18.15,2649614,48090494.10,NASDAQ Global Select,NASDAQ,US,Healthcare,Biotechnology,False,False,True,
WFRD,Weatherford International plc,6293265041,87.79,942124,82709065.96,NASDAQ Global Select,NASDAQ,US,Energy,Oil & Gas Equipment & Services,False,False,True,
EXP,Eagle Materials Inc.,6286601106,204.94,495034,101452267.96,New York Stock Exchange,NYSE,US,Basic Materials,Construction Materials,False,False,True,
DUOL,"Duolingo, Inc.",6281218372,134.81,1025579,138258304.99,NASDAQ Global Select,NASDAQ,US,Technology,Software - Application,False,False,True,
CGON,CG Oncology Inc.,6279134053,71.19,560778,39921785.82,NASDAQ,NASDAQ,US,Healthcare,Biotechnology,False,False,True,
INGR,Ingredion Incorporated,6271854207,99.46,501913,49920266.98,New York Stock Exchange,NYSE,US,Consumer Defensive,Packaged Foods,False,False,True,
AROC,"Archrock, Inc.",6267354673,35.76,1189614,42540596.64,New York Stock Exchange,NYSE,US,Energy,Oil & Gas Equipment & Services,False,False,True,
SNDR,"Schneider National, Inc.",6259878620,35.74,857693,30653947.82,New York Stock Exchange,NYSE,US,Industrials,Trucking,False,False,True,
HOMB,"Home Bancshares, Inc.",6257901910,31.07,1295749,40258921.43,New York Stock Exchange,NYSE,US,Financial Services,Banks - Regional,False,False,True,
HWC,Hancock Whitney Corporation,6249166000,77,746020,57443540,NASDAQ Global Select,NASDAQ,US,Financial Services,Banks - Regional,False,False,True,
FND,"Floor & Decor Holdings, Inc.",6222971580,57.57,5489459,316028154.63,New York Stock Exchange,NYSE,US,Consumer Cyclical,Home Improvement,False,False,True,
RUSHA,"Rush Enterprises, Inc.",6200557179,79.79,686168,54749344.72,NASDAQ Global Select,NASDAQ,US,Consumer Cyclical,Auto - Dealerships,False,False,True,
MTDR,Matador Resources Company,6195251745,49.89,1237233,61725554.37,New York Stock Exchange,NYSE,US,Energy,Oil & Gas Exploration & Production,False,False,True,
HIMS,"Hims & Hers Health, Inc.",6194931600,27.77,12550120,348516832.40,New York Stock Exchange,NYSE,US,Healthcare,Medical - Equipment & Services,False,False,True,
VCTR,"Victory Capital Holdings, Inc.",6192455427,99.03,373524,36990081.72,NASDAQ Global Select,NASDAQ,US,Financial Services,Asset Management,False,False,True,
MTG,MGIC Investment Corporation,6161955000,30.04,1336605,40151614.20,New York Stock Exchange,NYSE,US,Financial Services,Insurance - Specialty,False,False,True,
MATX,"Matson, Inc.",6131041947,202.59,128814,26096428.26,New York Stock Exchange,NYSE,US,Industrials,Marine Shipping,False,False,True,
ADT,ADT Inc.,6112000000,7.64,9168409,70046644.76,New York Stock Exchange,NYSE,US,Industrials,Security & Protection Services,False,False,True,
CZR,"Caesars Entertainment, Inc.",6060670000,29.75,2720983,80949244.25,NASDAQ Global Select,NASDAQ,US,Consumer Cyclical,"Gambling, Resorts & Casinos",False,False,True,
MXL,"MaxLinear, Inc.",6060119023,66.82,2968082,198327239.24,NASDAQ,NASDAQ,US,Technology,Semiconductors,False,False,True,
TFX,Teleflex Incorporated,6052179042,136.71,461625,63108753.75,New York Stock Exchange,NYSE,US,Healthcare,Medical - Instruments & Supplies,False,False,True,
MIDD,The Middleby Corporation,6039752910,133.58,274292,36639925.36,NASDAQ Global Select,NASDAQ,US,Industrials,Industrial - Machinery,False,False,True,
AUB,Atlantic Union Bankshares Corporation,6021842321,42.43,623801,26467876.43,New York Stock Exchange,NYSE,US,Financial Services,Banks - Regional,False,False,True,
LYFT,"Lyft, Inc.",6021772380,15.86,9158559,145254745.74,NASDAQ Global Select,NASDAQ,US,Technology,Software - Application,False,False,True,
MBGL,Mobility Global Inc,6008458502,20.38,2266453,46190312.14,New York Stock Exchange,NYSE,US,Technology,Software - Infrastructure,False,False,True,
IBP,"Installed Building Products, Inc.",6006159658,222.94,219371,48906570.74,New York Stock Exchange,NYSE,US,Consumer Cyclical,Residential Construction,False,False,True,
TXG,"10x Genomics, Inc.",6001219338,47.27,2600442,122922893.34,NASDAQ Global Select,NASDAQ,US,Healthcare,Medical - Healthcare Information Services,False,False,True,
ORA,"Ormat Technologies, Inc.",5996637897,97.58,700190,68324540.20,New York Stock Exchange,NYSE,US,Utilities,Renewable Utilities,False,False,True,
DOX,Amdocs Limited,5993856120,55.72,1243751,69301805.72,NASDAQ Global Select,NASDAQ,US,Technology,Software - Infrastructure,False,False,True,
PSMT,"PriceSmart, Inc.",5984164209,193.91,319834,62019010.94,NASDAQ,NASDAQ,US,Consumer Defensive,Discount Stores,False,False,True,
LB,LandBridge Company LLC,5970358538,77.52,218523,16939902.96,New York Stock Exchange,NYSE,US,Energy,Oil & Gas Equipment & Services,False,False,True,
CACC,Credit Acceptance Corporation,5950838993,568.91,85803,48814184.73,NASDAQ,NASDAQ,US,Financial Services,Financial - Credit Services,False,False,True,
MCY,Mercury General Corporation,5933226832,107.12,170503,18264281.36,New York Stock Exchange,NYSE,US,Financial Services,Insurance - Property & Casualty,False,False,True,
LSTR,"Landstar System, Inc.",5931152013,174.77,1048110,183178184.70,NASDAQ Global Select,NASDAQ,US,Industrials,Integrated Freight & Logistics,False,False,True,
GOLF,Acushnet Holdings Corp.,5929773707,101.27,158632,16064662.64,New York Stock Exchange,NYSE,US,Consumer Cyclical,Leisure,False,False,True,
FLG,"Flagstar Financial, Inc.",5927109300,14.22,5601777,79657268.94,New York Stock Exchange,NYSE,US,Financial Services,Banks - Regional,False,False,True,
KGS,"Kodiak Gas Services, Inc.",5924949441,58.71,1522854,89406758.34,New York Stock Exchange,NYSE,US,Energy,Oil & Gas Equipment & Services,False,False,True,
STWD,"Starwood Property Trust, Inc.",5924562149,15.98,4112150,65712157.00,New York Stock Exchange,NYSE,US,Real Estate,REIT - Mortgage,False,False,True,
BIPH,Brookfield Infrastructure Finance ULC 5 % Notes 2021-24.05.81 Global,5904161218,16.16,21349,344999.84,New York Stock Exchange,NYSE,US,Financial Services,Financial - Conglomerates,False,False,True,
FBIN,"Fortune Brands Innovations, Inc.",5876393721,49.26,1423781,70135452.06,New York Stock Exchange,NYSE,US,Basic Materials,Construction Materials,False,False,True,
CHDN,Churchill Downs Incorporated,5875726860,84.3,1593972,134371839.6,NASDAQ Global Select,NASDAQ,US,Consumer Cyclical,"Gambling, Resorts & Casinos",False,False,True,
ABCB,Ameris Bancorp,5868578925,87.21,271017,23635392.57,New York Stock Exchange,NYSE,US,Financial Services,Banks - Regional,False,False,True,
AMRX,"Amneal Pharmaceuticals, Inc.",5850143920,18.32,1900367,34814723.44,NASDAQ Global Select,NASDAQ,US,Healthcare,Drug Manufacturers - Specialty & Generic,False,False,True,
NJR,New Jersey Resources Corporation,5842349861,57.89,823847,47692502.83,New York Stock Exchange,NYSE,US,Utilities,Regulated Gas,False,False,True,
ROAD,"Construction Partners, Inc.",5840794762,103.35,603847,62407587.45,NASDAQ,NASDAQ,US,Industrials,Engineering & Construction,False,False,True,
MRCY,"Mercury Systems, Inc.",5830202779,97.1,353049,34281057.9,NASDAQ Global Select,NASDAQ,US,Industrials,Aerospace & Defense,False,False,True,
GTLB,GitLab Inc.,5828739276,34.51,3135361,108201308.11,NASDAQ Global Select,NASDAQ,US,Technology,Software - Application,False,False,True,
ACIW,"ACI Worldwide, Inc.",5828257808,57.33,722243,41406191.19,NASDAQ Global Select,NASDAQ,US,Technology,Software - Infrastructure,False,False,True,
ASB,Associated Banc-Corp,5827611840,30.88,869323,26844694.24,New York Stock Exchange,NYSE,US,Financial Services,Banks - Regional,False,False,True,
NXST,"Nexstar Media Group, Inc.",5818589001,190.53,290459,55341153.27,NASDAQ Global Select,NASDAQ,US,Communication Services,Broadcasting,False,False,True,
GTX,Garrett Motion Inc.,5809269846,31.15,2270249,70718256.35,NASDAQ Global Select,NASDAQ,US,Consumer Cyclical,Auto - Parts,False,False,True,
HNGE,"Hinge Health, Inc.",5781093569,74.71,747003,55808594.13,New York Stock Exchange,NYSE,US,Healthcare,Medical - Healthcare Information Services,False,False,True,
GXO,"GXO Logistics, Inc.",5770837224,50.16,1907513,95680852.08,New York Stock Exchange,NYSE,US,Industrials,Integrated Freight & Logistics,False,False,True,
AX,"Axos Financial, Inc.",5768667286,101.41,484722,49155658.02,New York Stock Exchange,NYSE,US,Financial Services,Banks - Regional,False,False,True,
LGND,Ligand Pharmaceuticals Incorporated,5762606680,287.54,242510,69731325.40,NASDAQ Global Market,NASDAQ,US,Healthcare,Biotechnology,False,False,True,
LKQ,LKQ Corporation,5720054246,22.45,5236813,117566451.85,NASDAQ Global Select,NASDAQ,US,Consumer Cyclical,Auto - Parts,False,False,True,
RYAN,"Ryan Specialty Holdings, Inc.",5717306836,44.16,3717919,164183303.04,New York Stock Exchange,NYSE,US,Financial Services,Insurance - Specialty,False,False,True,
MKTX,MarketAxess Holdings Inc.,5711807670,162.3,4964855,805795966.5,NASDAQ Global Select,NASDAQ,US,Financial Services,Financial - Capital Markets,False,False,True,
POR,Portland General Electric Company,5708960900,49.33,1479239,72970859.87,New York Stock Exchange,NYSE,US,Utilities,Regulated Electric,False,False,True,
TWST,Twist Bioscience Corporation,5700937515,91.55,1494156,136789981.80,NASDAQ Global Select,NASDAQ,US,Healthcare,Medical - Diagnostics & Research,False,False,True,
MUR,Murphy Oil Corporation,5696711475,39.74,1783819,70888967.06,New York Stock Exchange,NYSE,US,Energy,Oil & Gas Exploration & Production,False,False,True,
ACI,"Albertsons Companies, Inc.",5671634138,11.58,6413407,74267253.06,New York Stock Exchange,NYSE,US,Consumer Defensive,Grocery Stores,False,False,True,
SRRK,Scholar Rock Holding Corporation,5667265260,47.295,786740,37208868.300,NASDAQ Global Select,NASDAQ,US,Healthcare,Biotechnology,False,False,True,
STEP,StepStone Group Inc.,5661621652,43.86,1050763,46086465.18,NASDAQ,NASDAQ,US,Financial Services,Asset Management,False,False,True,
SIGI,"Selective Insurance Group, Inc.",5649484000,94.79,635426,60232030.54,NASDAQ Global Select,NASDAQ,US,Financial Services,Insurance - Property & Casualty,False,False,True,
PTCT,"PTC Therapeutics, Inc.",5641381893,68.01,4327693,294326400.93,NASDAQ Global Select,NASDAQ,US,Healthcare,Biotechnology,False,False,True,
VFC,V.F. Corporation,5629687042,14.32,10395857,148868672.24,New York Stock Exchange,NYSE,US,Consumer Cyclical,Apparel - Manufacturers,False,False,True,
RLI,RLI Corp.,5620178520,61.24,585091,35830972.84,New York Stock Exchange,NYSE,US,Financial Services,Insurance - Property & Casualty,False,False,True,
CWST,"Casella Waste Systems, Inc.",5617792707,89.71,612921,54985142.91,NASDAQ Global Select,NASDAQ,US,Industrials,Waste Management,False,False,True,
OUT,Outfront Media Inc.,5611144064,31.87,835625,26631368.75,New York Stock Exchange,NYSE,US,Real Estate,REIT - Specialty,False,False,True,
OZK,Bank OZK,5600209388,51.3,939691,48206148.3,NASDAQ Global Select,NASDAQ,US,Financial Services,Banks - Regional,False,False,True,
DLB,"Dolby Laboratories, Inc.",5594943396,58.81,1378051,81043179.31,New York Stock Exchange,NYSE,US,Technology,Information Technology Services,False,False,True,
AIR,AAR Corp.,5586541779,140.04,263267,36867910.68,New York Stock Exchange,NYSE,US,Industrials,Aerospace & Defense,False,False,True,
HRB,"H&R Block, Inc.",5581251914,44.03,1691486,74476128.58,New York Stock Exchange,NYSE,US,Consumer Cyclical,Personal Products & Services,False,False,True,
SON,Sonoco Products Company,5572239312,56.36,915125,51576445.00,New York Stock Exchange,NYSE,US,Consumer Cyclical,Packaging & Containers,False,False,True,
YOU,"Clear Secure, Inc.",5557832732,55.24,1353031,74741432.44,New York Stock Exchange,NYSE,US,Technology,Software - Application,False,False,True,
WH,"Wyndham Hotels & Resorts, Inc.",5555444593,74.86,862015,64530442.90,New York Stock Exchange,NYSE,US,Consumer Cyclical,Travel Lodging,False,False,True,
RITM,Rithm Capital Corp.,5516073160,9.88,5369616,53051806.08,New York Stock Exchange,NYSE,US,Financial Services,Financial - Diversified,False,False,True,
EPAM,"EPAM Systems, Inc.",5514924248,105.56,1764987,186312027.72,New York Stock Exchange,NYSE,US,Technology,Information Technology Services,False,False,True,
BGC,"BGC Group, Inc",5473209600,11.52,2712582,31248944.64,NASDAQ Global Select,NASDAQ,US,Financial Services,Financial - Capital Markets,False,False,True,
PECO,Phillips Edison & Co.,5456778250,42.49,701736,29816762.64,NASDAQ,NASDAQ,US,Real Estate,REIT - Retail,False,False,True,
VSEC,VSE Corporation,5454039108,194.39,224800,43698872.00,NASDAQ,NASDAQ,US,Industrials,Aerospace & Defense,False,False,True,
BKH,Black Hills Corporation,5421083283,71.21,702111,49997324.31,New York Stock Exchange,NYSE,US,Utilities,Regulated Gas,False,False,True,
AMTM,"Amentum Holdings, Inc.",5418805637,22.2,1097568,24366009.6,New York Stock Exchange,NYSE,US,Industrials,Aerospace & Defense,False,False,True,
ZETA,Zeta Global Holdings Corp.,5400376661,21.6,5018980,108409968.0,New York Stock Exchange,NYSE,US,Technology,Software - Application,False,False,True,
BCPC,Balchem Corp,5383514671,167.555,332849,55770514.195,NASDAQ,NASDAQ,US,Basic Materials,Chemicals - Specialty,False,False,True,
LAUR,"Laureate Education, Inc.",5362557180,38.31,1252760,47993235.60,NASDAQ Global Select,NASDAQ,US,Consumer Defensive,Education & Training Services,False,False,True,
KVYO,"Klaviyo, Inc.",5342145019,17.85,5322945,95014568.25,New York Stock Exchange,NYSE,US,Technology,Software - Application,False,False,True,
SBRA,"Sabra Health Care REIT, Inc.",5338862300,21.17,2342509,49590915.53,NASDAQ Global Select,NASDAQ,US,Real Estate,REIT - Healthcare Facilities,False,False,True,
OBDC,Blue Owl Capital Corporation,5335283308,10.75,6525906,70153489.50,New York Stock Exchange,NYSE,US,Financial Services,Financial - Credit Services,False,False,True,
ANDG,Andersen,5323950311,47.33,377027,17844687.91,New York Stock Exchange,NYSE,US,Industrials,Specialty Business Services,False,False,True,
UNF,UniFirst Corporation,5323024709,292.98,94900,27803802.00,New York Stock Exchange,NYSE,US,Industrials,Specialty Business Services,False,False,True,
MTN,"Vail Resorts, Inc.",5322936114,149.38,398810,59574237.80,New York Stock Exchange,NYSE,US,Consumer Cyclical,"Gambling, Resorts & Casinos",False,False,True,
SSRM,SSR Mining Inc.,5315919420,25.62,2114238,54166777.56,NASDAQ,NASDAQ,US,Basic Materials,Gold,False,False,True,
EBC,"Eastern Bankshares, Inc.",5307043280,22.96,4268789,98011395.44,NASDAQ,NASDAQ,US,Financial Services,Banks - Regional,False,False,True,
GVA,Granite Construction Incorporated,5292038178,120.97,1695541,205109594.77,New York Stock Exchange,NYSE,US,Industrials,Engineering & Construction,False,False,True,
ALK,"Alaska Air Group, Inc.",5287306050,47.45,1432774,67985126.30,New York Stock Exchange,NYSE,US,Industrials,"Airlines, Airports & Air Services",False,False,True,
ESAB,ESAB Corporation,5268094712,86.53,274698,23769617.94,New York Stock Exchange,NYSE,US,Industrials,Industrial - Machinery,False,False,True,
SXT,Sensient Technologies Corporation,5264503283,123.67,139966,17309595.22,New York Stock Exchange,NYSE,US,Basic Materials,Chemicals - Specialty,False,False,True,
REYN,Reynolds Consumer Products Inc.,5257126892,24.94,1051935,26235258.90,NASDAQ,NASDAQ,US,Consumer Defensive,Household & Personal Products,False,False,True,
ALH,Alliance Laundry Holdings Inc.,5237310364,26.37,207703,5477128.11,New York Stock Exchange,NYSE,US,Industrials,Industrial - Machinery,False,False,True,
IEP,Icahn Enterprises L.P.,5235273808,7.79,754764,5879611.56,NASDAQ Global Select,NASDAQ,US,Energy,Oil & Gas Refining & Marketing,False,False,True,
GHC,Graham Holdings Company,5215840271,1203.54,19374,23317383.96,New York Stock Exchange,NYSE,US,Consumer Defensive,Education & Training Services,False,False,True,
PAGP,Plains GP Holdings LP,5210815585,26.33,1905458,50170709.14,NASDAQ,NASDAQ,US,Energy,Oil & Gas Midstream,False,False,True,
SEZL,Sezzle Inc.,5203781036,154.75,286676,44363111.00,NASDAQ Capital Market,NASDAQ,US,Financial Services,Financial - Credit Services,False,False,True,
BIPC,Brookfield Infrastructure Corporation,5202505256,42.3,1401362,59277612.6,New York Stock Exchange,NYSE,US,Utilities,Regulated Gas,False,False,True,
CSW,"CSW Industrials, Inc.",5197378640,318.93,144859,46199880.87,New York Stock Exchange,NYSE,US,Industrials,Industrial - Specialties,False,False,True,
TVTX,"Travere Therapeutics, Inc.",5197373181,55.89,1502662,83983779.18,NASDAQ Global Market,NASDAQ,US,Healthcare,Biotechnology,False,False,True,
REZI,"Resideo Technologies, Inc.",5193920718,34.3,1170420,40145406.0,New York Stock Exchange,NYSE,US,Technology,Communication Equipment,False,False,True,
CUZ,Cousins Properties Incorporated,5192035909,31.55,1644261,51876434.55,New York Stock Exchange,NYSE,US,Real Estate,REIT - Office,False,False,True,
MYRG,MYR Group Inc.,5188568620,333.22,406930,135597214.60,NASDAQ Global Select,NASDAQ,US,Industrials,Engineering & Construction,False,False,True,
RDN,Radian Group Inc.,5184702658,38.99,1075571,41936513.29,New York Stock Exchange,NYSE,US,Financial Services,Insurance - Specialty,False,False,True,
TFSL,TFS Financial Corporation,5162755716,18.41,2215587,40788956.67,NASDAQ Global Select,NASDAQ,US,Financial Services,Banks - Regional,False,False,True,
SPHR,Sphere Entertainment Co.,5153873999,143.25,1102034,157866370.50,New York Stock Exchange,NYSE,US,Communication Services,Entertainment,False,False,True,
EXLS,"ExlService Holdings, Inc.",5144229090,33.93,3688103,125137334.79,NASDAQ Global Select,NASDAQ,US,Technology,Information Technology Services,False,False,True,
CNO,"CNO Financial Group, Inc.",5142568865,55.09,738008,40656860.72,New York Stock Exchange,NYSE,US,Financial Services,Insurance - Life,False,False,True,
BC,Brunswick Corporation,5132980602,79,981878,77568362,New York Stock Exchange,NYSE,US,Consumer Cyclical,Auto - Recreational Vehicles,False,False,True,
PIPR,Piper Sandler Companies,5122369118,75.8,655816,49710852.8,New York Stock Exchange,NYSE,US,Financial Services,Investment - Banking & Investment Services,False,False,True,
WLFC,Willis Lease Finance Corporation,5114328474,71.33,143241,10217380.53,NASDAQ Global Market,NASDAQ,US,Industrials,Rental & Leasing Services,False,False,True,
FTDR,"Frontdoor, Inc.",5101160787,72.63,504095,36612419.85,NASDAQ Global Select,NASDAQ,US,Consumer Cyclical,Personal Products & Services,False,False,True,
QLYS,"Qualys, Inc.",5097661763,144.75,642660,93025035.00,NASDAQ Global Select,NASDAQ,US,Technology,Software - Infrastructure,False,False,True,
SHC,Sotera Health Company,5093082513,17.86,1514719,27052881.34,NASDAQ Global Select,NASDAQ,US,Healthcare,Medical - Diagnostics & Research,False,False,True,
VSNT,"Versant Media Group, Inc. Class A",5092513884,35.99,1474315,53060596.85,NASDAQ Global Market,NASDAQ,US,Communication Services,Advertising Agencies,False,False,True,
NTSK,"Netskope, Inc. Class A Common Stock",5085398741,12.59,3815431,48036276.29,NASDAQ Global Select,NASDAQ,US,Technology,Software - Infrastructure,False,False,True,
NOVT,Novanta Inc.,5076476345,142.55,349747,49856434.85,NASDAQ Global Select,NASDAQ,US,Technology,"Hardware, Equipment & Parts",False,False,True,
CHH,"Choice Hotels International, Inc.",5072293295,111.49,438535,48892267.15,New York Stock Exchange,NYSE,US,Consumer Cyclical,Travel Lodging,False,False,True,
MMSI,"Merit Medical Systems, Inc.",5071259224,85.01,2189435,186123869.35,NASDAQ Global Select,NASDAQ,US,Healthcare,Medical - Instruments & Supplies,False,False,True,
MMED,"MiniMed Group, Inc. Common Stock",5069213082,18.05,610585,11021059.25,NASDAQ Global Select,NASDAQ,US,Healthcare,Medical - Equipment & Services,False,False,True,
CNX,CNX Resources Corporation,5064912400,35.8,1551909,55558342.2,New York Stock Exchange,NYSE,US,Energy,Oil & Gas Exploration & Production,False,False,True,
LPX,Louisiana-Pacific Corporation,5060313258,72.43,626774,45397240.82,New York Stock Exchange,NYSE,US,Basic Materials,"Paper, Lumber & Forest Products",False,False,True,
MAIN,Main Street Capital Corporation,5059575018,54.41,452097,24598597.77,New York Stock Exchange,NYSE,US,Financial Services,Asset Management,False,False,True,
CAKE,The Cheesecake Factory Incorporated,5039093268,101.42,1974351,200238678.42,NASDAQ Global Select,NASDAQ,US,Consumer Cyclical,Restaurants,False,False,True,
FFIN,"First Financial Bankshares, Inc.",5034929480,35.14,758442,26651651.88,NASDAQ Global Select,NASDAQ,US,Financial Services,Banks - Regional,False,False,True,
ACMR,"ACM Research, Inc.",5031314271,78.47,875803,68724261.41,NASDAQ Global Market,NASDAQ,US,Technology,Semiconductors,False,False,True,
PEGA,Pegasystems Inc.,5022572750,30.55,2934019,89634280.45,NASDAQ Global Select,NASDAQ,US,Technology,Software - Application,False,False,True,
HRI,Herc Holdings Inc.,5019390246,150.14,324773,48761418.22,New York Stock Exchange,NYSE,US,Industrials,Rental & Leasing Services,False,False,True,
IRDM,Iridium Communications Inc.,5016146400,47.34,1289984,61067842.56,NASDAQ Global Select,NASDAQ,US,Communication Services,Telecommunications Services,False,False,True,
RDNT,"RadNet, Inc.",5015289276,63.78,596173,38023913.94,NASDAQ Global Market,NASDAQ,US,Healthcare,Medical - Diagnostics & Research,False,False,True,
DAVE,Dave Inc.,5010110057,372.69,333708,124369634.52,NASDAQ Global Market,NASDAQ,US,Technology,Software - Application,False,False,True,
PRM,"Perimeter Solutions, Inc.",4993319307,30.61,6417954,196453571.94,New York Stock Exchange,NYSE,US,Basic Materials,Chemicals - Specialty,False,False,True,
INDV,Indivior Pharmaceuticals Inc,4992047700,40.01,1151268,46062232.68,NASDAQ Global Select,NASDAQ,US,Healthcare,Drug Manufacturers - Specialty & Generic,False,False,True,
MC,Moelis & Company,4989007920,67.08,2437596,163513939.68,New York Stock Exchange,NYSE,US,Financial Services,Financial - Capital Markets,False,False,True,
GNTX,Gentex Corporation,4974555169,23.36,2044303,47754918.08,NASDAQ Global Select,NASDAQ,US,Consumer Cyclical,Auto - Parts,False,False,True,
RGTI,"Rigetti Computing, Inc.",4969362165,14.95,15603056,233265687.20,NASDAQ Capital Market,NASDAQ,US,Technology,Computer Hardware,False,False,True,
ENPH,"Enphase Energy, Inc.",4960710086,37.54,6359006,238717085.24,NASDAQ Global Market,NASDAQ,US,Energy,Solar,False,False,True,
SAIC,Science Applications International Corporation,4951883809,117.13,608965,71328070.45,NASDAQ Global Select,NASDAQ,US,Technology,Information Technology Services,False,False,True,
HLNE,Hamilton Lane Incorporated,4937511758,88.91,592394,52669750.54,NASDAQ Global Select,NASDAQ,US,Financial Services,Asset Management,False,False,True,
GBTG,"Global Business Travel Group, Inc.",4930374931,9.44,1044960,9864422.40,New York Stock Exchange,NYSE,US,Consumer Cyclical,Travel Services,False,False,True,
BEPC,Brookfield Renewable Corporation,4924524565,33.35,1362427,45436940.45,New York Stock Exchange,NYSE,US,Utilities,Renewable Utilities,False,False,True,
CE,Celanese Corporation,4904108744,44.72,1186651,53067032.72,New York Stock Exchange,NYSE,US,Basic Materials,Chemicals,False,False,True,
UFPI,"UFP Industries, Inc.",4899095150,86.74,585644,50798760.56,NASDAQ Global Select,NASDAQ,US,Basic Materials,"Paper, Lumber & Forest Products",False,False,True,
VVV,Valvoline Inc.,4898657760,38.41,1210582,46498454.62,New York Stock Exchange,NYSE,US,Energy,Oil & Gas Refining & Marketing,False,False,True,
OCTV,Octave Intelligence plc,4896305180,18.24,850972,15521729.28,NASDAQ,NASDAQ,US,Technology,Software - Application,False,False,True,
LBRDA,Liberty Broadband Corporation,4893126732,34.06,194193,6614213.58,NASDAQ Global Select,NASDAQ,US,Communication Services,Telecommunications Services,False,False,True,
SFBS,"ServisFirst Bancshares, Inc.",4892320600,89.5,178193,15948273.5,New York Stock Exchange,NYSE,US,Financial Services,Banks - Regional,False,False,True,
SLM,SLM Corporation,4887060052,25.995,2424998,63037823.010,NASDAQ,NASDAQ,US,Financial Services,Financial - Credit Services,False,False,True,
ELF,"e.l.f. Beauty, Inc.",4885291328,82.89,1669102,138351864.78,New York Stock Exchange,NYSE,US,Consumer Defensive,Household & Personal Products,False,False,True,
NNI,"Nelnet, Inc.",4882355705,135.87,59177,8040378.99,New York Stock Exchange,NYSE,US,Financial Services,Financial - Credit Services,False,False,True,
CVLT,"Commvault Systems, Inc.",4879476260,117.8,832965,98123277.0,NASDAQ,NASDAQ,US,Technology,Software - Application,False,False,True,
BCO,The Brink's Company,4877889450,118.45,324733,38464623.85,New York Stock Exchange,NYSE,US,Industrials,Security & Protection Services,False,False,True,
OGS,"ONE Gas, Inc.",4873508125,77.65,310455,24106830.75,New York Stock Exchange,NYSE,US,Utilities,Regulated Gas,False,False,True,
CAR,"Avis Budget Group, Inc.",4855068000,137.44,620107,85227506.08,NASDAQ Global Select,NASDAQ,US,Industrials,Rental & Leasing Services,False,False,True,
OII,"Oceaneering International, Inc.",4855058766,48.78,730323,35625155.94,New York Stock Exchange,NYSE,US,Energy,Oil & Gas Equipment & Services,False,False,True,
HASI,"HA Sustainable Infrastructure Capital, Inc.",4839823870,37.87,659756,24984959.72,New York Stock Exchange,NYSE,US,Financial Services,Financial - Diversified,False,False,True,
VSH,"Vishay Intertechnology, Inc.",4834627470,34.22,4532486,155101670.92,New York Stock Exchange,NYSE,US,Technology,Semiconductors,False,False,True,
BDC,Belden Inc.,4831003200,124.05,615483,76350666.15,New York Stock Exchange,NYSE,US,Technology,Communication Equipment,False,False,True,
FOUR,"Shift4 Payments, Inc.",4828261634,53.02,663068,35155865.36,New York Stock Exchange,NYSE,US,Technology,Software - Infrastructure,False,False,True,
FCN,"FTI Consulting, Inc.",4804350720,159.38,429667,68480326.46,New York Stock Exchange,NYSE,US,Industrials,Consulting Services,False,False,True,
RNG,"RingCentral, Inc.",4795982505,55.62,1665140,92615086.80,New York Stock Exchange,NYSE,US,Technology,Software - Application,False,False,True,
RELY,"Remitly Global, Inc.",4794475792,22.77,2690037,61252142.49,NASDAQ Global Select,NASDAQ,US,Technology,Software - Infrastructure,False,False,True,
JSM,Navient Corporation SR NT 6% 121543,4791338060,17.48,20335,355455.80,NASDAQ Global Select,NASDAQ,US,Financial Services,Financial - Credit Services,False,False,True,
INSW,"International Seaways, Inc.",4761361661,96.18,286066,27513827.88,New York Stock Exchange,NYSE,US,Industrials,Marine Shipping,False,False,True,
IBOC,International Bancshares Corporation,4759349048,76.54,304226,23285458.04,NASDAQ Global Select,NASDAQ,US,Financial Services,Banks - Regional,False,False,True,
MGY,Magnolia Oil & Gas Corporation,4758339440,25.71,3777025,97107312.75,New York Stock Exchange,NYSE,US,Energy,Oil & Gas Exploration & Production,False,False,True,
UEC,Uranium Energy Corp.,4750771200,9.6,10883989,104486294.4,New York Stock Exchange American,AMEX,US,Energy,Uranium,False,False,True,
EPR,EPR Properties,4748832939,62.07,612853,38039785.71,New York Stock Exchange,NYSE,US,Real Estate,REIT - Specialty,False,False,True,
DFTX,"Definium Therapeutics, Inc.",4746298511,43.52,1601923,69715688.96,NASDAQ Global Select,NASDAQ,US,Healthcare,Biotechnology,False,False,True,
EQPT,EquipmentShare.com Inc.,4732032956,18.75,2181691,40906706.25,NASDAQ Global Market,NASDAQ,US,Industrials,Rental & Leasing Services,False,False,True,
PSN,Parsons Corporation,4729541590,44.21,2407353,106429076.13,New York Stock Exchange,NYSE,US,Technology,Information Technology Services,False,False,True,
SR,Spire Inc.,4721067648,79.86,288009,23000398.74,New York Stock Exchange,NYSE,US,Utilities,Regulated Gas,False,False,True,
CHEF,"The Chefs' Warehouse, Inc.",4705828174,115.35,1108182,127828793.70,NASDAQ Global Select,NASDAQ,US,Consumer Defensive,Food Distribution,False,False,True,
MTH,Meritage Homes Corporation,4682508480,70.2,869866,61064593.2,New York Stock Exchange,NYSE,US,Consumer Cyclical,Residential Construction,False,False,True,
CRC,California Resources Corp,4672387638,52.62,440466,23177320.92,New York Stock Exchange,NYSE,US,Energy,Oil & Gas Exploration & Production,False,False,True,
SKT,Tanger Inc.,4670852102,40.66,774555,31493406.30,New York Stock Exchange,NYSE,US,Real Estate,REIT - Retail,False,False,True,
TNL,Travel + Leisure Co.,4658664102,76.02,506064,38470985.28,New York Stock Exchange,NYSE,US,Consumer Cyclical,Travel Services,False,False,True,
FULT,Fulton Financial Corporation,4650290220,24.33,1640899,39923072.67,NASDAQ Global Select,NASDAQ,US,Financial Services,Banks - Regional,False,False,True,
KBR,"KBR, Inc.",4641780326,36.61,3056822,111910253.42,New York Stock Exchange,NYSE,US,Industrials,Engineering & Construction,False,False,True,
DYN,"Dyne Therapeutics, Inc.",4628889760,25.18,1825212,45958838.16,NASDAQ Global Select,NASDAQ,US,Healthcare,Biotechnology,False,False,True,
KTB,"Kontoor Brands, Inc.",4628510776,83.74,483284,40470202.16,New York Stock Exchange,NYSE,US,Consumer Cyclical,Apparel - Manufacturers,False,False,True,
FELE,"Franklin Electric Co., Inc.",4626759984,104.72,321475,33664862.00,NASDAQ,NASDAQ,US,Industrials,Industrial - Machinery,False,False,True,
PI,"Impinj, Inc.",4624713984,151.36,521929,78999173.44,NASDAQ Global Select,NASDAQ,US,Technology,Semiconductors,False,False,True,
XMTR,"Xometry, Inc.",4609207260,85.72,486312,41686664.64,NASDAQ Global Select,NASDAQ,US,Industrials,Industrial - Distribution,False,False,True,
TEX,Terex Corporation,4603031445,62.84,3137760,197176838.40,New York Stock Exchange,NYSE,US,Industrials,Industrial - Machinery,False,False,True,
OTF,Blue Owl Technology Finance Corp.,4598663508,9.94,2527383,25122187.02,New York Stock Exchange,NYSE,US,Financial Services,Asset Management,False,False,True,
VRNS,"Varonis Systems, Inc.",4588676376,39.95,1724284,68885145.80,NASDAQ Global Select,NASDAQ,US,Technology,Software - Infrastructure,False,False,True,
PRIM,Primoris Services Corporation,4579656109,84.41,583887,49285901.67,New York Stock Exchange,NYSE,US,Industrials,Engineering & Construction,False,False,True,
AUGO,Aura Minerals,4572377735,54.57,870121,47482502.97,NASDAQ Global Market,NASDAQ,US,Basic Materials,Gold,False,False,True,
MIAX,"Miami International Holdings, Inc.",4552937626,47.04,951019,44735933.76,New York Stock Exchange,NYSE,US,Financial Services,Financial - Capital Markets,False,False,True,
FHI,"Federated Hermes, Inc.",4551722974,59.96,695387,41695404.52,New York Stock Exchange,NYSE,US,Financial Services,Asset Management,False,False,True,
FIGR,"Figure Technology Solutions, Inc. Class A Common Stock",4549132453,24.91,3148229,78422384.39,NASDAQ Global Market,NASDAQ,US,Financial Services,Financial - Capital Markets,False,False,True,
CBT,Cabot Corp.,4543717124,88.02,454505,40005530.10,New York Stock Exchange,NYSE,US,Basic Materials,Chemicals - Specialty,False,False,True,
EE,"Excelerate Energy, Inc.",4539573201,39.27,205646,8075718.42,New York Stock Exchange,NYSE,US,Energy,Oil & Gas Midstream,False,False,True,
VNT,Vontier Corporation,4523904000,32.13,1003222,32233522.86,New York Stock Exchange,NYSE,US,Industrials,Industrial - Machinery,False,False,True,
KRC,Kilroy Realty Corporation,4515114914,38.82,734174,28500634.68,New York Stock Exchange,NYSE,US,Real Estate,REIT - Office,False,False,True,
WHD,"Cactus, Inc.",4512890184,65.01,1219036,79249530.36,New York Stock Exchange,NYSE,US,Energy,Oil & Gas Equipment & Services,False,False,True,
BOOT,"Boot Barn Holdings, Inc.",4512138908,148.99,791873,117981158.27,New York Stock Exchange,NYSE,US,Consumer Cyclical,Apparel - Retail,False,False,True,
TREX,"Trex Company, Inc.",4505048889,43.36,1551980,67293852.80,New York Stock Exchange,NYSE,US,Industrials,Construction,False,False,True,
BILL,"Bill.com Holdings, Inc.",4494799071,45.13,1956449,88294543.37,New York Stock Exchange,NYSE,US,Technology,Software - Application,False,False,True,
DNTH,"Dianthus Therapeutics, Inc.",4463910000,106.92,829435,88683190.20,NASDAQ,NASDAQ,US,Healthcare,Biotechnology,False,False,True,
NVST,Envista Holdings Corp,4444099577,27.31,2475828,67614862.68,New York Stock Exchange,NYSE,US,Healthcare,Medical - Instruments & Supplies,False,False,True,
PLNT,"Planet Fitness, Inc.",4441645662,55.91,918010,51325939.10,New York Stock Exchange,NYSE,US,Consumer Cyclical,Leisure,False,False,True,
OLLI,"Ollie's Bargain Outlet Holdings, Inc.",4441503363,73.47,1541436,113249302.92,NASDAQ Global Market,NASDAQ,US,Consumer Defensive,Discount Stores,False,False,True,
BRC,Brady Corporation,4441218074,94.27,92215,8693108.05,New York Stock Exchange,NYSE,US,Industrials,Security & Protection Services,False,False,True,
CENX,Century Aluminum Company,4431065980,44.77,1928010,86317007.70,NASDAQ Global Select,NASDAQ,US,Basic Materials,Aluminum,False,False,True,
ACAD,ACADIA Pharmaceuticals Inc.,4429871957,25.87,1479576,38276631.12,NASDAQ Global Select,NASDAQ,US,Healthcare,Biotechnology,False,False,True,
CAI,"Caris Life Sciences, Inc.",4429606491,15.67,3511207,55020613.69,NASDAQ Global Select,NASDAQ,US,Healthcare,Biotechnology,False,False,True,
ANF,Abercrombie & Fitch Co.,4422732413,99.54,520257,51786381.78,New York Stock Exchange,NYSE,US,Consumer Cyclical,Apparel - Retail,False,False,True,
TPC,Tutor Perini Corporation,4417193253,83.75,320142,26811892.50,New York Stock Exchange,NYSE,US,Industrials,Engineering & Construction,False,False,True,
FGN,"F&G Annuities & Life, Inc.",4399148093,24.63,22038,542795.94,New York Stock Exchange,NYSE,US,Financial Services,Insurance - Life,False,False,True,
WSC,WillScot Holdings Corporation,4394550806,24.28,1255812,30491115.36,NASDAQ Capital Market,NASDAQ,US,Industrials,Rental & Leasing Services,False,False,True,
MANE,"Veradermics, Incorporated",4386762135,105,791633,83121465,New York Stock Exchange,NYSE,US,Healthcare,Biotechnology,False,False,True,
MTRN,Materion Corporation,4385785097,210.84,300850,63431214.00,New York Stock Exchange,NYSE,US,Basic Materials,Industrial Materials,False,False,True,
MAT,"Mattel, Inc.",4385154000,15.09,2764123,41710616.07,NASDAQ Global Select,NASDAQ,US,Consumer Cyclical,Leisure,False,False,True,
LIF,"Life360, Inc.",4379762899,54.05,519329,28069732.45,NASDAQ Global Select,NASDAQ,US,Technology,Software - Application,False,False,True,
BOX,"Box, Inc.",4370716150,31.55,1472178,46447215.90,New York Stock Exchange,NYSE,US,Technology,Software - Infrastructure,False,False,True,
SKY,"Champion Homes, Inc.",4370133472,79.61,434492,34589908.12,New York Stock Exchange,NYSE,US,Consumer Cyclical,Residential Construction,False,False,True,
BFH,"Bread Financial Holdings, Inc.",4366795297,108.07,404500,43714315.00,New York Stock Exchange,NYSE,US,Financial Services,Financial - Credit Services,False,False,True,
ITRI,"Itron, Inc.",4363792488,99.66,787817,78513842.22,NASDAQ,NASDAQ,US,Technology,"Hardware, Equipment & Parts",False,False,True,
AZZ,AZZ Inc.,4349053080,144.72,230906,33416716.32,New York Stock Exchange,NYSE,US,Industrials,Industrial - Specialties,False,False,True,
PJT,PJT Partners Inc.,4346415223,168.31,241439,40636598.09,New York Stock Exchange,NYSE,US,Financial Services,Investment - Banking & Investment Services,False,False,True,
MARA,"Marathon Digital Holdings, Inc.",4315982094,11.32,38589139,436829053.48,NASDAQ Capital Market,NASDAQ,US,Financial Services,Financial - Capital Markets,False,False,True,
MRP,"Millrose Properties, Inc.",4315302686,27.98,686790,19216384.20,New York Stock Exchange,NYSE,US,Real Estate,REIT - Residential,False,False,True,
ABG,"Asbury Automotive Group, Inc.",4313975960,231.7,165245,38287266.5,New York Stock Exchange,NYSE,US,Consumer Cyclical,Auto - Dealerships,False,False,True,
PARR,"Par Pacific Holdings, Inc.",4313912150,86.03,710620,61134638.60,New York Stock Exchange,NYSE,US,Energy,Oil & Gas Refining & Marketing,False,False,True,
CDP,COPT Defense Properties,4303786479,37.96,584110,22172815.60,New York Stock Exchange,NYSE,US,Real Estate,REIT - Office,False,False,True,
TCBI,"Texas Capital Bancshares, Inc.",4297441376,98.85,339657,33575094.45,NASDAQ Global Select,NASDAQ,US,Financial Services,Banks - Regional,False,False,True,
PAY,"Paymentus Holdings, Inc.",4276998331,34.1,1356612,46260469.2,New York Stock Exchange,NYSE,US,Technology,Information Technology Services,False,False,True,
CNK,"Cinemark Holdings, Inc.",4273272920,36.59,3473716,127103268.44,New York Stock Exchange,NYSE,US,Communication Services,Entertainment,False,False,True,
ONDS,Ondas Holdings Inc.,4268091166,7.49,58653351,439313598.99,NASDAQ Capital Market,NASDAQ,US,Technology,Communication Equipment,False,False,True,
CVSA,Covista Inc.,4248757865,124.85,268998,33584400.30,New York Stock Exchange,NYSE,US,Consumer Defensive,Education & Training Services,False,False,True,
UCB,"United Community Banks, Inc.",4244258960,35.44,605538,21460266.72,New York Stock Exchange,NYSE,US,Financial Services,Banks - Regional,False,False,True,
SKYW,"SkyWest, Inc.",4242460259,106.97,322480,34495685.60,NASDAQ Global Select,NASDAQ,US,Industrials,"Airlines, Airports & Air Services",False,False,True,
CATY,Cathay General Bancorp,4235973245,63.19,537871,33988068.49,NASDAQ Global Select,NASDAQ,US,Financial Services,Banks - Regional,False,False,True,
CNS,"Cohen & Steers, Inc.",4229138712,82.27,157697,12973732.19,New York Stock Exchange,NYSE,US,Financial Services,Asset Management,False,False,True,
NWE,Northwestern Energy Group Inc,4228059920,68.74,406190,27921500.60,NASDAQ Global Select,NASDAQ,US,Utilities,Regulated Electric,False,False,True,
SEB,Seaboard Corporation,4226993948,4413.26,3788,16717428.88,New York Stock Exchange American,AMEX,US,Industrials,Conglomerates,False,False,True,
SLGN,Silgan Holdings Inc.,4225076725,39.98,1616556,64629908.88,New York Stock Exchange,NYSE,US,Consumer Cyclical,Packaging & Containers,False,False,True,
ATMU,Atmus Filtration Technologies Inc.,4216747458,51.63,300221,15500410.23,New York Stock Exchange,NYSE,US,Consumer Cyclical,Auto - Parts,False,False,True,
CVCO,"Cavco Industries, Inc.",4216250136,547.03,268395,146820116.85,NASDAQ Global Select,NASDAQ,US,Consumer Cyclical,Residential Construction,False,False,True,
CELC,Celcuity Inc.,4212431957,86.38,677931,58559679.78,NASDAQ,NASDAQ,US,Healthcare,Biotechnology,False,False,True,
OPLN,"OPENLANE, Inc.",4212417175,39.76,518666,20622160.16,New York Stock Exchange,NYSE,US,Consumer Cyclical,Auto - Dealerships,False,False,True,
ICUI,"ICU Medical, Inc.",4211669008,168.51,349835,58950695.85,NASDAQ Global Select,NASDAQ,US,Healthcare,Medical - Instruments & Supplies,False,False,True,
BETA,"BETA Technologies, Inc.",4207278253,18.93,1160098,21960655.14,New York Stock Exchange,NYSE,US,Industrials,Aerospace & Defense,False,False,True,
HCC,"Warrior Met Coal, Inc.",4193003961,79.41,641124,50911656.84,New York Stock Exchange,NYSE,US,Energy,Coal,False,False,True,
SYNA,Synaptics Incorporated,4192206388,107.32,799393,85790856.76,NASDAQ Global Select,NASDAQ,US,Technology,Semiconductors,False,False,True,
SITE,"SiteOne Landscape Supply, Inc.",4184466408,94.44,1070921,101137779.24,New York Stock Exchange,NYSE,US,Industrials,Industrial - Distribution,False,False,True,
KFY,Korn Ferry,4184005390,82.27,250512,20609622.24,New York Stock Exchange,NYSE,US,Industrials,Staffing & Employment Services,False,False,True,
WSFS,WSFS Financial Corporation,4173928800,80.2,330887,26537137.4,NASDAQ,NASDAQ,US,Financial Services,Banks - Regional,False,False,True,
LAZ,Lazard Inc,4171789726,42.38,1013921,42969971.98,New York Stock Exchange,NYSE,US,Financial Services,Financial - Capital Markets,False,False,True,
MDU,"MDU Resources Group, Inc.",4169669700,19.95,1042258,20793047.10,New York Stock Exchange,NYSE,US,Utilities,Regulated Gas,False,False,True,
DK,"Delek US Holdings, Inc.",4159582625,67.87,762957,51781891.59,New York Stock Exchange,NYSE,US,Energy,Oil & Gas Refining & Marketing,False,False,True,
KNF,Knife River Corporation,4152679570,73.17,391609,28654030.53,New York Stock Exchange,NYSE,US,Basic Materials,Construction Materials,False,False,True,
POST,"Post Holdings, Inc.",4142937586,91.41,655901,59955910.41,New York Stock Exchange,NYSE,US,Consumer Defensive,Packaged Foods,False,False,True,
EWTX,"Edgewise Therapeutics, Inc.",4134798990,38.43,1131456,43481854.08,NASDAQ Global Select,NASDAQ,US,Healthcare,Biotechnology,False,False,True,
GEO,"The GEO Group, Inc.",4127460020,30.89,914638,28253167.82,New York Stock Exchange,NYSE,US,Industrials,Security & Protection Services,False,False,True,
CALM,"Cal-Maine Foods, Inc.",4118383038,87.78,871738,76521161.64,NASDAQ Global Select,NASDAQ,US,Consumer Defensive,Agricultural Farm Products,False,False,True,
ITGR,Integer Holdings Corporation,4115666035,121.21,2355408,285499003.68,New York Stock Exchange,NYSE,US,Healthcare,Medical - Devices,False,False,True,
BNL,"Broadstone Net Lease, Inc.",4105721943,21.41,1076612,23050262.92,New York Stock Exchange,NYSE,US,Real Estate,REIT - Diversified,False,False,True,
ASBA,Associated Banc-Corp,4067321760,24.66,27149,669494.34,New York Stock Exchange,NYSE,US,Financial Services,Banks - Regional,False,False,True,
LFST,"LifeStance Health Group, Inc.",4064500320,10.48,2476339,25952032.72,NASDAQ Global Select,NASDAQ,US,Healthcare,Medical - Care Facilities,False,False,True,
BBWI,"Bath & Body Works, Inc.",4055423657,20.12,3179800,63977576.00,New York Stock Exchange,NYSE,US,Consumer Cyclical,Specialty Retail,False,False,True,
CON,"Concentra Group Holdings Parent, Inc.",4049990337,31.65,397525,12581666.25,New York Stock Exchange,NYSE,US,Healthcare,Medical - Care Facilities,False,False,True,
WAY,Waystar Holding Corp.,4047809062,21.11,3860860,81502754.60,NASDAQ Global Select,NASDAQ,US,Healthcare,Medical - Healthcare Information Services,False,False,True,
INDB,Independent Bank Corp.,4044780147,83.83,479818,40223142.94,NASDAQ Global Select,NASDAQ,US,Financial Services,Banks - Regional,False,False,True,
CNR,"Core Natural Resources, Inc.",4024543582,79.84,363796,29045472.64,New York Stock Exchange,NYSE,US,Energy,Coal,False,False,True,
ACLS,"Axcelis Technologies, Inc.",4007085491,130.38,472037,61544184.06,NASDAQ Global Select,NASDAQ,US,Technology,Semiconductors,False,False,True,
GEF,"Greif, Inc.",3998346628,86.55,270160,23382348.00,New York Stock Exchange,NYSE,US,Consumer Cyclical,Packaging & Containers,False,False,True,
PVH,PVH Corp.,3995727946,86.66,789764,68440948.24,New York Stock Exchange,NYSE,US,Consumer Cyclical,Apparel - Manufacturers,False,False,True,
IPAR,"Inter Parfums, Inc.",3988811024,124.55,263467,32814814.85,NASDAQ Global Select,NASDAQ,US,Consumer Defensive,Household & Personal Products,False,False,True,
RNST,Renasant Corporation,3982438731,43.57,420142,18305586.94,New York Stock Exchange,NYSE,US,Financial Services,Banks - Regional,False,False,True,
DORM,"Dorman Products, Inc.",3979193648,133.16,258605,34435841.80,NASDAQ Global Select,NASDAQ,US,Consumer Cyclical,Auto - Parts,False,False,True,
PTEN,"Patterson-UTI Energy, Inc.",3978393003,10.48,13030690,136561631.20,NASDAQ Global Select,NASDAQ,US,Energy,Oil & Gas Drilling,False,False,True,
WSBC,"WesBanco, Inc.",3967067910,41.38,656157,27151776.66,NASDAQ Global Select,NASDAQ,US,Financial Services,Banks - Regional,False,False,True,
HGTY,"Hagerty, Inc.",3958876128,11.53,62658,722446.74,New York Stock Exchange,NYSE,US,Financial Services,Insurance - Property & Casualty,False,False,True,
GFF,Griffon Corporation,3952327593,86.17,232964,20074507.88,New York Stock Exchange,NYSE,US,Basic Materials,Construction Materials,False,False,True,
MWA,"Mueller Water Products, Inc.",3949328040,25.24,1569812,39622054.88,New York Stock Exchange,NYSE,US,Industrials,Industrial - Machinery,False,False,True,
EXTR,"Extreme Networks, Inc.",3941651572,30.14,1396062,42077308.68,NASDAQ Global Select,NASDAQ,US,Technology,Communication Equipment,False,False,True,
BFAM,Bright Horizons Family Solutions Inc.,3921303418,74.54,1089763,81230934.02,New York Stock Exchange,NYSE,US,Industrials,Specialty Business Services,False,False,True,
IRT,"Independence Realty Trust, Inc.",3919935162,16.63,2141747,35617252.61,New York Stock Exchange,NYSE,US,Real Estate,REIT - Residential,False,False,True,
PFSI,"PennyMac Financial Services, Inc.",3915656709,75.41,969727,73127113.07,New York Stock Exchange,NYSE,US,Financial Services,Financial - Mortgages,False,False,True,
ELVN,"Enliven Therapeutics, Inc.",3915532127,54.81,627173,34375352.13,NASDAQ Global Select,NASDAQ,US,Healthcare,Biotechnology,False,False,True,
DOCS,"Doximity, Inc.",3910697455,20.91,2726193,57004695.63,New York Stock Exchange,NYSE,US,Healthcare,Medical - Healthcare Information Services,False,False,True,
THO,"Thor Industries, Inc.",3902741254,74.97,404632,30335261.04,New York Stock Exchange,NYSE,US,Consumer Cyclical,Auto - Recreational Vehicles,False,False,True,
APLE,"Apple Hospitality REIT, Inc.",3897475317,16.51,3211376,53019817.76,New York Stock Exchange,NYSE,US,Real Estate,REIT - Hotel & Motel,False,False,True,
CRK,"Comstock Resources, Inc.",3894408960,13.26,2524706,33477601.56,New York Stock Exchange,NYSE,US,Energy,Oil & Gas Exploration & Production,False,False,True,
BMI,"Badger Meter, Inc.",3894382894,134.35,337492,45342050.20,New York Stock Exchange,NYSE,US,Industrials,Industrial - Machinery,False,False,True,
NSIT,"Insight Enterprises, Inc.",3894191019,128.93,385050,49644496.50,NASDAQ Global Select,NASDAQ,US,Technology,Information Technology Services,False,False,True,
HAE,Haemonetics Corporation,3887450840,85.54,665414,56919513.56,New York Stock Exchange,NYSE,US,Healthcare,Medical - Devices,False,False,True,
LASR,"nLIGHT, Inc.",3880918560,68.8,814930,56067184.0,NASDAQ Global Select,NASDAQ,US,Technology,Semiconductors,False,False,True,
RHI,Robert Half Inc.,3866713200,37.8,1292381,48852001.8,New York Stock Exchange,NYSE,US,Industrials,Staffing & Employment Services,False,False,True,
LOPE,"Grand Canyon Education, Inc.",3853588362,145.34,451147,65569704.98,NASDAQ Global Select,NASDAQ,US,Consumer Defensive,Education & Training Services,False,False,True,
CLMT,Calumet Inc.,3851032426,44.19,716986,31683611.34,NASDAQ,NASDAQ,US,Basic Materials,Chemicals - Specialty,False,False,True,
IRTC,"iRhythm Technologies, Inc.",3850488345,117.17,463978,54364302.26,NASDAQ Global Select,NASDAQ,US,Healthcare,Medical - Devices,False,False,True,
GPGI,"GPGI, Inc.",3826165200,13.2,1169085,15431922.0,New York Stock Exchange,NYSE,US,Industrials,Manufacturing - Metal Fabrication,False,False,True,
SMG,The Scotts Miracle-Gro Company,3821389622,65.68,629074,41317580.32,New York Stock Exchange,NYSE,US,Basic Materials,Agricultural Inputs,False,False,True,
PII,Polaris Inc.,3817086780,67.08,620620,41631189.60,New York Stock Exchange,NYSE,US,Consumer Cyclical,Auto - Recreational Vehicles,False,False,True,
HHH,Howard Hughes Holdings Inc.,3811204432,63.92,427639,27334684.88,New York Stock Exchange,NYSE,US,Real Estate,Real Estate - Development,False,False,True,
QTWO,"Q2 Holdings, Inc.",3795530589,60.87,1298557,79043164.59,New York Stock Exchange,NYSE,US,Technology,Software - Application,False,False,True,
USAC,"USA Compression Partners, LP",3792467520,26.16,262360,6863337.60,New York Stock Exchange,NYSE,US,Energy,Oil & Gas Equipment & Services,False,False,True,
BANF,BancFirst Corporation,3789216181,112.82,162080,18285865.60,NASDAQ Global Select,NASDAQ,US,Financial Services,Banks - Regional,False,False,True,
CRGY,Crescent Energy Company,3787986081,11.47,3497012,40110727.64,New York Stock Exchange,NYSE,US,Energy,Oil & Gas Exploration & Production,False,False,True,
FG,"F&G Annuities & Life, Inc.",3785096164,28.57,627534,17928646.38,New York Stock Exchange,NYSE,US,Financial Services,Insurance - Life,False,False,True,
RRR,"Red Rock Resorts, Inc.",3783539826,64.44,564800,36395712.00,NASDAQ Global Select,NASDAQ,US,Consumer Cyclical,"Gambling, Resorts & Casinos",False,False,True,
DIOD,Diodes Incorporated,3782170503,82.32,585683,48213424.56,NASDAQ Global Select,NASDAQ,US,Technology,Semiconductors,False,False,True,
AMBA,"Ambarella, Inc.",3772663910,86,9036432,777133152,NASDAQ Global Select,NASDAQ,US,Technology,Semiconductors,False,False,True,
PRK,Park National Corporation,3766703215,208.15,99567,20724871.05,New York Stock Exchange American,AMEX,US,Financial Services,Banks - Regional,False,False,True,
COCO,"The Vita Coco Company, Inc.",3766007679,65.94,832832,54916942.08,NASDAQ Global Select,NASDAQ,US,Consumer Defensive,Beverages - Non-Alcoholic,False,False,True,
MHO,"M/I Homes, Inc.",3765435608,146.13,213844,31249023.72,New York Stock Exchange,NYSE,US,Consumer Cyclical,Residential Construction,False,False,True,
GNW,"Genworth Financial, Inc.",3764980986,9.83,1834818,18036260.94,New York Stock Exchange,NYSE,US,Financial Services,Insurance - Diversified,False,False,True,
SLG,SL Green Realty Corp.,3764618885,52.93,476806,25237341.58,New York Stock Exchange,NYSE,US,Real Estate,REIT - Office,False,False,True,
BULL,Webull Corporation Class A Ordinary Shares,3754639740,7.06,6041362,42652015.72,NASDAQ Global Select,NASDAQ,US,Technology,Software - Application,False,False,True,
OLED,Universal Display Corporation,3747552144,80.16,1649020,132185443.20,NASDAQ Global Select,NASDAQ,US,Technology,"Hardware, Equipment & Parts",False,False,True,
UCTT,"Ultra Clean Holdings, Inc.",3734650005,83.31,1373736,114445946.16,NASDAQ Global Select,NASDAQ,US,Technology,Semiconductors,False,False,True,
TDW,Tidewater Inc.,3732778836,75.06,402630,30221407.80,New York Stock Exchange,NYSE,US,Energy,Oil & Gas Equipment & Services,False,False,True,
KNTK,Kinetik Holdings Inc.,3722068311,50.57,753875,38123458.75,New York Stock Exchange,NYSE,US,Energy,Oil & Gas Midstream,False,False,True,
NHI,"National Health Investors, Inc.",3715309815,76.65,383475,29393358.75,New York Stock Exchange,NYSE,US,Real Estate,REIT - Healthcare Facilities,False,False,True,
OTTR,Otter Tail Corporation,3712234122,88.42,187279,16559209.18,NASDAQ Global Select,NASDAQ,US,Industrials,Conglomerates,False,False,True,
LMND,"Lemonade, Inc.",3711212848,48.31,1836199,88706773.69,New York Stock Exchange,NYSE,US,Financial Services,Insurance - Property & Casualty,False,False,True,
YETI,"YETI Holdings, Inc.",3707611202,48.94,841778,41196615.32,New York Stock Exchange,NYSE,US,Consumer Cyclical,Leisure,False,False,True,
VKTX,"Viking Therapeutics, Inc.",3702563966,31.74,1859386,59016911.64,NASDAQ Capital Market,NASDAQ,US,Healthcare,Biotechnology,False,False,True,
MCHB,Mechanics Bank,3698618730,16.79,608267,10212802.93,NASDAQ Global Select,NASDAQ,US,Financial Services,Banks - Regional,False,False,True,
VCYT,"Veracyte, Inc.",3695993232,46.32,5991801,277540222.32,NASDAQ,NASDAQ,US,Healthcare,Medical - Diagnostics & Research,False,False,True,
FIBK,"First Interstate BancSystem, Inc.",3693373058,38.02,981022,37298456.44,NASDAQ Global Select,NASDAQ,US,Financial Services,Banks - Regional,False,False,True,
MIR,"Mirion Technologies, Inc.",3664946880,14.98,4815506,72136279.88,New York Stock Exchange,NYSE,US,Industrials,Industrial - Machinery,False,False,True,
MSGE,Madison Square Garden Entertainment Corp.,3654802224,77.26,278808,21540706.08,New York Stock Exchange,NYSE,US,Communication Services,Entertainment,False,False,True,
HIW,"Highwoods Properties, Inc.",3654278988,33.13,857889,28421862.57,New York Stock Exchange,NYSE,US,Real Estate,REIT - Office,False,False,True,
DNLI,Denali Therapeutics Inc.,3653498146,23.02,1212716,27916722.32,NASDAQ Global Select,NASDAQ,US,Healthcare,Biotechnology,False,False,True,
OSIS,"OSI Systems, Inc.",3649147017,221.39,198836,44020302.04,NASDAQ Global Select,NASDAQ,US,Technology,"Hardware, Equipment & Parts",False,False,True,
OPEN,Opendoor Technologies Inc.,3637058490,3.77,28515625,107503906.25,NASDAQ Global Select,NASDAQ,US,Real Estate,Real Estate - Services,False,False,True,
KAI,Kadant Inc.,3631113750,307.5,81571,25083082.5,New York Stock Exchange,NYSE,US,Industrials,Industrial - Machinery,False,False,True,
FRMI,Fermi Inc. Common Stock,3627797198,5.69,25713902,146312102.38,NASDAQ Global Select,NASDAQ,US,Utilities,Regulated Electric,False,False,True,
HGV,Hilton Grand Vacations Inc.,3622703001,46.14,1392737,64260885.18,New York Stock Exchange,NYSE,US,Consumer Cyclical,Travel Lodging,False,False,True,
OPCH,"Option Care Health, Inc.",3616354840,23.03,3340925,76941502.75,NASDAQ Global Select,NASDAQ,US,Healthcare,Medical - Care Facilities,False,False,True,
ORKA,"Oruka Therapeutics, Inc.",3614376129,96.51,749936,72376323.36,NASDAQ Global Market,NASDAQ,US,Healthcare,Biotechnology,False,False,True,
ADPT,Adaptive Biotechnologies Corporation,3612193080,22.57,2992826,67548082.82,NASDAQ Global Select,NASDAQ,US,Healthcare,Biotechnology,False,False,True,
IPGP,IPG Photonics Corporation,3610252616,85.06,385976,32831118.56,NASDAQ Global Select,NASDAQ,US,Technology,Semiconductors,False,False,True,
TENB,"Tenable Holdings, Inc.",3599278080,32.64,3443042,112380890.88,NASDAQ Global Select,NASDAQ,US,Technology,Software - Infrastructure,False,False,True,
SXI,Standex International Corporation,3592074373,296.5,176286,52268799.0,New York Stock Exchange,NYSE,US,Industrials,Industrial - Machinery,False,False,True,
CVI,"CVR Energy, Inc.",3580899936,35.62,1229765,43804229.30,New York Stock Exchange,NYSE,US,Energy,Oil & Gas Refining & Marketing,False,False,True,
CCC,CCC Intelligent Solutions Holdings Inc.,3574467864,6.09,15860268,96589032.12,NASDAQ Global Select,NASDAQ,US,Technology,Software - Application,False,False,True,
PTRN,Pattern Group Inc. Series A Common Stock,3571865381,23.02,969535,22318695.70,NASDAQ Global Select,NASDAQ,US,Technology,Software - Application,False,False,True,
TDS,"Telephone and Data Systems, Inc.",3569554000,33.58,481080,16154666.40,New York Stock Exchange,NYSE,US,Communication Services,Telecommunications Services,False,False,True,
OGN,Organon & Co.,3558351936,13.55,2218643,30062612.65,New York Stock Exchange,NYSE,US,Healthcare,Drug Manufacturers - General,False,False,True,
BHF,"Brighthouse Financial, Inc.",3556468549,61.91,767949,47543722.59,NASDAQ Global Select,NASDAQ,US,Financial Services,Insurance - Life,False,False,True,
FFBC,First Financial Bancorp.,3550661480,33.83,787084,26627051.72,NASDAQ,NASDAQ,US,Financial Services,Banks - Regional,False,False,True,
FSLY,"Fastly, Inc.",3546290000,22.66,5427294,122982482.04,NASDAQ Global Select,NASDAQ,US,Technology,Software - Application,False,False,True,
PLMR,"Palomar Holdings, Inc.",3545956781,133.79,238035,31846702.65,NASDAQ Global Select,NASDAQ,US,Financial Services,Insurance - Property & Casualty,False,False,True,
RCUS,"Arcus Biosciences, Inc.",3545540870,28.19,997872,28130011.68,New York Stock Exchange,NYSE,US,Healthcare,Biotechnology,False,False,True,
JOE,The St. Joe Company,3543351270,62.24,208533,12979093.92,New York Stock Exchange,NYSE,US,Real Estate,Real Estate - Development,False,False,True,
CLSK,"CleanSpark, Inc.",3530934419,13.76,19175205,263850820.80,NASDAQ Capital Market,NASDAQ,US,Financial Services,Asset Management - Cryptocurrency,False,False,True,
NHC,National HealthCare Corporation,3530498188,226.03,85738,19379360.14,New York Stock Exchange American,AMEX,US,Healthcare,Medical - Care Facilities,False,False,True,
WING,Wingstop Inc.,3526349374,129.49,1174983,152148548.67,NASDAQ Global Select,NASDAQ,US,Consumer Cyclical,Restaurants,False,False,True,
CURB,Curbline Properties Corp.,3524764933,30.64,466773,14301924.72,New York Stock Exchange,NYSE,US,Real Estate,REIT - Retail,False,False,True,
ACHR,Archer Aviation Inc.,3524534720,4.64,29676412,137698551.68,New York Stock Exchange,NYSE,US,Industrials,Aerospace & Defense,False,False,True,
REAL,"The RealReal, Inc.",3502872937,12.09,1705170,20615505.30,NASDAQ Global Select,NASDAQ,US,Consumer Cyclical,Luxury Goods,False,False,True,
CARG,"CarGurus, Inc.",3500153678,36.24,650044,23557594.56,NASDAQ Global Select,NASDAQ,US,Consumer Cyclical,Auto - Dealerships,False,False,True,
TOWN,TowneBank,3494740932,37.91,617917,23425233.47,NASDAQ Global Select,NASDAQ,US,Financial Services,Banks - Regional,False,False,True,
DTG,DTE Energy Company 2021 Series,3489029160,16.79,23375,392466.25,New York Stock Exchange,NYSE,US,Utilities,Regulated Electric,False,False,True,
ALMS,Alumis Inc.,3486956034,28.25,1307578,36939078.50,NASDAQ,NASDAQ,US,Healthcare,Biotechnology,False,False,True,
BKD,Brookdale Senior Living Inc.,3486334000,14.6,3693935,53931451.0,New York Stock Exchange,NYSE,US,Healthcare,Medical - Care Facilities,False,False,True,
NATL,NCR Atleos Corporation,3470715237,47.03,500680,23546980.40,New York Stock Exchange,NYSE,US,Technology,Software - Application,False,False,True,
HP,"Helmerich & Payne, Inc.",3454612872,34.57,823612,28472266.84,New York Stock Exchange,NYSE,US,Energy,Oil & Gas Drilling,False,False,True,
AB,AllianceBernstein Holding L.P.,3433527364,36.76,149941,5511831.16,New York Stock Exchange,NYSE,US,Financial Services,Asset Management,False,False,True,
DTB,DTE Energy Company 2020 Series,3432922080,16.52,15470,255564.40,New York Stock Exchange,NYSE,US,Utilities,Regulated Electric,False,False,True,
BATRA,"Atlanta Braves Holdings, Inc.",3432525801,54.41,64166,3491272.06,NASDAQ Global Select,NASDAQ,US,Communication Services,Entertainment,False,False,True,
LEGN,Legend Biotech Corporation,3430696063,18.55,2564212,47566132.60,NASDAQ,NASDAQ,US,Healthcare,Biotechnology,False,False,True,
SFNC,Simmons First National Corporation,3422059760,23.59,1798862,42435154.58,NASDAQ Global Select,NASDAQ,US,Financial Services,Banks - Regional,False,False,True,
LRN,"Stride, Inc.",3414316192,80.29,2195905,176309212.45,New York Stock Exchange,NYSE,US,Consumer Defensive,Education & Training Services,False,False,True,
GPI,"Group 1 Automotive, Inc.",3412044807,286.77,348492,99937050.84,New York Stock Exchange,NYSE,US,Consumer Cyclical,Auto - Dealerships,False,False,True,
CBU,"Community Bank System, Inc.",3406083069,64.81,168347,10910569.07,New York Stock Exchange,NYSE,US,Financial Services,Banks - Regional,False,False,True,
FA,First Advantage Corporation,3403295012,19.84,2258202,44802727.68,NASDAQ Global Select,NASDAQ,US,Industrials,Specialty Business Services,False,False,True,
BKU,"BankUnited, Inc.",3390601305,46.65,596771,27839367.15,New York Stock Exchange,NYSE,US,Financial Services,Banks - Regional,False,False,True,
POWI,"Power Integrations, Inc.",3382760229,60.71,578409,35115210.39,NASDAQ Global Select,NASDAQ,US,Technology,Semiconductors,False,False,True,
TNGX,"Tango Therapeutics, Inc.",3382188990,27.18,1659089,45094039.02,NASDAQ Global Market,NASDAQ,US,Healthcare,Biotechnology,False,False,True,
FHB,"First Hawaiian, Inc.",3381376040,27.79,1764952,49048016.08,NASDAQ Global Select,NASDAQ,US,Financial Services,Banks - Regional,False,False,True,
SBCF,Seacoast Banking Corporation of Florida,3378353832,34.74,1561026,54230043.24,NASDAQ Global Select,NASDAQ,US,Financial Services,Banks - Regional,False,False,True,
IDYA,"IDEAYA Biosciences, Inc.",3375450050,35.5,468743,16640376.5,NASDAQ Global Select,NASDAQ,US,Healthcare,Biotechnology,False,False,True,
RYN,Rayonier Inc.,3370195818,21.78,2230839,48587673.42,New York Stock Exchange,NYSE,US,Real Estate,REIT - Specialty,False,False,True,
KBH,KB Home,3370194209,54.97,833292,45806061.24,New York Stock Exchange,NYSE,US,Consumer Cyclical,Residential Construction,False,False,True,
SHOO,"Steven Madden, Ltd.",3367776891,46.08,2211962,101927208.96,NASDAQ Global Select,NASDAQ,US,Consumer Cyclical,Apparel - Footwear & Accessories,False,False,True,
NMIH,"NMI Holdings, Inc.",3365555170,44.3,836678,37064835.4,NASDAQ Global Market,NASDAQ,US,Financial Services,Insurance - Specialty,False,False,True,
DAN,Dana Incorporated,3360215499,26.93,831639,22396038.27,New York Stock Exchange,NYSE,US,Consumer Cyclical,Auto - Parts,False,False,True,
ARQT,"Arcutis Biotherapeutics, Inc.",3359729380,26.86,1475764,39639021.04,NASDAQ Global Select,NASDAQ,US,Healthcare,Biotechnology,False,False,True,
AWR,American States Water Company,3356458803,85.64,174546,14948119.44,New York Stock Exchange,NYSE,US,Utilities,Regulated Water,False,False,True,
WK,Workiva Inc.,3355936293,59.8,591782,35388563.6,New York Stock Exchange,NYSE,US,Technology,Software - Application,False,False,True,
LEU,Centrus Energy Corp.,3353459386,176.93,519093,91843124.49,New York Stock Exchange,NYSE,US,Energy,Uranium,False,False,True,
AAP,"Advance Auto Parts, Inc.",3349062000,55.54,774321,43005788.34,New York Stock Exchange,NYSE,US,Consumer Cyclical,Specialty Retail,False,False,True,
VAC,Marriott Vacations Worldwide Corporation,3348792171,97.51,235330,22947028.30,New York Stock Exchange,NYSE,US,Consumer Cyclical,"Gambling, Resorts & Casinos",False,False,True,
AVA,Avista Corporation,3342724494,40.45,512769,20741506.05,New York Stock Exchange,NYSE,US,Utilities,Diversified Utilities,False,False,True,
GBDC,"Golub Capital BDC, Inc.",3342153172,12.83,607440,7793455.20,NASDAQ Global Select,NASDAQ,US,Financial Services,Asset Management,False,False,True,
RXO,"RXO, Inc.",3339636318,20.25,2068585,41888846.25,New York Stock Exchange,NYSE,US,Industrials,Trucking,False,False,True,
FLY,Firefly Aerospace Inc.,3338901819,20.33,2719443,55286276.19,NASDAQ Global Market,NASDAQ,US,Industrials,Aerospace & Defense,False,False,True,
ARLP,"Alliance Resource Partners, L.P.",3338695886,25.95,200262,5196798.90,NASDAQ Global Select,NASDAQ,US,Energy,Coal,False,False,True,
AVNT,Avient Corporation,3330913265,36.32,430903,15650396.96,New York Stock Exchange,NYSE,US,Basic Materials,Chemicals - Specialty,False,False,True,
ASH,Ashland Inc.,3325056378,72.61,374285,27176833.85,New York Stock Exchange,NYSE,US,Basic Materials,Chemicals - Specialty,False,False,True,
CALY,Callaway Golf Company,3318324613,18.46,802260,14809719.60,New York Stock Exchange,NYSE,US,Consumer Cyclical,Leisure,False,False,True,
NIQ,NIQ Global Intelligence Plc,3296673030,11.17,810641,9054859.97,New York Stock Exchange,NYSE,US,Technology,Information Technology Services,False,False,True,
RLAY,"Relay Therapeutics, Inc.",3295558680,18.83,1712571,32247711.93,NASDAQ Global Market,NASDAQ,US,Healthcare,Biotechnology,False,False,True,
BELFB,Bel Fuse Inc.,3292861545,271.97,421512,114638618.64,NASDAQ Global Select,NASDAQ,US,Technology,"Hardware, Equipment & Parts",False,False,True,
SUNC,SunocoCorp LLC,3283327320,76.44,240266,18365933.04,New York Stock Exchange,NYSE,US,Energy,Oil & Gas Midstream,False,False,True,
HAYW,"Hayward Holdings, Inc.",3282650190,15.13,1939030,29337523.90,New York Stock Exchange,NYSE,US,Industrials,Electrical Equipment & Parts,False,False,True,
WRBY,Warby Parker Inc.,3275269569,26.69,1051692,28069659.48,New York Stock Exchange,NYSE,US,Consumer Cyclical,Specialty Retail,False,False,True,
LILAP,Liberty Latin America Ltd. 9% Cum Perp Red Pfd Shs Series A When-issued,3260664000,20.24,210549,4261511.76,NASDAQ Global Select,NASDAQ,US,Communication Services,Telecommunications Services,False,False,True,
EXPO,"Exponent, Inc.",3243002399,66.85,1269859,84890074.15,NASDAQ Global Select,NASDAQ,US,Industrials,Engineering & Construction,False,False,True,
PFS,"Provident Financial Services, Inc.",3216149520,24.68,1067913,26356092.84,New York Stock Exchange,NYSE,US,Financial Services,Banks - Regional,False,False,True,
ARCB,ArcBest Corp,3213779530,144.35,545078,78682009.30,NASDAQ,NASDAQ,US,Industrials,Trucking,False,False,True,
QS,QuantumScape Corporation,3211057338,5.22,23784814,124156729.08,NASDAQ Global Select,NASDAQ,US,Consumer Cyclical,Auto - Parts,False,False,True,
CVBF,CVB Financial Corp.,3208797361,22.37,1398668,31288203.16,NASDAQ Global Select,NASDAQ,US,Financial Services,Banks - Regional,False,False,True,
BATRK,"Atlanta Braves Holdings, Inc.",3206676832,50.83,503056,25570336.48,NASDAQ Global Select,NASDAQ,US,Communication Services,Entertainment,False,False,True,
DKL,"Delek Logistics Partners, LP",3206574383,60.31,179283,10812557.73,New York Stock Exchange,NYSE,US,Energy,Oil & Gas Midstream,False,False,True,
AADX,"Applied Aerospace & Defense, Inc.",3201721491,18.7,1298044,24273422.8,New York Stock Exchange,NYSE,US,Industrials,Aerospace & Defense,False,False,True,
CPK,Chesapeake Utilities Corporation,3187352166,132.78,141609,18802843.02,New York Stock Exchange,NYSE,US,Utilities,Regulated Gas,False,False,True,
BSM,"Black Stone Minerals, L.P.",3176860050,14.95,133241,1991952.95,New York Stock Exchange,NYSE,US,Energy,Oil & Gas Exploration & Production,False,False,True,
GPK,Graphic Packaging Holding Company,3174867510,10.73,3941879,42296361.67,New York Stock Exchange,NYSE,US,Consumer Cyclical,Packaging & Containers,False,False,True,
MMS,"Maximus, Inc.",3165559100,60.25,405468,24429447.00,New York Stock Exchange,NYSE,US,Industrials,Specialty Business Services,False,False,True,
USLM,"United States Lime & Minerals, Inc.",3163630777,110.3,340312,37536413.6,NASDAQ Global Select,NASDAQ,US,Basic Materials,Construction Materials,False,False,True,
BOH,Bank of Hawaii Corporation,3152086960,79.9,265523,21215287.7,New York Stock Exchange,NYSE,US,Financial Services,Banks - Regional,False,False,True,
SEI,"Solaris Energy Infrastructure, Inc.",3150560058,51.41,3108141,159789528.81,New York Stock Exchange,NYSE,US,Energy,Oil & Gas Equipment & Services,False,False,True,
CWK,Cushman & Wakefield plc,3144312777,13.42,1706021,22894801.82,New York Stock Exchange,NYSE,US,Real Estate,Real Estate - Services,False,False,True,
FRSH,Freshworks Inc.,3138910205,11.355,9296582,105562688.610,NASDAQ Global Select,NASDAQ,US,Technology,Software - Application,False,False,True,
ALM,Almonty Industries Inc.,3138186520,11.06,9269986,102526045.16,NASDAQ,NASDAQ,US,Basic Materials,Industrial Materials,False,False,True,
MBX,"MBX Biosciences, Inc. Common Stock",3138105417,65.93,555641,36633411.13,NASDAQ Global Select,NASDAQ,US,Healthcare,Biotechnology,False,False,True,
RH,Rh,3128493520,165.52,674799,111692730.48,New York Stock Exchange,NYSE,US,Consumer Cyclical,Specialty Retail,False,False,True,
KN,Knowles Corporation,3125164084,36.59,569607,20841920.13,New York Stock Exchange,NYSE,US,Technology,"Hardware, Equipment & Parts",False,False,True,
FBK,FB Financial Corporation,3110988930,60.38,390318,23567400.84,New York Stock Exchange,NYSE,US,Financial Services,Banks - Regional,False,False,True,
CSQR,Csquare Inc.,3094213212,19.96,1035416,20666903.36,New York Stock Exchange,NYSE,US,Technology,Information Technology Services,False,False,True,
PPLI,People Incorporated,3092288292,41.57,919159,38209439.63,NASDAQ Global Select,NASDAQ,US,Communication Services,Internet Content & Information,False,False,True,
IAC,IAC Inc.,3092288209,41.57,155019,6444139.83,NASDAQ,NASDAQ,US,Communication Services,Internet Content & Information,False,False,True,
GRND,Grindr Inc.,3081768840,17.34,1299321,22530226.14,New York Stock Exchange,NYSE,US,Technology,Software - Application,False,False,True,
AAMI,Acadian Asset Management,3081552210,86.49,366489,31697633.61,New York Stock Exchange,NYSE,US,Financial Services,Asset Management,False,False,True,
UNFI,"United Natural Foods, Inc.",3076187886,50.83,317193,16122920.19,New York Stock Exchange,NYSE,US,Consumer Defensive,Food Distribution,False,False,True,
HTGC,"Hercules Capital, Inc.",3072487248,16.42,2309783,37926636.86,New York Stock Exchange,NYSE,US,Financial Services,Asset Management,False,False,True,
HCXY,Hercules Capital Inc,3072253750,25,9566,239150,New York Stock Exchange,NYSE,US,Financial Services,Financial - Credit Services,False,False,True,
ALHC,"Alignment Healthcare, Inc.",3069997272,14.85,17424933,258760255.05,NASDAQ Global Select,NASDAQ,US,Healthcare,Medical - Healthcare Plans,False,False,True,
AXTI,"AXT, Inc.",3066926319,60.43,29509839,1783279570.77,NASDAQ Global Select,NASDAQ,US,Technology,Semiconductors,False,False,True,
CRVL,CorVel Corporation,3063604084,60.06,173060,10393983.60,NASDAQ Global Select,NASDAQ,US,Financial Services,Insurance - Brokers,False,False,True,
RWTQ,"Redwood Trust, Inc.",3058806640,24.21,11724,283838.04,New York Stock Exchange,NYSE,US,Real Estate,REIT - Mortgage,False,False,True,
LBRT,Liberty Energy Inc.,3053311393,18.71,4264833,79795025.43,New York Stock Exchange,NYSE,US,Energy,Oil & Gas Equipment & Services,False,False,True,
VECO,Veeco Instruments Inc.,3051674250,50,983262,49163100,NASDAQ Global Select,NASDAQ,US,Technology,Semiconductors,False,False,True,
SAH,"Sonic Automotive, Inc.",3049617205,91.58,486679,44570062.82,New York Stock Exchange,NYSE,US,Consumer Cyclical,Auto - Dealerships,False,False,True,
WDFC,WD-40 Company,3048467745,227.14,111506,25327472.84,NASDAQ Global Select,NASDAQ,US,Basic Materials,Chemicals - Specialty,False,False,True,
GRBK,"Green Brick Partners, Inc.",3042146811,70.73,237783,16818391.59,New York Stock Exchange,NYSE,US,Consumer Cyclical,Residential Construction,False,False,True,
COLM,Columbia Sportswear Company,3036740704,59.38,1298497,77104751.86,NASDAQ Global Select,NASDAQ,US,Consumer Cyclical,Apparel - Manufacturers,False,False,True,
PK,Park Hotels & Resorts Inc.,3032509235,15.06,2395676,36078880.56,New York Stock Exchange,NYSE,US,Real Estate,REIT - Hotel & Motel,False,False,True,
TNET,"TriNet Group, Inc.",3024535849,65.83,478182,31478721.06,New York Stock Exchange,NYSE,US,Industrials,Staffing & Employment Services,False,False,True,
AD,Array Digital Infrastructure Inc,3004374513,34.84,80808,2815350.72,New York Stock Exchange,NYSE,US,Communication Services,Telecommunications Services,False,False,True,
MGEE,"MGE Energy, Inc.",3001979145,79.53,192255,15290040.15,NASDAQ Global Select,NASDAQ,US,Utilities,Regulated Electric,False,False,True,
CWT,California Water Service Group,2999246959,50.11,585119,29320313.09,New York Stock Exchange,NYSE,US,Utilities,Regulated Water,False,False,True,
CXT,"Crane NXT, Co.",2989325966,51.95,399078,20732102.10,New York Stock Exchange,NYSE,US,Industrials,Industrial - Machinery,False,False,True,
KD,"Kyndryl Holdings, Inc.",2988008168,13.55,2692361,36481491.55,New York Stock Exchange,NYSE,US,Technology,Information Technology Services,False,False,True,
PRVA,"Privia Health Group, Inc.",2982712893,23.67,958549,22688854.83,NASDAQ Global Select,NASDAQ,US,Healthcare,Medical - Healthcare Information Services,False,False,True,
FUL,H.B. Fuller Company,2974443828,55.3,546780,30236934.0,New York Stock Exchange,NYSE,US,Basic Materials,Chemicals - Specialty,False,False,True,
NP,Neptune Insurance Holdings Inc.,2974337434,31.71,901897,28599153.87,New York Stock Exchange,NYSE,US,Financial Services,Insurance - Brokers,False,False,True,
AGYS,"Agilysys, Inc.",2966120666,105.16,212458,22342083.28,NASDAQ,NASDAQ,US,Technology,Software - Application,False,False,True,
WT,"WisdomTree, Inc.",2962467170,19.37,2697660,52253674.20,New York Stock Exchange,NYSE,US,Financial Services,Asset Management,False,False,True,
FIZZ,National Beverage Corp.,2961886907,31.64,309845,9803495.80,NASDAQ Global Select,NASDAQ,US,Consumer Defensive,Beverages - Non-Alcoholic,False,False,True,
FSK,FS KKR Capital Corp.,2960302197,10.57,1301284,13754571.88,New York Stock Exchange,NYSE,US,Financial Services,Asset Management,False,False,True,
STUB,"StubHub Holdings, Inc.",2959800812,8.44,2893451,24420726.44,New York Stock Exchange,NYSE,US,Communication Services,Internet Content & Information,False,False,True,
NTCT,"NetScout Systems, Inc.",2956782084,40.67,462679,18817154.93,NASDAQ Global Select,NASDAQ,US,Technology,Software - Infrastructure,False,False,True,
CXW,"CoreCivic, Inc.",2956764954,29.9,444326,13285347.4,New York Stock Exchange,NYSE,US,Real Estate,REIT - Specialty,False,False,True,
CBZ,"CBIZ, Inc.",2954970396,55.08,1353200,74534256.00,New York Stock Exchange,NYSE,US,Industrials,Specialty Business Services,False,False,True,
NIC,"Nicolet Bankshares, Inc.",2952271420,170.92,82712,14137135.04,New York Stock Exchange,NYSE,US,Financial Services,Banks - Regional,False,False,True,
BANC,"Banc of California, Inc.",2943833750,19.15,3529629,67592395.35,New York Stock Exchange,NYSE,US,Financial Services,Banks - Regional,False,False,True,
ASO,"Academy Sports and Outdoors, Inc.",2942771704,47.45,924265,43856374.25,NASDAQ Global Select,NASDAQ,US,Consumer Cyclical,Specialty Retail,False,False,True,
GRAL,GRAIL Inc.,2942361410,68.56,552429,37874532.24,NASDAQ,NASDAQ,US,Healthcare,Biotechnology,False,False,True,
IRON,"Disc Medicine, Inc.",2941329853,77,355410,27366570,NASDAQ Global Market,NASDAQ,US,Healthcare,Biotechnology,False,False,True,
ADEA,Adeia Inc.,2939335100,26.65,1251353,33348557.45,NASDAQ Global Select,NASDAQ,US,Technology,Software - Application,False,False,True,
MZTI,The Marzetti Company,2930629857,106.87,345673,36942073.51,NASDAQ Global Market,NASDAQ,US,Consumer Defensive,Packaged Foods,False,False,True,
TR,"Tootsie Roll Industries, Inc.",2929227615,39.02,88069,3436452.38,New York Stock Exchange,NYSE,US,Consumer Defensive,Food Confectioners,False,False,True,
FRPT,"Freshpet, Inc.",2925961776,59.54,715911,42625340.94,NASDAQ Global Market,NASDAQ,US,Consumer Defensive,Packaged Foods,False,False,True,
TDC,Teradata Corporation,2916159000,30.99,1503248,46585655.52,New York Stock Exchange,NYSE,US,Technology,Software - Infrastructure,False,False,True,
GPOR,Gulfport Energy Corp,2899760968,161.37,251304,40552926.48,New York Stock Exchange,NYSE,US,Energy,Oil & Gas Exploration & Production,False,False,True,
DBRG,"DigitalBridge Group, Inc.",2894243640,15.87,5334204,84653817.48,New York Stock Exchange,NYSE,US,Financial Services,Asset Management,False,False,True,
AEO,"American Eagle Outfitters, Inc.",2878904140,17.18,4468944,76776457.92,New York Stock Exchange,NYSE,US,Consumer Cyclical,Apparel - Retail,False,False,True,
PLUG,Plug Power Inc.,2873844200,2.06,37718784,77700695.04,NASDAQ Capital Market,NASDAQ,US,Industrials,Electrical Equipment & Parts,False,False,True,
BHE,"Benchmark Electronics, Inc.",2865330423,79.77,411446,32821047.42,New York Stock Exchange,NYSE,US,Technology,"Hardware, Equipment & Parts",False,False,True,
UUUU,Energy Fuels Inc.,2859074962,11.44,7405613,84720212.72,New York Stock Exchange American,AMEX,US,Energy,Uranium,False,False,True,
UE,Urban Edge Properties,2855613064,22.66,527403,11950951.98,New York Stock Exchange,NYSE,US,Real Estate,REIT - Retail,False,False,True,
UAA,"Under Armour, Inc.",2836828647,6.65,6315646,41999045.90,New York Stock Exchange,NYSE,US,Consumer Cyclical,Apparel - Manufacturers,False,False,True,
NVTS,Navitas Semiconductor Corp,2835469980,10.86,12870299,139771447.14,NASDAQ,NASDAQ,US,Technology,Semiconductors,False,False,True,
VVX,"V2X, Inc.",2825458076,90.24,545209,49199660.16,New York Stock Exchange,NYSE,US,Industrials,Aerospace & Defense,False,False,True,
HUBG,"Hub Group, Inc.",2818722584,46.53,711575,33109584.75,NASDAQ,NASDAQ,US,Industrials,Integrated Freight & Logistics,False,False,True,
MGRC,McGrath RentCorp,2812619355,115.15,263394,30329819.10,NASDAQ Global Select,NASDAQ,US,Industrials,Rental & Leasing Services,False,False,True,
CTRI,"Centuri Holdings, Inc.",2810020934,27.84,1553272,43243092.48,New York Stock Exchange,NYSE,US,Utilities,Regulated Gas,False,False,True,
FCPT,"Four Corners Property Trust, Inc.",2809579443,25.6,497847,12744883.2,New York Stock Exchange,NYSE,US,Real Estate,REIT - Retail,False,False,True,
BRZE,"Braze, Inc.",2806781191,24.92,1901813,47393179.96,NASDAQ Global Select,NASDAQ,US,Technology,Software - Application,False,False,True,
ABM,ABM Industries Inc.,2806610919,47.91,550228,26361423.48,New York Stock Exchange,NYSE,US,Industrials,Specialty Business Services,False,False,True,
TBBK,"The Bancorp, Inc.",2792421824,67.07,607799,40765078.93,NASDAQ Global Select,NASDAQ,US,Financial Services,Banks - Regional,False,False,True,
VC,Visteon Corporation,2790592955,104.54,428713,44817657.02,NASDAQ Global Select,NASDAQ,US,Consumer Cyclical,Auto - Parts,False,False,True,
KWR,Quaker Houghton,2787654528,160.52,246386,39549880.72,New York Stock Exchange,NYSE,US,Basic Materials,Chemicals - Specialty,False,False,True,
APAM,Artisan Partners Asset Management Inc.,2785775405,39.24,606889,23814324.36,New York Stock Exchange,NYSE,US,Financial Services,Asset Management,False,False,True,
WOR,"Worthington Industries, Inc.",2785013543,56.21,139944,7866252.24,New York Stock Exchange,NYSE,US,Industrials,Manufacturing - Metal Fabrication,False,False,True,
TRMK,Trustmark Corporation,2780835720,47.45,333225,15811526.25,NASDAQ Global Select,NASDAQ,US,Financial Services,Banks - Regional,False,False,True,
MPT,"Medical Properties Trust, Inc.",2769203000,4.63,5343536,24740571.68,New York Stock Exchange,NYSE,US,Real Estate,REIT - Healthcare Facilities,False,False,True,
UA,"Under Armour, Inc.",2768574123,6.49,1911390,12404921.10,New York Stock Exchange,NYSE,US,Consumer Cyclical,Apparel - Manufacturers,False,False,True,
GPCR,Structure Therapeutics Inc.,2765502635,48.04,397882,19114251.28,NASDAQ Global Market,NASDAQ,US,Healthcare,Biotechnology,False,False,True,
MGNI,"Magnite, Inc.",2764049558,19.3,1310328,25289330.4,NASDAQ Global Select,NASDAQ,US,Communication Services,Advertising Agencies,False,False,True,
AVPT,"AvePoint, Inc.",2762584064,13.03,1690215,22023501.45,NASDAQ Global Select,NASDAQ,US,Technology,Software - Infrastructure,False,False,True,
IVT,InvenTrust Properties Corp.,2759708696,35.41,509726,18049397.66,New York Stock Exchange,NYSE,US,Real Estate,REIT - Retail,False,False,True,
UWMC,UWM Holdings Corporation,2758839536,1.82,16737840,30462868.80,New York Stock Exchange,NYSE,US,Financial Services,Financial - Mortgages,False,False,True,
ACHC,"Acadia Healthcare Company, Inc.",2757630146,29.62,2182128,64634631.36,NASDAQ Global Select,NASDAQ,US,Healthcare,Medical - Care Facilities,False,False,True,
PENN,"PENN Entertainment, Inc.",2745773579,20.53,2617692,53741216.76,NASDAQ Global Select,NASDAQ,US,Consumer Cyclical,"Gambling, Resorts & Casinos",False,False,True,
WLY,"John Wiley & Sons, Inc.",2738687564,52.2,350698,18306435.6,New York Stock Exchange,NYSE,US,Communication Services,Publishing,False,False,True,
NBTB,NBT Bancorp Inc.,2738338715,52.65,449111,23645694.15,NASDAQ,NASDAQ,US,Financial Services,Banks - Regional,False,False,True,
DJT,Trump Media & Technology Group Corp.,2730764744,9.86,5568497,54905380.42,NASDAQ Global Market,NASDAQ,US,Communication Services,Internet Content & Information,False,False,True,
PHIN,PHINIA Inc.,2724342863,73.59,497271,36594172.89,New York Stock Exchange,NYSE,US,Consumer Cyclical,Auto - Parts,False,False,True,
ESTA,Establishment Labs Holdings Inc.,2723488291,92.54,308167,28517774.18,NASDAQ Capital Market,NASDAQ,US,Healthcare,Medical - Devices,False,False,True,
HNI,HNI Corporation,2723093387,45.01,1226412,55200804.12,New York Stock Exchange,NYSE,US,Consumer Cyclical,"Furnishings, Fixtures & Appliances",False,False,True,
WAFD,"WaFd, Inc.",2719292257,36.77,594548,21861529.96,NASDAQ Global Select,NASDAQ,US,Financial Services,Banks - Regional,False,False,True,
NESR,National Energy Services Reunited Corp.,2718841995,26.96,1238227,33382599.92,NASDAQ Capital Market,NASDAQ,US,Energy,Oil & Gas Equipment & Services,False,False,True,
FRME,First Merchants Corporation,2718799278,43.14,318192,13726802.88,NASDAQ Global Select,NASDAQ,US,Financial Services,Banks - Regional,False,False,True,
EEFT,"Euronet Worldwide, Inc.",2715896455,71.33,1151734,82153186.22,NASDAQ Global Select,NASDAQ,US,Technology,Software - Infrastructure,False,False,True,
PATK,"Patrick Industries, Inc.",2715721645,82.55,429881,35486676.55,NASDAQ Global Select,NASDAQ,US,Consumer Cyclical,"Furnishings, Fixtures & Appliances",False,False,True,
ALRM,"Alarm.com Holdings, Inc.",2707967850,54.75,350645,19197813.75,NASDAQ Global Select,NASDAQ,US,Technology,Software - Application,False,False,True,
DRH,DiamondRock Hospitality Company,2707455425,13.24,4466329,59134195.96,NASDAQ Global Select,NASDAQ,US,Real Estate,REIT - Hotel & Motel,False,False,True,
DCO,Ducommun Incorporated,2700624112,179.02,194397,34800950.94,New York Stock Exchange,NYSE,US,Industrials,Aerospace & Defense,False,False,True,
PENG,"Penguin Solutions, Inc.",2696903301,52.63,2765290,145537212.70,NASDAQ Global Market,NASDAQ,US,Technology,"Hardware, Equipment & Parts",False,False,True,
SPSC,"SPS Commerce, Inc.",2694345200,73.39,1402471,102927346.69,NASDAQ Global Select,NASDAQ,US,Technology,Software - Application,False,False,True,
CENT,Central Garden & Pet Company,2693671907,43.05,73782,3176315.10,NASDAQ Global Select,NASDAQ,US,Consumer Defensive,Household & Personal Products,False,False,True,
BCC,Boise Cascade Company,2687792036,76.38,203622,15552648.36,New York Stock Exchange,NYSE,US,Basic Materials,"Paper, Lumber & Forest Products",False,False,True,
XRAY,DENTSPLY SIRONA Inc.,2678367752,13.37,3593890,48050309.30,NASDAQ,NASDAQ,US,Healthcare,Medical - Instruments & Supplies,False,False,True,
BKV,BKV Corporation,2675596481,24.46,588945,14405594.70,New York Stock Exchange,NYSE,US,Energy,Oil & Gas Exploration & Production,False,False,True,
HWKN,"Hawkins, Inc.",2672641230,128.03,284306,36399697.18,NASDAQ Global Select,NASDAQ,US,Basic Materials,Chemicals - Specialty,False,False,True,
ATRO,Astronics Corporation,2671779872,69.49,295385,20526303.65,NASDAQ,NASDAQ,US,Industrials,Aerospace & Defense,False,False,True,
ELLA,Ellington Credit Co. 8.5% 30-MAR-2031,2671362750,25.095,4336,108811.920,New York Stock Exchange,NYSE,US,Financial Services,Asset Management,False,False,True,
SOUN,"SoundHound AI, Inc.",2670682742,6.13,35380829,216884481.77,NASDAQ Global Market,NASDAQ,US,Technology,Software - Application,False,False,True,
